TF,context,n_mito_total,n_oxphos,n_mitoribo,n_apoptosis_pro,n_apoptosis_anti,apop_balance,apoptosis_pro_genes,apoptosis_anti_genes,n_metab_other,k,frac,hyperg_p,bh_fdr
GTF3A,BA_LE,67,26,20,0,0,0,,,21,154,0.43506493506493504,2.6313633903806017e-45,5.7047958303451447e-42
SNAPC5,BA_LE,55,30,16,0,0,0,,,9,106,0.5188679245283019,1.3160962773706413e-42,1.4266483646697752e-39
SNAPC5,AP_LE,50,32,10,0,0,0,,,8,90,0.5555555555555556,8.364254211717268e-41,6.044567710334345e-38
THAP3,BA_LE,61,21,19,1,0,1,Bid,,20,149,0.40939597315436244,1.9735704553636426e-39,1.0696751868070942e-36
THAP4,BA_LE,61,20,20,0,0,0,,,21,163,0.37423312883435583,1.010700195626325e-36,4.382396048235745e-34
MYC,BA_LE,124,19,25,1,0,1,Bid,,79,700,0.17714285714285713,5.002107543428066e-35,1.8074281923586747e-32
MTERF3,BA_LE,48,13,16,0,0,0,,,19,108,0.4444444444444444,2.7889655923864563e-33,8.637824863276911e-31
HMGN3,BA_LE,89,32,20,0,0,0,,,37,399,0.22305764411027568,5.561327886243011e-33,1.413495332386356e-30
CHCHD3,BA_LE,50,19,11,0,0,0,,,20,120,0.4166666666666667,5.8678311768806295e-33,1.413495332386356e-30
ZNF511,BA_LE,69,19,21,0,0,0,,,29,242,0.28512396694214875,8.691325240354435e-33,1.8842793121088417e-30
THAP3,AP_LE,50,25,9,0,0,0,,,16,128,0.390625,2.413804726333496e-31,4.757389678810018e-29
GTF3A,AP_LE,49,27,8,0,0,0,,,14,134,0.3656716417910448,3.623650974880377e-29,6.546729427950547e-27
ZNF576,BA_LE,48,17,14,0,0,0,,,17,147,0.32653061224489793,4.748130560477796e-26,7.918420811627586e-24
NKX25,BA_LE,32,21,4,0,0,0,,,7,60,0.5333333333333333,8.651904291921079e-26,1.33980917892035e-23
TBP,BA_LE,82,17,18,2,0,2,"Bak1,Bid",,45,428,0.19158878504672897,1.192093183169104e-25,1.722972014073745e-23
HMGN3,AP_LE,70,34,12,0,0,0,,,24,320,0.21875,1.4285487135000727e-25,1.9356835067925985e-23
CHCHD3,AP_LE,41,22,8,0,0,0,,,11,107,0.38317757009345793,1.5545970473512579e-25,1.9825684697985453e-23
THAP4,AP_LE,46,23,8,1,0,1,Bok,,14,140,0.32857142857142857,3.794387282376696e-25,4.5701286823292645e-23
TCF15,AP_LE,43,29,5,0,0,0,,,9,122,0.3524590163934426,5.405365187725772e-25,6.167806172099723e-23
E2F1,BA_LE,114,20,21,2,0,2,"Bak1,Bid",,71,788,0.1446700507614213,2.8675977848111615e-24,3.108475998735299e-22
STAT3,BA_LE,91,20,19,1,0,1,Bak1,,51,542,0.16789667896678967,4.740206661729355e-24,4.893699067918687e-22
NKX25,AP_LE,29,25,2,0,0,0,,,2,53,0.5471698113207547,6.3973257295640694e-24,6.304273718952229e-22
TCF15,BA_LE,46,23,10,0,0,0,,,13,149,0.3087248322147651,7.561853953415504e-24,7.127869291741222e-22
ZNF232,BA_LE,51,17,14,0,0,0,,,20,187,0.2727272727272727,1.535827803674324e-23,1.3873644493191393e-21
CREB1,BA_LE,76,17,18,0,0,0,,,41,405,0.18765432098765433,2.9655630723276266e-23,2.571736296322518e-21
ZNF576,AP_LE,43,21,7,0,0,0,,,15,134,0.3208955223880597,3.9912761609403717e-23,3.3281102757379714e-21
ESRRA,AP_LE,47,22,8,0,0,0,,,17,165,0.28484848484848485,1.13676210265558e-22,9.127778661323324e-21
GATA1,BA_LE,89,14,19,0,0,0,,,56,565,0.15752212389380532,1.3839915676621741e-21,1.071604899532712e-19
ZNF32,BA_LE,39,20,9,0,0,0,,,10,121,0.32231404958677684,3.57500968394039e-21,2.6726279292354363e-19
ATF1,BA_LE,71,16,17,1,0,1,Bak1,,37,391,0.1815856777493606,6.14099155192508e-21,4.4378898948578575e-19
NR2C2,AP_LE,56,27,7,0,0,0,,,22,255,0.2196078431372549,9.194513872264431e-21,6.430227766151383e-19
BRF2,BA_LE,47,16,19,0,0,0,,,12,184,0.2554347826086957,1.7091160012693107e-20,1.157926090859958e-18
THAP1,BA_LE,66,11,17,1,0,1,Bid,,37,353,0.18696883852691218,3.064459571889821e-20,2.0132570763203433e-18
ZNF511,AP_LE,48,19,8,0,0,0,,,21,196,0.24489795918367346,4.5496148362393104e-20,2.9010485191078898e-18
MLX,BA_LE,34,5,12,2,0,2,"Bak1,Bid",,15,98,0.3469387755102041,8.753081533869479e-20,5.42190879012258e-18
JUN,BA_LE,89,15,21,2,0,2,"Bak1,Bid",,51,601,0.1480865224625624,9.33547569678163e-20,5.570377810912914e-18
ZNF706,BA_LE,36,18,7,0,0,0,,,11,111,0.32432432432432434,9.50664109796023e-20,5.570377810912914e-18
PREB,BA_LE,37,3,15,0,0,0,,,19,119,0.31092436974789917,1.4874336443472493e-19,8.486200370907465e-18
TCF7L2,BA_LE,73,13,16,0,0,0,,,44,440,0.16590909090909092,3.631597909932331e-19,2.01879596634187e-17
ZNF706,AP_LE,35,22,6,0,0,0,,,7,109,0.3211009174311927,4.450654139434448e-19,2.412254543573471e-17
ZNF232,AP_LE,45,20,9,0,0,0,,,16,183,0.2459016393442623,5.712379862239049e-19,3.020595010081526e-17
MYBL2,BA_LE,85,18,17,0,0,0,,,50,573,0.14834205933682373,5.907202563312861e-19,3.049241704110067e-17
RBPJ,BA_LE,44,13,12,0,0,0,,,19,176,0.25,7.08932707034233e-19,3.574339788023761e-17
THAP11,BA_LE,52,8,14,0,0,0,,,30,244,0.21311475409836064,9.271908662095153e-19,4.568522268050521e-17
ZKSCAN8,AP_LE,28,21,3,0,0,0,,,4,69,0.4057971014492754,1.190991706106684e-18,5.737933375198424e-17
ELK1,BA_LE,70,14,17,1,0,1,Bak1,,38,425,0.16470588235294117,3.022059628811303e-18,1.4243098424484576e-16
FAM200B,BA_LE,29,16,6,0,0,0,,,7,77,0.37662337662337664,3.3164822554867042e-18,1.5298156446585477e-16
REPIN1,AP_LE,29,10,7,0,0,0,,,12,80,0.3625,1.128176664728005e-17,5.095597935688156e-16
KLF1,BA_LE,63,7,16,1,0,1,Bak1,,39,365,0.1726027397260274,1.4606232259882394e-17,6.462512559066333e-16
CTCF,BA_LE,76,12,15,1,0,1,Bak1,,48,509,0.14931237721021612,3.2628404370736044e-17,1.4147676135151148e-15
ALX1,BA_LE,39,10,13,0,0,0,,,16,155,0.25161290322580643,5.517434713992167e-17,2.345450678418631e-15
TIGD5,BA_LE,32,1,13,0,0,0,,,18,105,0.3047619047619048,8.28759310354711e-17,3.4552888170173335e-15
RUNX1,BA_LE,79,15,19,1,0,1,Bid,,44,552,0.1431159420289855,9.082722312321952e-17,3.7153475420969804e-15
BRF2,AP_LE,36,16,9,0,0,0,,,11,135,0.26666666666666666,1.1769921736338525e-16,4.725405615626282e-15
ZNF691,BA_LE,38,3,12,0,0,0,,,23,151,0.25165562913907286,1.3807663569010265e-16,5.4427299304753195e-15
ZNF32,AP_LE,31,20,3,0,0,0,,,8,104,0.2980769230769231,5.073764428866933e-16,1.9642716574613414e-14
SETDB1,AP_LE,66,23,12,1,0,1,Bak1,,30,431,0.1531322505800464,1.2147322894203e-15,4.6202449183565095e-14
THAP7,BA_LE,35,5,16,0,0,0,,,14,138,0.2536231884057971,1.6975314825372947e-15,6.338468383317667e-14
MTERF3,AP_LE,27,8,11,0,0,0,,,8,81,0.3333333333333333,1.7249521891870037e-15,6.338468383317667e-14
RBPJ,AP_LE,43,14,9,0,0,0,,,20,207,0.20772946859903382,2.5903702383724414e-15,9.359871127985754e-14
ZNF830,BA_LE,32,7,12,0,0,0,,,13,117,0.27350427350427353,2.667496086223976e-15,9.48054346710423e-14
POU5F1B,AP_LE,30,18,5,0,0,0,,,7,104,0.28846153846153844,4.061035407498183e-15,1.4200523812025906e-13
CENPBD1,BA_LE,24,5,6,0,0,0,,,13,65,0.36923076923076925,4.508383596019166e-15,1.551456450185643e-13
THYN1,BA_LE,31,13,9,0,0,0,,,9,114,0.2719298245614035,8.660583200517495e-15,2.9337725591753013e-13
MYC,AP_LE,75,18,17,1,0,1,Bok,,39,552,0.1358695652173913,9.554450350420657e-15,3.186776670724921e-13
NFYB,BA_LE,67,9,11,1,0,1,Bak1,,46,468,0.14316239316239315,2.147004296043161e-14,7.052583808820565e-13
NME2,BA_LE,43,10,14,0,0,0,,,19,220,0.19545454545454546,2.5184728648326755e-14,8.149327120831702e-13
TBX5,BA_LE,50,21,6,1,0,1,Bak1,,22,290,0.1724137931034483,3.568234248180696e-14,1.1376370367729043e-12
ARNT,AP_LE,36,22,3,0,0,0,,,11,160,0.225,3.711864694748976e-14,1.166278646118229e-12
STAT3,AP_LE,58,21,14,1,0,1,Bak1,,22,375,0.15466666666666667,4.393431097076142e-14,1.360708374065868e-12
ZBTB33,AP_LE,52,17,11,0,0,0,,,24,317,0.1640378548895899,8.627747861426134e-14,2.6345010371227967e-12
GATA4,BA_LE,55,16,6,0,0,0,,,33,350,0.15714285714285714,1.0343860900475384e-13,3.1146514489209214e-12
MESP1,BA_LE,30,17,4,0,0,0,,,9,120,0.25,2.6642324460924557e-13,7.912405401545814e-12
TEAD4,AP_LE,58,15,12,1,0,1,Bok,,30,391,0.1483375959079284,2.75212306815042e-13,8.062976772635286e-12
MESP1,AP_LE,24,19,1,0,0,0,,,4,78,0.3076923076923077,4.729190626422057e-13,1.3670513704110694e-11
TEAD4,BA_LE,68,16,12,0,0,0,,,40,516,0.13178294573643412,7.694174786009138e-13,2.194864596851028e-11
CEBPG,BA_LE,36,4,9,0,0,0,,,23,180,0.2,1.5963212037406728e-12,4.494577103519193e-11
MAZ,BA_LE,57,7,11,1,0,1,Bid,,38,400,0.1425,2.4110418663806347e-12,6.701459956811816e-11
ZNF263,AP_LE,44,17,7,0,0,0,,,20,261,0.1685823754789272,2.7567652989442787e-12,7.565401478621768e-11
ZNF749,BA_LE,31,6,13,0,0,0,,,12,139,0.22302158273381295,2.835525836549015e-12,7.684275017047832e-11
DMTF1,BA_LE,25,4,11,0,0,0,,,10,92,0.2717391304347826,3.468321655249053e-12,9.283112776024627e-11
POU5F1B,BA_LE,27,13,7,0,0,0,,,7,108,0.25,4.14258873600784e-12,1.0952600463006093e-10
TBP,AP_LE,48,19,12,1,0,1,Bak1,,16,307,0.1563517915309446,4.742742606176635e-12,1.2388272253242103e-10
SNAPC5,HS_LE,15,10,2,0,0,0,,,3,31,0.4838709677419355,5.650542551836208e-12,1.4583781252834403e-10
TTF1,AP_LE,25,14,8,0,0,0,,,3,95,0.2631578947368421,7.56546643085634e-12,1.9296389673054761e-10
HES1,AP_LE,27,20,3,0,0,0,,,4,111,0.24324324324324326,8.317618513839425e-12,2.0968135974423108e-10
ZNF581,BA_LE,30,4,14,1,0,1,Bak1,,11,136,0.22058823529411764,8.570988848471286e-12,2.1358510141937643e-10
ZBTB11,AP_LE,33,11,5,0,0,0,,,17,166,0.19879518072289157,1.6101195012269544e-11,3.9667489530227695e-10
SREBF2,BA_LE,46,7,13,0,0,0,,,26,300,0.15333333333333332,2.6351861947680235e-11,6.419195135120309e-10
E2F1,AP_LE,70,22,11,1,0,1,Bak1,,36,587,0.11925042589437819,3.910328121113914e-11,9.419545962861072e-10
CREB3,BA_LE,34,7,11,1,0,1,Bid,,15,182,0.18681318681318682,4.7930006899064637e-11,1.1418929116172762e-9
PPARG,BA_LE,54,10,8,1,0,1,Bid,,35,398,0.135678391959799,6.205494638743906e-11,1.462338301825738e-9
KLF1,AP_LE,44,8,9,1,0,1,Bak1,,26,286,0.15384615384615385,6.390470755164376e-11,1.4897355480856308e-9
ELK1,AP_LE,48,13,11,1,0,1,Bak1,,23,332,0.14457831325301204,8.030166038401652e-11,1.8415449378809197e-9
ZBTB33,BA_LE,44,7,6,0,0,0,,,31,288,0.1527777777777778,8.069500419681152e-11,1.8415449378809197e-9
CEBPZ,BA_LE,45,10,11,0,0,0,,,24,299,0.1505016722408027,8.19049367730186e-11,1.84968648879067e-9
PBX3,BA_LE,54,10,15,0,0,0,,,29,403,0.13399503722084366,9.989124140704015e-11,2.2326207357779693e-9
REXO4,BA_LE,27,2,9,0,0,0,,,16,123,0.21951219512195122,1.0600276008960944e-10,2.3450406517782987e-9
GABPA,AP_LE,50,16,13,1,0,1,Bak1,,20,359,0.1392757660167131,1.2583850674316941e-10,2.7557361880726394e-9
GATA2,BA_LE,54,6,9,1,0,1,Bid,,38,406,0.1330049261083744,1.3230341004960617e-10,2.8683379298754615e-9
E2F6,BA_LE,55,5,12,1,0,1,Bid,,37,422,0.13033175355450238,1.9338765615685258e-10,4.151133054931252e-9
FOXA2,BA_LE,55,12,14,0,0,0,,,29,425,0.12941176470588237,2.5295747039847386e-10,5.376586233567562e-9
MAFF,AP_LE,41,17,9,0,0,0,,,15,266,0.15413533834586465,2.706950783605806e-10,5.697737183356687e-9
ZNF3,AP_LE,23,11,4,0,0,0,,,8,96,0.23958333333333334,4.030482722228938e-10,8.40200629018494e-9
NR2F2,BA_LE,45,8,11,0,0,0,,,26,314,0.14331210191082802,4.2059695283664725e-10,8.684325654760488e-9
TFAP2C,BA_LE,56,12,8,0,0,0,,,36,445,0.1258426966292135,5.036693003407379e-10,1.0301462671119999e-8
SMYD3,BA_LE,20,9,6,0,0,0,,,5,77,0.2597402597402597,1.2074673311330363e-9,2.446531938220956e-8
MYCN,BA_LE,57,3,14,1,0,1,Bak1,,39,468,0.12179487179487179,1.2190102126467559e-9,2.4470501305723765e-8
ATF1,AP_LE,42,14,10,1,0,1,Bak1,,17,292,0.14383561643835616,1.4409337558686407e-9,2.8660040208469846e-8
SPEN,AP_LE,18,14,3,0,0,0,,,1,63,0.2857142857142857,1.5157469783476826e-9,2.987399499143433e-8
MYBL2,AP_LE,57,16,14,0,0,0,,,27,471,0.12101910828025478,1.5489719191736312e-9,3.025379388079669e-8
THAP7,AP_LE,24,5,7,0,0,0,,,12,111,0.21621621621621623,1.5908892859615082e-9,3.079507117825491e-8
ZNF384,AP_LE,39,15,8,1,0,1,Bak1,,15,260,0.15,1.6480875964704184e-9,3.161994609865369e-8
GATA3,BA_LE,48,8,6,0,0,0,,,34,363,0.1322314049586777,1.731947665911743e-9,3.29373906990935e-8
POU5F1,BA_LE,59,8,13,0,0,0,,,38,498,0.11847389558232932,1.7995789780502148e-9,3.392597586445971e-8
ZNF408,BA_LE,22,2,9,1,0,1,Bak1,,10,96,0.22916666666666666,2.384781525546742e-9,4.457074437401153e-8
SP1,AP_LE,41,13,7,1,0,1,Bak1,,20,287,0.14285714285714285,2.7741680083161384e-9,5.140509608572127e-8
ZNF830,AP_LE,25,11,5,0,0,0,,,9,123,0.2032520325203252,2.8501066192684494e-9,5.236467076757626e-8
CREB1,AP_LE,44,16,11,0,0,0,,,17,323,0.13622291021671826,3.293464712969192e-9,6.000194535896814e-8
E2F6,AP_LE,46,11,10,0,0,0,,,25,350,0.13142857142857142,4.600050880997404e-9,8.310758591668643e-8
THAP1,AP_LE,40,8,9,1,0,1,Bok,,22,283,0.1413427561837456,5.905206126375595e-9,1.0580567671059744e-7
JUN,AP_LE,52,18,14,1,0,1,Bak1,,19,428,0.12149532710280374,7.142327407353553e-9,1.2593550410734745e-7
HESX1,AP_LE,28,14,5,0,0,0,,,9,157,0.17834394904458598,7.144864854798772e-9,1.2593550410734745e-7
TFAP2A,BA_LE,56,9,7,0,0,0,,,40,479,0.11691022964509394,7.564524769258376e-9,1.3225717499800128e-7
ZNF771,AP_LE,21,9,3,0,0,0,,,9,94,0.22340425531914893,8.937430332630851e-9,1.550107916891495e-7
FAM200B,HS_LE,12,9,0,0,0,0,,,3,30,0.4,1.146966146366001e-8,1.9735100042234048e-7
HESX1,BA_LE,28,11,6,0,0,0,,,11,161,0.17391304347826086,1.2699717746970788e-8,2.1679518169632024e-7
SRF,AP_LE,40,10,3,2,0,2,"Bak1,Bok",,25,291,0.13745704467353953,1.3181711129155629e-8,2.2326523225007346e-7
MYC,BA_TEB,58,3,6,1,0,1,Bid,,48,513,0.11306042884990253,1.3845459729356061e-8,2.326895867693329e-7
YY1,AP_LE,42,9,17,0,0,0,,,16,318,0.1320754716981132,1.8677247877819463e-8,3.1147902614702e-7
GTF2B,AP_LE,38,16,8,1,0,1,Bak1,,13,276,0.13768115942028986,2.9029857067792384e-8,4.767934100225295e-7
ZNF771,BA_LE,22,6,5,0,0,0,,,11,109,0.2018348623853211,2.8821538530613993e-8,4.767934100225295e-7
ZNF32,HS_LE,14,9,1,0,0,0,,,4,45,0.3111111111111111,3.015438088620473e-8,4.915390809119688e-7
MBD4,AP_LE,41,11,11,0,0,0,,,19,312,0.13141025641025642,3.1827232622996987e-8,5.149361218407273e-7
RFX5,AP_LE,41,14,7,1,0,1,Bak1,,19,313,0.13099041533546327,3.485772376310183e-8,5.597892230992946e-7
NFYB,AP_LE,43,13,6,1,0,1,Bak1,,23,342,0.12573099415204678,5.394935137514306e-8,8.600161307449277e-7
ESRRG,BA_LE,20,13,0,0,0,0,,,7,95,0.21052631578947367,5.8244925949844565e-8,9.217153245201679e-7
XBP1,BA_LE,30,5,5,1,0,1,Bak1,,19,194,0.15463917525773196,6.210606205444226e-8,9.756952357538466e-7
DRAP1,BA_LE,28,11,8,0,0,0,,,9,173,0.16184971098265896,6.32403201274509e-8,9.863670074554933e-7
NR2F6,BA_LE,31,1,6,0,0,0,,,24,206,0.15048543689320387,7.127022100083863e-8,1.103670279498701e-6
PREB,AP_LE,17,2,5,0,0,0,,,10,71,0.23943661971830985,7.803375262844167e-8,1.1998381255210037e-6
MAZ,AP_LE,40,9,7,2,0,2,"Bak1,Bok",,22,312,0.1282051282051282,9.236041497476223e-8,1.4101223920090459e-6
SREBF1,AP_LE,34,9,5,1,0,1,Bok,,19,243,0.13991769547325103,1.0409685797780764e-7,1.5781957209502587e-6
TCF7L2,AP_LE,40,11,9,0,0,0,,,20,316,0.12658227848101267,1.3059610083319275e-7,1.9661968514330685e-6
CTCF,AP_LE,43,13,8,1,0,1,Bak1,,21,359,0.11977715877437325,2.1475157955691426e-7,3.210906375719932e-6
E2F4,BA_LE,52,4,12,1,0,1,Bak1,,35,476,0.1092436974789916,2.3439305568902466e-7,3.4568989437673843e-6
TP53,BA_LE,52,9,11,1,0,1,Bid,,31,476,0.1092436974789916,2.3439305568902466e-7,3.4568989437673843e-6
PIN1,BA_LE,16,6,4,0,0,0,,,6,68,0.23529411764705882,2.432820403874812e-7,3.5637531321625625e-6
MLX,AP_LE,15,1,5,1,0,1,Bak1,,8,60,0.25,2.461407850224891e-7,3.5814310196560826e-6
MTERF3,BA_TEB,19,2,4,0,0,0,,,13,95,0.2,2.9193905021004024e-7,4.191548747386538e-6
ZNF768,AP_LE,19,9,5,0,0,0,,,5,95,0.2,2.9193905021004024e-7,4.191548747386538e-6
HOXB4,BA_LE,34,5,6,1,0,1,Bid,,22,255,0.13333333333333333,3.3413834448825126e-7,4.7658679661218995e-6
SREBF1,BA_LE,37,4,7,0,0,0,,,26,292,0.1267123287671233,3.743882752310423e-7,5.305057390201959e-6
PREB,BA_TEB,17,0,2,0,0,0,,,15,79,0.21518987341772153,4.0853227691587774e-7,5.751285560737812e-6
NKX25,HS_LE,8,7,0,0,0,0,,,1,16,0.5,4.1697147934346304e-7,5.832220433655663e-6
FOXA1,BA_LE,40,8,10,0,0,0,,,22,333,0.12012012012012012,5.259502513732472e-7,7.3093599037e-6
HMGN3,HS_LE,21,10,1,0,0,0,,,10,120,0.175,7.392202141888349e-7,1.0207830728416523e-5
NME2,AP_LE,24,10,3,0,0,0,,,11,153,0.1568627450980392,9.773900229110891e-7,1.3411275757412919e-5
ZNF837,BA_LE,21,1,6,0,0,0,,,14,123,0.17073170731707318,1.125482679892134e-6,1.5346204088088973e-5
TCF3,BA_LE,53,9,10,1,0,1,Bid,,33,515,0.1029126213592233,1.1576613643423347e-6,1.5686311486838637e-5
DACH1,BA_LE,30,4,9,0,0,0,,,17,222,0.13513513513513514,1.2211464465628358e-6,1.6443760845641168e-5
RUNX1,AP_LE,41,17,8,1,0,1,Bok,,15,357,0.11484593837535013,1.2373268715330787e-6,1.6558794181998237e-5
MBD3,BA_LE,29,6,7,0,0,0,,,16,211,0.13744075829383887,1.290611961836212e-6,1.716593087890127e-5
TFAP2C,AP_LE,36,10,6,0,0,0,,,20,296,0.12162162162162163,1.4391939231052426e-6,1.9025441617635156e-5
ZNF358,AP_LE,15,9,0,1,0,1,Bok,,5,69,0.21739130434782608,1.7004313109978655e-6,2.2342636862081044e-5
TP63,BA_LE,46,7,7,0,0,0,,,32,428,0.10747663551401869,1.822479718493564e-6,2.3802024275265344e-5
GTF3A,HS_LE,13,8,1,0,0,0,,,4,53,0.24528301886792453,1.9646796110873704e-6,2.550554129842766e-5
E2F1,BA_TEB,59,1,5,2,0,2,"Bak1,Bid",,51,611,0.09656301145662848,2.31691872879972e-6,2.9684206132854464e-5
THAP11,AP_LE,27,7,7,0,0,0,,,13,194,0.13917525773195877,2.327636089753348e-6,2.9684206132854464e-5
DMTF1,AP_LE,14,5,6,0,0,0,,,3,62,0.22580645161290322,2.322412683823679e-6,2.9684206132854464e-5
ZNF428,BA_LE,18,8,4,0,0,0,,,6,99,0.18181818181818182,2.5587481566469184e-6,3.244073686321941e-5
NFYB,BA_TEB,40,1,4,1,0,1,Bak1,,34,356,0.11235955056179775,2.8769297316609397e-6,3.626269568744719e-5
PRMT3,BA_LE,26,3,8,0,0,0,,,15,186,0.13978494623655913,3.281867869223727e-6,4.11276852050696e-5
KMT2B,AP_LE,21,6,4,0,0,0,,,11,133,0.15789473684210525,4.121345209516899e-6,5.1351013874900215e-5
MTERF1,BA_LE,16,1,4,0,0,0,,,11,83,0.1927710843373494,4.148908306467041e-6,5.1399046905260255e-5
IRF3,AP_LE,34,13,5,1,0,1,Bak1,,15,286,0.11888111888111888,4.647676883487465e-6,5.725092888295922e-5
TCF4,BA_LE,46,6,3,1,0,1,Bak1,,36,445,0.10337078651685393,5.210577257045908e-6,6.382221182641542e-5
TCF15,HS_LE,13,9,0,0,0,0,,,4,58,0.22413793103448276,5.804434553529312e-6,7.069670849467162e-5
THAP4,HS_LE,13,7,1,1,0,1,Bok,,4,59,0.22033898305084745,7.098223160434198e-6,8.597177548503542e-5
ETV4,BA_LE,35,2,7,0,0,0,,,26,306,0.11437908496732026,8.013746243197422e-6,9.600423923864627e-5
SIX5,HS_LE,18,5,2,1,0,1,Bok,,10,107,0.16822429906542055,8.015114069278124e-6,9.600423923864627e-5
HES1,BA_LE,21,13,2,0,0,0,,,6,139,0.1510791366906475,8.385432197725828e-6,9.988800552016262e-5
CENPX,BA_LE,13,1,4,0,0,0,,,8,61,0.21311475409836064,1.0468901527267129e-5,1.2402501918642151e-4
SOX2,BA_LE,44,13,6,0,0,0,,,25,433,0.10161662817551963,1.2790377824932508e-5,1.5070401698072652e-4
ZNF207,BA_LE,26,4,8,1,0,1,Bid,,13,201,0.12935323383084577,1.3642531265173862e-5,1.5987571774538884e-4
EGR1,AP_LE,47,12,4,2,0,2,"Bak1,Bok",,29,478,0.09832635983263599,1.5475660750154667e-5,1.7948624619653768e-4
NANOG,BA_LE,29,1,6,0,0,0,,,22,239,0.12133891213389121,1.5481516623040842e-5,1.7948624619653768e-4
POU5F1B,HS_LE,11,7,0,0,0,0,,,4,46,0.2391304347826087,1.5686734389893524e-5,1.8089808594302744e-4
ATF1,BA_TEB,32,2,4,1,0,1,Bak1,,25,278,0.11510791366906475,1.701850684189323e-5,1.9521758112817208e-4
TGIF2,BA_LE,32,4,7,0,0,0,,,21,280,0.11428571428571428,1.9670909679953025e-5,2.2445543255862187e-4
TFDP1,BA_LE,35,4,5,0,0,0,,,26,327,0.10703363914373089,3.327228266148217e-5,3.7766653827274e-4
FOXP2,BA_LE,34,6,7,0,0,0,,,21,314,0.10828025477707007,3.386882253918678e-5,3.8045392365262666e-4
NFYA,AP_LE,34,12,4,1,0,1,Bak1,,17,314,0.10828025477707007,3.386882253918678e-5,3.8045392365262666e-4
MESP1,HS_LE,9,7,0,0,0,0,,,2,35,0.2571428571428571,5.021984111104982e-5,5.61219667674e-4
MYC,HS_LE,26,7,2,1,0,1,Bok,,16,217,0.11981566820276497,5.202768829134214e-5,5.784411703365628e-4
GATA2,AP_LE,27,7,5,0,0,0,,,15,231,0.11688311688311688,5.805492106798874e-5,6.421585146704061e-4
ZNF143,AP_LE,32,9,7,1,0,1,Bak1,,15,296,0.10810810810810811,5.881760716363159e-5,6.47292245333773e-4
ZNF485,BA_LE,17,2,4,0,0,0,,,11,113,0.1504424778761062,6.257889500609367e-5,6.852072948141974e-4
TIGD5,AP_LE,14,0,6,0,0,0,,,8,82,0.17073170731707318,6.749705492661086e-5,7.35344799401469e-4
ZNF428,AP_LE,15,9,1,0,0,0,,,5,93,0.16129032258064516,7.408074610453117e-5,8.030352877731178e-4
CREB3,AP_LE,18,6,3,0,0,0,,,9,126,0.14285714285714285,7.712726473346418e-5,8.319000494634344e-4
ZNF581,AP_LE,16,3,4,1,0,1,Bak1,,8,105,0.1523809523809524,8.720788312402124e-5,9.35973715905337e-4
CDX4,BA_LE,17,5,3,0,0,0,,,9,117,0.1452991452991453,9.760052928991307e-5,0.0010353629009162543
ELK1,HS_LE,16,5,2,0,0,0,,,9,106,0.1509433962264151,9.790101230988566e-5,0.0010353629009162543
ZNF691,AP_LE,16,1,4,0,0,0,,,11,106,0.1509433962264151,9.790101230988566e-5,0.0010353629009162543
MYCN,AP_LE,36,4,9,1,0,1,Bak1,,22,359,0.10027855153203342,1.0042668825728323e-4,0.0010569177676785925
NCOA3,BA_LE,21,5,3,0,0,0,,,13,164,0.12804878048780488,1.0339123981366495e-4,0.0010814293469107214
ZNF511,HS_LE,13,4,2,0,0,0,,,7,75,0.17333333333333334,1.0375336907630536e-4,0.0010814293469107214
TBXT,BA_LE,22,1,1,0,0,0,,,20,177,0.12429378531073447,1.115396518741721e-4,0.001157023757240216
GATA1,HS_LE,20,6,2,0,0,0,,,12,153,0.13071895424836602,1.1247418976549864e-4,0.0011611621114838147
ELK1,BA_TEB,33,0,6,1,0,1,Bak1,,26,320,0.103125,1.1362760798230693e-4,0.001167510209031476
POU3F1,BA_LE,28,6,4,0,0,0,,,18,254,0.11023622047244094,1.194039787100527e-4,0.00122107465020469
ZNF358,HS_LE,8,4,0,1,0,1,Bok,,3,31,0.25806451612903225,1.283536337757492e-4,0.0013064351081024611
ZNF706,HS_LE,10,5,1,0,0,0,,,4,48,0.20833333333333334,1.334576369386262e-4,0.0013520381162754282
CREB3L1,BA_LE,25,1,8,0,0,0,,,16,217,0.1152073732718894,1.3557117711826704e-4,0.0013670619162437347
NPAS1,BA_LE,18,0,5,0,0,0,,,13,132,0.13636363636363635,1.4178608747968203e-4,0.0014231122113701417
ZNF837,AP_LE,14,1,2,0,0,0,,,11,88,0.1590909090909091,1.483726610444625e-4,0.0014823591204810814
THAP8,AP_LE,12,3,1,0,0,0,,,8,68,0.17647058823529413,1.590794381827398e-4,0.0015820377155054124
NFYB,HS_LE,17,5,1,0,0,0,,,11,122,0.13934426229508196,1.647570005613236e-4,0.001631019074049998
DRAP1,AP_LE,20,12,4,0,0,0,,,4,161,0.12422360248447205,2.2642434055039802e-4,0.002231308955969377
SOX11,BA_LE,28,7,6,0,0,0,,,15,265,0.10566037735849057,2.442672029849233e-4,0.0023962502084674832
THYN1,HS_LE,8,4,0,0,0,0,,,4,34,0.23529411764705882,2.5760499671842344e-4,0.002515710058042982
CENPX,AP_LE,8,2,3,0,0,0,,,3,35,0.22857142857142856,0.00031905245023171943,0.003101819336781918
TBP,BA_TEB,32,2,3,1,0,1,Bid,,26,329,0.0972644376899696,4.108641143065214e-4,0.003976577677752403
CEBPZ,AP_LE,27,9,4,0,0,0,,,14,262,0.10305343511450382,4.645632050570597e-4,0.004476324571394246
PAX5,BA_TEB,31,2,6,1,0,1,Bid,,22,319,0.09717868338557993,5.096725780560233e-4,0.004888914437212542
SREBF2,AP_LE,23,8,5,0,0,0,,,10,210,0.10952380952380952,5.11892793933232e-4,0.004888914437212542
KDM5B,AP_LE,41,14,8,2,0,2,"Bak1,Bok",,17,464,0.08836206896551724,5.182009041350888e-4,0.00492745421124944
SOX2,AP_LE,28,13,5,0,0,0,,,10,278,0.10071942446043165,5.316439888709326e-4,0.005013480348164852
ZZZ3,AP_LE,13,3,2,0,0,0,,,8,88,0.14772727272727273,5.318729151650904e-4,0.005013480348164852
TEAD4,HS_LE,18,5,2,1,0,1,Bok,,10,147,0.12244897959183673,5.442318085395048e-4,0.005107768661963837
MYBL2,BA_TEB,41,2,5,0,0,0,,,34,466,0.08798283261802575,5.647160793064665e-4,0.0052771743962776695
XPA,AP_LE,11,7,2,0,0,0,,,2,68,0.16176470588235295,6.424986939955505e-4,0.005978271109795508
THAP1,BA_TEB,26,1,3,1,0,1,Bid,,21,255,0.10196078431372549,6.88549745321583e-4,0.006379383965201675
ZNF511,BA_TEB,17,2,1,0,0,0,,,14,138,0.12318840579710146,7.159446686634921e-4,0.006604970390052983
ZNF324B,BA_LE,12,1,1,0,0,0,,,10,80,0.15,7.484855772522546e-4,0.006875918353741051
SOX9,BA_LE,30,4,8,0,0,0,,,18,314,0.09554140127388536,8.210998626561645e-4,0.007511158237293522
CENPX,BA_TEB,8,0,1,0,0,0,,,7,40,0.2,8.304530620634329e-4,0.007564799321653456
ZNF750,BA_LE,20,3,4,0,0,0,,,13,178,0.11235955056179775,8.386221865666467e-4,0.007607250629608745
SREBF1,HS_LE,14,4,1,1,0,1,Bok,,8,104,0.1346153846153846,8.582708520076371e-4,0.007753046696468989
STAT1,AP_LE,29,8,7,1,0,1,Bak1,,13,305,0.09508196721311475,0.0010720280963819697,0.009643804618075147
REXO4,AP_LE,15,0,6,0,0,0,,,9,119,0.12605042016806722,0.0011368328154471787,0.010184518776402824
ZNF670,BA_LE,19,4,6,0,0,0,,,9,170,0.11176470588235295,0.001190929499094279,0.010625247547474884
GATA2,BA_TEB,32,0,1,1,0,1,Bak1,,30,351,0.09116809116809117,0.0012286319743181823,0.010916697214433686
XBP1,BA_TEB,18,0,1,1,0,1,Bak1,,16,158,0.11392405063291139,0.0012731989634548475,0.01126651164395963
PAX6,BA_LE,22,2,7,0,0,0,,,13,212,0.10377358490566038,0.0013686155557764532,0.012012787550296966
TBX3,BA_LE,18,1,3,0,0,0,,,14,159,0.11320754716981132,0.0013685994100714244,0.012012787550296966
HES1,HS_LE,9,6,0,0,0,0,,,3,53,0.16981132075471697,0.001376112634377392,0.01202988786826688
JUN,BA_TEB,40,0,5,2,0,2,"Bak1,Bid",,33,473,0.08456659619450317,0.0013907500910489187,0.012109020873068496
SREBF1,BA_TEB,25,0,4,0,0,0,,,21,254,0.0984251968503937,0.0014256872449399801,0.012363559788119509
MYBL2,HS_LE,19,6,1,0,0,0,,,12,173,0.10982658959537572,0.0014650572407638883,0.012617577265947956
ZNF668,BA_LE,15,0,4,0,0,0,,,11,122,0.12295081967213115,0.0014666187596950578,0.012617577265947956
TCF4,BA_TEB,32,1,3,1,0,1,Bak1,,27,356,0.0898876404494382,0.0015453626520583296,0.01324247521605715
CEBPG,AP_LE,15,3,4,0,0,0,,,8,123,0.12195121951219512,0.0015929532562342006,0.013596545903605303
GATA4,HS_LE,14,5,1,1,0,1,Bok,,7,111,0.12612612612612611,0.0016297331083640902,0.013821770831327402
TMF1,BA_LE,13,0,4,0,0,0,,,9,99,0.13131313131313133,0.0016320910206733463,0.013821770831327402
ZNF749,AP_LE,15,2,5,0,0,0,,,8,124,0.12096774193548387,0.0017282614277228502,0.014579263717132838
RBPJ,HS_LE,8,5,1,0,0,0,,,2,45,0.17777777777777778,0.00185571147142144,0.015593730504037529
ZNF691,BA_TEB,15,1,1,0,0,0,,,13,125,0.12,0.0018730303251783343,0.015678493223886595
ZNF696,BA_LE,14,1,2,0,0,0,,,11,114,0.12280701754385964,0.0021035920929374325,0.017540721759570593
IRF3,HS_LE,12,2,1,0,0,0,,,9,91,0.13186813186813187,0.002342357763586411,0.01945682617415839
MYB,BA_LE,33,7,3,2,0,2,"Bak1,Bid",,21,381,0.08661417322834646,0.0024023238257971174,0.019878771199725764
ZNF589,AP_LE,15,2,0,0,0,0,,,13,130,0.11538461538461539,0.0027569842143272813,0.022726774816203596
MAFF,HS_LE,13,6,1,0,0,0,,,6,106,0.12264150943396226,0.0030225049672888407,0.02482117715561442
NANOG,AP_LE,18,2,5,0,0,0,,,11,171,0.10526315789473684,0.0030724498638427943,0.025136118131362937
HOXA5,HS_LE,6,1,1,0,0,0,,,4,29,0.20689655172413793,0.0030952201168057167,0.025227207568551856
FOXA2,HS_LE,14,4,1,1,0,1,Bok,,8,119,0.11764705882352941,0.003143487859252348,0.025524650482618316
FOXM1,BA_LE,33,5,5,0,0,0,,,23,388,0.08505154639175258,0.0031960686476668002,0.02580873344067155
GRHL2,BA_LE,23,2,5,0,0,0,,,16,241,0.0954356846473029,0.0032022828853969774,0.02580873344067155
MAZ,BA_TEB,28,0,1,1,0,1,Bid,,26,314,0.08917197452229299,0.0032916389568182847,0.026430641697711265
TCF3,AP_LE,30,8,2,0,0,0,,,20,344,0.0872093023255814,0.0033402872455309887,0.02672229796424791
PPARG,HS_LE,12,3,1,1,0,1,Bok,,7,95,0.12631578947368421,0.003367244785043321,0.026838921669021763
ZNF408,AP_LE,10,2,3,1,0,1,Bak1,,4,72,0.1388888888888889,0.0036037977437187165,0.02861917036037428
MBD4,HS_LE,13,3,1,0,0,0,,,9,110,0.11818181818181818,0.0041757491153813974,0.03304023387644843
E2F8,BA_LE,24,0,9,0,0,0,,,15,262,0.0916030534351145,0.004452014974171485,0.035098067141831925
ZNF787,BA_LE,13,1,5,0,0,0,,,7,111,0.11711711711711711,0.004513485932638786,0.03545375906507568
KDM5B,BA_TEB,41,1,3,0,0,0,,,37,527,0.0777988614800759,0.005427054704061408,0.04247600938052394
TEAD4,BA_TEB,33,3,2,0,0,0,,,28,403,0.08188585607940446,0.005672973450019613,0.04424103035842634
ZNF57,AP_LE,9,2,3,0,0,0,,,4,66,0.13636363636363635,0.006354444095038112,0.0493779025019449
HMG20B,BA_LE,12,0,3,0,0,0,,,9,103,0.11650485436893204,0.006493273418070791,0.05027648846563384
CENPBD1,AP_LE,7,2,4,0,0,0,,,1,44,0.1590909090909091,0.006672140512748037,0.05147758231899553
HMGN3,BA_TEB,23,1,2,0,0,0,,,20,258,0.08914728682170543,0.007291070000865336,0.05605333248892216
ZNF837,BA_TEB,10,1,0,0,0,0,,,9,80,0.125,0.007668406332239081,0.058745953810227305
ZNF750,AP_LE,14,3,3,0,0,0,,,8,134,0.1044776119402985,0.008984180063512216,0.06858345907638902
NR2F6,BA_TEB,15,0,0,0,0,0,,,15,148,0.10135135135135136,0.009173326466107473,0.06978165536323158
E2F6,BA_TEB,29,2,1,1,0,1,Bid,,25,356,0.08146067415730338,0.00974768012294268,0.07389150526762144
ZNF587B,BA_LE,8,0,0,0,0,0,,,8,59,0.13559322033898305,0.010170600520086866,0.07682878720400113
HOXA5,BA_LE,11,1,2,0,0,0,,,8,97,0.1134020618556701,0.010879628541507586,0.08189942596523767
THAP8,HS_LE,5,0,1,0,0,0,,,4,27,0.18518518518518517,0.011087870191689149,0.08317820960409023
ZNF428,HS_LE,8,3,0,0,0,0,,,5,60,0.13333333333333333,0.011222365196912332,0.08389685429967564
TFAP2C,BA_TEB,29,1,2,0,0,0,,,26,361,0.08033240997229917,0.011660045331226837,0.08686934116185492
FOXA1,BA_TEB,22,1,0,1,0,1,Bak1,,20,254,0.08661417322834646,0.011739614704053852,0.08716261876160532
YBX1,BA_LE,13,4,2,0,0,0,,,7,125,0.104,0.011980005088142067,0.08844964679868315
ZNF324B,BA_TEB,7,1,0,0,0,0,,,6,49,0.14285714285714285,0.011994555423806664,0.08844964679868315
MYCN,BA_TEB,31,0,2,1,0,1,Bak1,,28,394,0.07868020304568528,0.012331432398698846,0.09054864187047983
PBX3,HS_LE,12,1,1,0,0,0,,,10,112,0.10714285714285714,0.01236272970187363,0.09054864187047983
NANOG,BA_TEB,19,0,0,0,0,0,,,19,211,0.09004739336492891,0.012558459660503271,0.09167252708407775
TFCP2,BA_LE,10,2,1,0,0,0,,,7,87,0.11494252873563218,0.013539170156461196,0.09849973456110024
MSX1,HS_LE,6,3,0,0,0,0,,,3,39,0.15384615384615385,0.01376879480660396,0.09983527471811834
TP53,AP_LE,28,8,6,0,0,0,,,14,352,0.07954545454545454,0.014696317001421336,0.10620538419693819
PA2G4,BA_LE,17,0,2,0,0,0,,,15,186,0.0913978494623656,0.015371258096680869,0.1103473097801461
RUNX1,HS_LE,14,3,1,1,0,1,Bok,,9,143,0.0979020979020979,0.015347259568783713,0.1103473097801461
ZNF670,AP_LE,15,4,5,0,0,0,,,6,159,0.09433962264150944,0.01691792370863688,0.12104969835090679
PRMT3,BA_TEB,16,1,3,0,0,0,,,12,174,0.09195402298850575,0.017409797641882642,0.12375226651672645
ZNF691,HS_LE,6,0,0,0,0,0,,,6,41,0.14634146341463414,0.01740776407861829,0.12375226651672645
FOS,AP_LE,24,8,2,0,0,0,,,14,295,0.08135593220338982,0.017787690545539886,0.12602520621807342
RFX5,HS_LE,12,2,1,0,0,0,,,9,118,0.1016949152542373,0.01810680835084515,0.12786827525938854
BHLHE40,BA_TEB,24,2,2,1,0,1,Bid,,19,296,0.08108108108108109,0.018451700009573028,0.1294604712645771
TFAP2A,AP_LE,24,7,3,0,0,0,,,14,296,0.08108108108108109,0.018451700009573028,0.1294604712645771
EGR1,BA_TEB,42,1,2,2,0,2,"Bak1,Bid",,37,587,0.07155025553662692,0.018898583437594086,0.13216815771839993
ZBTB45,BA_LE,10,0,2,0,0,0,,,8,92,0.10869565217391304,0.019443003940577838,0.1355383683060217
THAP7,HS_LE,5,1,2,0,0,0,,,2,31,0.16129032258064516,0.019721304675745895,0.13659996337705144
ZNF771,HS_LE,5,2,1,0,0,0,,,2,31,0.16129032258064516,0.019721304675745895,0.13659996337705144
TCF3,BA_TEB,32,0,0,1,0,1,Bid,,31,425,0.07529411764705882,0.019813533149929025,0.1368017193281724
CEBPZ,BA_TEB,20,2,3,0,0,0,,,15,237,0.08438818565400844,0.020302027056495503,0.1397295068523246
SMAD4,AP_LE,13,6,1,0,0,0,,,6,135,0.0962962962962963,0.021533059041792195,0.1477331392487515
ZNF239,BA_LE,15,2,3,0,0,0,,,10,164,0.09146341463414634,0.021771636068385693,0.14889876024056842
E2F5,BA_LE,21,4,6,0,0,0,,,11,255,0.08235294117647059,0.02257191515011406,0.15388651586618643
ZBED6,AP_HE,2,0,0,0,0,0,,,2,5,0.4,0.023726258141871542,0.16124930298300158
XBP1,HS_LE,7,1,1,0,0,0,,,5,56,0.125,0.023822275945817293,0.16139591953291216
FOXA2,BA_TEB,27,0,3,0,0,0,,,24,351,0.07692307692307693,0.024029601126840657,0.16229338081928518
NR2F2,HS_LE,11,5,1,0,0,0,,,5,109,0.10091743119266056,0.02422922049183482,0.16313338517483816
DACH1,HS_LE,8,1,0,0,0,0,,,7,69,0.11594202898550725,0.02457301812617438,0.1649359235218144
MSX1,BA_LE,10,4,1,0,0,0,,,5,96,0.10416666666666667,0.02537567088619355,0.16927524455774648
FOXH1,HS_LE,5,3,0,0,0,0,,,2,33,0.15151515151515152,0.02533407029891207,0.16927524455774648
ZNF296,BA_LE,12,0,4,1,0,1,Bak1,,7,124,0.0967741935483871,0.025650304244678068,0.17058239141859524
HOXA9,BA_LE,16,5,3,0,0,0,,,8,183,0.08743169398907104,0.02652775508130728,0.17587820494273448
ZBTB9,BA_LE,12,0,6,0,0,0,,,6,125,0.096,0.02710201742944295,0.17913772496046437
GATA2,HS_LE,11,4,2,1,0,1,Bok,,4,111,0.0990990990990991,0.02727927166544865,0.17976127954617832
JUN,HS_LE,14,4,2,0,0,0,,,8,156,0.08974358974358974,0.030009431350724234,0.19715287020718222
TET1,BA_LE,19,4,2,0,0,0,,,13,232,0.08189655172413793,0.03046619135187993,0.1995489512111048
ZIC5,HS_LE,7,2,0,0,0,0,,,5,59,0.11864406779661017,0.03074427432572869,0.20076381547644517
SIX5,HS_DUCT,4,0,0,0,0,0,,,4,24,0.16666666666666666,0.03228409178808602,0.2101859189086201
ZNF92,BA_LE,19,3,4,0,0,0,,,12,234,0.0811965811965812,0.03285302958545081,0.21310230238372807
POU5F1,AP_LE,16,4,2,1,0,1,Bok,,9,188,0.0851063829787234,0.03292863067276241,0.21310230238372807
NFE2L2,AP_LE,15,2,5,1,0,1,Bak1,,7,176,0.08522727272727272,0.037623819818223145,0.24276321835091602
CREB3L4,BA_LE,12,1,1,0,0,0,,,10,132,0.09090909090909091,0.03897542999032064,0.25073807780123186
SMAD1,AP_LE,14,2,3,0,0,0,,,9,162,0.08641975308641975,0.03946127668977661,0.2531125676433008
GLMP,BA_LE,7,0,1,1,0,1,Bid,,5,63,0.1111111111111111,0.04190717991314271,0.2680081594445233
DRAP1,HS_LE,7,3,1,0,0,0,,,3,64,0.109375,0.045059047869891386,0.2864751195950866
MTERF1,BA_TEB,7,0,2,0,0,0,,,5,64,0.109375,0.045059047869891386,0.2864751195950866
ZNF485,AP_LE,10,1,4,0,0,0,,,5,106,0.09433962264150944,0.0456678657274257,0.2894968798159617
TP63,AP_LE,21,7,2,0,0,0,,,12,276,0.07608695652173914,0.0469727876048776,0.2969008849194596
ZNF22,BA_LE,12,2,3,0,0,0,,,7,136,0.08823529411764706,0.04719854375047699,0.2974605896832387
CEBPD,HS_HE,9,0,0,0,0,0,,,9,93,0.0967741935483871,0.049123281032546415,0.30869354573495833
ZNF850,BA_LE,8,1,0,0,0,0,,,7,79,0.10126582278481013,0.04933607004924972,0.3091346816958769
MBD3,AP_LE,14,5,1,0,0,0,,,8,168,0.08333333333333333,0.0508618063630264,0.31595528995713823
ZNF207,AP_LE,14,5,2,0,0,0,,,7,168,0.08333333333333333,0.0508618063630264,0.31595528995713823
ZNF598,BA_LE,10,0,3,0,0,0,,,7,108,0.09259259259259259,0.0507543685878222,0.31595528995713823
NME2,HS_LE,8,2,1,0,0,0,,,5,80,0.1,0.052466577827024775,0.32499297351139916
PLAGL1,BA_LE,9,2,2,1,0,1,Bid,,4,95,0.09473684210526316,0.05491628779013908,0.339198039683822
ATF4,AP_LE,13,2,4,0,0,0,,,7,155,0.08387096774193549,0.05598598403801791,0.34482276532506484
ZNF883,BA_LE,6,3,0,0,0,0,,,3,54,0.1111111111111111,0.05740851857109102,0.35258262963774883
SOX9,BA_TEB,18,0,1,0,0,0,,,17,235,0.07659574468085106,0.05916273751907606,0.3623299857100477
MAZ,HS_LE,11,3,1,0,0,0,,,7,126,0.0873015873015873,0.059352616384734665,0.3624689361186049
ZNF280A,BA_LE,9,1,2,0,0,0,,,6,97,0.09278350515463918,0.06113554298631354,0.3723085876245162
ZNF263,HS_LE,10,3,1,0,0,0,,,6,112,0.08928571428571429,0.062026163647317265,0.37667429352208354
E2F4,AP_LE,29,6,4,1,0,1,Bak1,,18,419,0.06921241050119331,0.06344579368711487,0.38421921987057267
TGIF2,BA_TEB,19,0,2,0,0,0,,,17,254,0.07480314960629922,0.06481866132283409,0.39143971517522097
DEAF1,HS_LE,6,2,1,0,0,0,,,3,56,0.10714285714285714,0.06632561807112475,0.39942761105055125
BCL11A,BA_LE,14,0,3,1,0,1,Bid,,10,175,0.08,0.06681888137941272,0.40128347598494957
CREBL2,HS_HE,5,0,0,0,0,0,,,5,43,0.11627906976744186,0.06788470122305493,0.4065581001424947
ZNF280A,BA_TEB,8,1,0,0,0,0,,,7,85,0.09411764705882353,0.07000777875579735,0.4181180835883434
ZNF530,BA_LE,15,2,3,0,0,0,,,10,193,0.07772020725388601,0.0722825928142391,0.4305183000584351
E2F4,BA_TEB,25,0,0,1,0,1,Bak1,,24,358,0.06983240223463687,0.07402047340450581,0.4360771367961103
MBD3,BA_TEB,13,0,0,0,0,0,,,13,162,0.08024691358024691,0.07392244686414468,0.4360771367961103
ZNF146,BA_LE,11,1,1,0,0,0,,,9,131,0.08396946564885496,0.07401794671652623,0.4360771367961103
ELF5,HS_LE,5,1,1,0,0,0,,,3,44,0.11363636363636363,0.07350795088546569,0.4360771367961103
TCF7L2,HS_LE,10,2,0,0,0,0,,,8,116,0.08620689655172414,0.07480125734011533,0.43872792292919827
THAP9,AP_LE,9,1,2,0,0,0,,,6,101,0.0891089108910891,0.07487515289843329,0.43872792292919827
MYCN,HS_LE,12,1,2,0,0,0,,,9,147,0.08163265306122448,0.0757162719444543,0.44127117627843254
REXO4,BA_TEB,7,1,1,0,0,0,,,5,72,0.09722222222222222,0.07570277213792072,0.44127117627843254
POU5F1,BA_TEB,23,0,2,0,0,0,,,21,326,0.0705521472392638,0.07691733017777863,0.44587372145835313
ZNF239,BA_TEB,13,2,1,0,0,0,,,10,163,0.07975460122699386,0.07675651406760502,0.44587372145835313
ZNF48,AP_LE,8,2,0,0,0,0,,,6,87,0.09195402298850575,0.07791679267748225,0.4504629507327507
MTERF1,AP_LE,7,0,4,0,0,0,,,3,73,0.0958904109589041,0.08022124412530003,0.4625522799565172
ZNF544,BA_LE,10,1,1,0,0,0,,,8,118,0.0847457627118644,0.08176179792416087,0.47018455676281373
ESR1,BA_TEB,14,0,0,0,0,0,,,14,181,0.07734806629834254,0.08289458838129433,0.4754377450017093
CREBZF,AP_LE,7,4,1,0,0,0,,,2,74,0.0945945945945946,0.08489249317752393,0.48561193986509726
TP53,HS_LE,10,1,1,0,0,0,,,8,119,0.08403361344537816,0.08538609644096272,0.4864554856396783
ZNF888,BA_TEB,5,0,0,0,0,0,,,5,46,0.10869565217391304,0.08548871772542316,0.4864554856396783
NR2F1,BA_LE,16,2,3,1,0,1,Bid,,10,215,0.07441860465116279,0.08769180519910345,0.4976854284598332
SNAPC4,AP_LE,12,3,1,1,0,1,Bak1,,7,151,0.07947019867549669,0.08833723713859103,0.5000395042205361
KLF1,HS_LE,10,1,1,0,0,0,,,8,120,0.08333333333333333,0.08910647442508908,0.5030803035249821
ZNF202,BA_LE,9,2,1,0,0,0,,,6,105,0.08571428571428572,0.09036824874079394,0.5088788656364708
TFAP2A,BA_TEB,25,1,0,0,0,0,,,24,367,0.0681198910081744,0.091890864322342,0.5146638208408704
NFE2L2,BA_TEB,17,0,0,1,0,1,Bak1,,16,233,0.07296137339055794,0.09210773177410411,0.5146638208408704
JUN,HS_DUCT,5,0,0,0,0,0,,,5,47,0.10638297872340426,0.09183993282427926,0.5146638208408704
SNAI2,BA_LE,15,1,4,0,0,0,,,10,201,0.07462686567164178,0.09419466188634484,0.5240666309107187
NR2F6,AP_LE,11,0,1,1,0,1,Bok,,9,137,0.08029197080291971,0.09440921991999192,0.5240666309107187
ZNF121,BA_LE,9,0,1,0,0,0,,,8,106,0.08490566037735849,0.09451570695852905,0.5240666309107187
ZUP1,BA_LE,10,0,5,0,0,0,,,5,122,0.08196721311475409,0.09683511673706047,0.53555748236211
HOXB7,HS_LE,6,3,1,0,0,0,,,2,62,0.0967741935483871,0.09762102276921056,0.53853022229936
NFATC4,HS_LE,3,0,0,0,0,0,,,3,22,0.13636363636363635,0.10058286739942171,0.5534610571623002
HOXC11,BA_TEB,8,0,0,0,0,0,,,8,93,0.08602150537634409,0.10470675836606617,0.5746943092091936
AHR,HS_LE,5,2,0,0,0,0,,,3,49,0.10204081632653061,0.10524411965322708,0.5761849783035261
CREB3L1,BA_TEB,12,0,1,0,0,0,,,11,156,0.07692307692307693,0.10583701981299104,0.5765192436044336
ZNF239,AP_LE,11,0,3,0,0,0,,,8,140,0.07857142857142857,0.10575486650233287,0.5765192436044336
HNF4A,HS_DUCT,4,0,0,0,0,0,,,4,36,0.1111111111111111,0.11120569544242269,0.6042454830054446
ZNF587B,BA_TEB,5,0,0,0,0,0,,,5,50,0.1,0.11228759422979241,0.6085987607254749
SOX2,HS_LE,10,4,1,1,0,1,Bok,,4,126,0.07936507936507936,0.11343652158974353,0.6132927152283391
HES6,BA_LE,11,1,2,0,0,0,,,8,142,0.07746478873239436,0.11374166578643424,0.6134127647387797
ZNF485,BA_TEB,8,1,0,0,0,0,,,7,95,0.08421052631578947,0.11464234999612316,0.616736016852593
ZNF277,AP_LE,6,0,1,0,0,0,,,5,65,0.09230769230769231,0.11575051094255666,0.6211562072362942
HIF1A,BA_LE,15,3,3,0,0,0,,,9,208,0.07211538461538461,0.11644349443139886,0.6233320887093154
FOXK2,AP_LE,12,2,3,0,0,0,,,7,159,0.07547169811320754,0.11725235944870191,0.6261160474994723
TEAD2,BA_LE,16,4,1,0,0,0,,,11,226,0.07079646017699115,0.12096695931175075,0.6429706857718961
ZNF92,AP_LE,14,3,3,0,0,0,,,8,193,0.07253886010362694,0.12189158295767956,0.6429706857718961
ADNP,AP_LE,9,1,2,1,0,1,Bak1,,5,112,0.08035714285714286,0.12167193105252629,0.6429706857718961
NKX12,BA_LE,7,0,0,0,0,0,,,7,81,0.08641975308641975,0.12178314886549627,0.6429706857718961
TFCP2,AP_LE,7,2,1,0,0,0,,,4,81,0.08641975308641975,0.12178314886549627,0.6429706857718961
PRMT3,AP_LE,14,1,6,0,0,0,,,7,194,0.07216494845360824,0.12555283768386222,0.659076397333204
TERF1,BA_TEB,14,0,2,1,0,1,Bak1,,11,194,0.07216494845360824,0.12555283768386222,0.659076397333204
ZNF770,AP_LE,7,0,2,0,0,0,,,5,82,0.08536585365853659,0.12763330329483202,0.6683792307806663
ETV4,BA_TEB,18,0,0,0,0,0,,,18,262,0.06870229007633588,0.12844904023542691,0.6710301668202543
ZNF296,AP_LE,8,0,2,1,0,1,Bak1,,5,98,0.08163265306122448,0.13045885747652264,0.6798913533872623
HSF1,BA_TEB,13,0,0,0,0,0,,,13,179,0.07262569832402235,0.13152533465577393,0.6838055768194673
ZNF318,AP_LE,12,2,3,0,0,0,,,7,163,0.0736196319018405,0.1335240556433139,0.6925362503222596
ZNF589,HS_LE,5,2,0,0,0,0,,,3,53,0.09433962264150944,0.1347169997893161,0.6970559798167955
GRHL2,BA_TEB,14,0,1,0,0,0,,,13,197,0.07106598984771574,0.13690941429166512,0.7033640051761374
ZNF35,BA_LE,10,1,6,0,0,0,,,3,131,0.07633587786259542,0.13629008364561845,0.7033640051761374
ZNF22,AP_LE,9,1,3,0,0,0,,,5,115,0.0782608695652174,0.13667392904691467,0.7033640051761374
ZNF852,AP_LE,4,0,2,0,0,0,,,2,39,0.10256410256410256,0.13815825543658522,0.7081018860201342
TEAD2,AP_LE,11,4,1,0,0,0,,,6,148,0.07432432432432433,0.1396930986684541,0.712876243731812
ZNF408,BA_TEB,7,1,1,1,0,1,Bak1,,4,84,0.08333333333333333,0.13974741862823806,0.712876243731812
WT1,HS_LE,8,2,0,0,0,0,,,6,100,0.08,0.14159386229752247,0.720599749908518
SOX17,HS_LE,6,0,2,1,0,1,Bok,,3,69,0.08695652173913043,0.14233165247127444,0.7226581324536838
TMF1,AP_LE,7,0,1,0,0,0,,,6,85,0.08235294117647059,0.1460061042578161,0.7395823225022087
SOX10,HS_LE,4,0,0,0,0,0,,,4,40,0.1,0.14767488213075922,0.7462917120267739
ETV4,AP_LE,17,2,2,0,0,0,,,13,252,0.06746031746031746,0.1526380244731622,0.7677940534984121
CREB3L4,BA_TEB,9,0,0,0,0,0,,,9,118,0.07627118644067797,0.1525835495534997,0.7677940534984121
MECOM,HS_HE,6,0,0,1,0,1,Aifm2,,5,71,0.08450704225352113,0.15658633190115112,0.7858314063928139
TCF7L1,HS_LE,4,0,0,0,0,0,,,4,41,0.0975609756097561,0.1574360873990792,0.7882712182013941
FLI1,HS_LE,11,5,2,0,0,0,,,4,152,0.07236842105263158,0.1585974797600621,0.7895241562332409
ZBED3,BA_LE,8,0,0,0,0,0,,,8,103,0.07766990291262135,0.1591447166718762,0.7895241562332409
ZNF205,AP_LE,7,1,1,0,0,0,,,5,87,0.08045977011494253,0.15891228940688887,0.7895241562332409
ATOH8,HS_DUCT,3,0,0,0,0,0,,,3,27,0.1111111111111111,0.15897388073648258,0.7895241562332409
NKX26,HS_DUCT,2,0,0,0,0,0,,,2,14,0.14285714285714285,0.15950718654527654,0.7895241562332409
ELF5,BA_TEB,12,0,2,0,0,0,,,10,169,0.07100591715976332,0.16011363896732717,0.7907206589548185
ESRRA,HS_HE,6,0,0,1,0,1,Aifm2,,5,72,0.08333333333333333,0.16393938278871747,0.8077740497407716
TBX3,HS_HE,5,0,0,0,0,0,,,5,57,0.08771929824561403,0.1674108743457995,0.8230085614097354
MEOX1,HS_HE,3,0,0,1,0,1,Aifm2,,2,28,0.10714285714285714,0.17169002887273427,0.8402347236932006
POGK,HS_LE,3,0,0,0,0,0,,,3,28,0.10714285714285714,0.17169002887273427,0.8402347236932006
MYB,AP_LE,19,3,4,1,0,1,Bak1,,11,293,0.06484641638225255,0.17605296342355695,0.8577142128140932
PBX3,BA_TEB,19,0,1,0,0,0,,,18,293,0.06484641638225255,0.17605296342355695,0.8577142128140932
POU5F1,HS_LE,10,1,1,0,0,0,,,8,139,0.07194244604316546,0.1774424624662001,0.85997415787369
BPTF,HS_LE,2,1,0,0,0,0,,,1,15,0.13333333333333333,0.17810350409837952,0.85997415787369
NKX62,HS_LE,2,0,0,0,0,0,,,2,15,0.13333333333333333,0.17810350409837952,0.85997415787369
ZNF883,HS_LE,2,1,0,0,0,0,,,1,15,0.13333333333333333,0.17810350409837952,0.85997415787369
NR2F1,BA_TEB,11,0,0,1,0,1,Bid,,10,156,0.07051282051282051,0.1787139095457562,0.8610039019893321
DACH1,BA_TEB,13,0,0,0,0,0,,,13,190,0.06842105263157895,0.1791616209996126,0.8612469940735257
HIF1A,AP_LE,10,6,0,0,0,0,,,4,140,0.07142857142857142,0.18295689292495934,0.8775454510206014
ETV4,HS_LE,8,0,0,0,0,0,,,8,107,0.07476635514018691,0.18403517919527193,0.8807688046254956
TBX5,HS_DUCT,3,0,0,0,0,0,,,3,29,0.10344827586206896,0.18468254427777195,0.8819201673881268
ZNF281,HS_LE,4,0,0,0,0,0,,,4,44,0.09090909090909091,0.18805097751146307,0.896031910428246
ZNF696,AP_LE,7,1,0,0,0,0,,,6,92,0.07608695652173914,0.19329364811102878,0.9189926076857684
MLX,HS_HE,3,0,0,0,0,0,,,3,30,0.1,0.19792227747202865,0.9348485785606931
ZNF219,HS_LE,3,0,0,1,0,1,Bok,,2,30,0.1,0.19792227747202865,0.9348485785606931
ZNF280A,HS_LE,3,0,0,0,0,0,,,3,30,0.1,0.19792227747202865,0.9348485785606931
NME2,BA_TEB,9,1,0,0,0,0,,,8,126,0.07142857142857142,0.19910946509563715,0.938411565929003
GATA3,BA_TEB,15,0,1,0,0,0,,,14,229,0.06550218340611354,0.19981493352611054,0.9396936570165025
ZNF207,HS_LE,6,2,1,0,0,0,,,3,77,0.07792207792207792,0.20276371367564547,0.9514972537852799
TFDP1,BA_TEB,17,1,1,0,0,0,,,15,265,0.06415094339622641,0.2040793982245118,0.9556028841268717
E2F7,BA_LE,20,0,1,0,0,0,,,19,320,0.0625,0.21177383734758273,0.9747891281731621
E2F4,HS_LE,10,2,1,0,0,0,,,7,145,0.06896551724137931,0.21165269561938976,0.9747891281731621
ZNF35,AP_LE,8,0,4,0,0,0,,,4,111,0.07207207207207207,0.21047611424036045,0.9747891281731621
KLF5,HS_DUCT,4,0,0,0,0,0,,,4,46,0.08695652173913043,0.20943090719772095,0.9747891281731621
CDX2,HS_DUCT,3,0,0,0,0,0,,,3,31,0.0967741935483871,0.21138066397613337,0.9747891281731621
TCF7L2,HS_DUCT,3,0,0,0,0,0,,,3,31,0.0967741935483871,0.21138066397613337,0.9747891281731621
TSC22D1,HS_LE,3,1,0,0,0,0,,,2,31,0.0967741935483871,0.21138066397613337,0.9747891281731621
ZNF275,HS_LE,3,0,0,0,0,0,,,3,31,0.0967741935483871,0.21138066397613337,0.9747891281731621
GLIS3,HS_DUCT,2,0,0,0,0,0,,,2,17,0.11764705882352941,0.21613638202467364,0.9906631632758827
HOXD8,HS_DUCT,2,0,0,0,0,0,,,2,17,0.11764705882352941,0.21613638202467364,0.9906631632758827
TP53,BA_TEB,23,0,1,1,0,1,Bid,,21,394,0.0583756345177665,0.2915022258231522,0.9999978226741806
SOX2,BA_TEB,21,0,1,0,0,0,,,20,382,0.0549738219895288,0.4047316854129907,0.9999978226741806
TFDP1,AP_LE,19,2,2,0,0,0,,,15,318,0.059748427672955975,0.2797943509164608,0.9999978226741806
FOXM1,AP_LE,18,3,4,0,0,0,,,11,348,0.05172413793103448,0.5212867135553987,0.9999978226741806
FOXM1,BA_TEB,17,0,0,0,0,0,,,17,324,0.05246913580246913,0.49846030955963183,0.9999978226741806
PPARG,HS_TEB,17,1,1,3,1,2,"Bnip3,Bok,Pmaip1",Bcl2,11,303,0.056105610561056105,0.38813462096764717,0.9999978226741806
WT1,BA_TEB,17,2,2,0,0,0,,,13,324,0.05246913580246913,0.49846030955963183,0.9999978226741806
CBX2,BA_TEB,16,0,0,0,0,0,,,16,337,0.04747774480712166,0.6621256628389982,0.9999978226741806
E2F8,AP_LE,16,1,5,0,0,0,,,10,263,0.060836501901140684,0.27731770169892483,0.9999978226741806
EGR1,HS_TEB,16,0,0,3,1,2,"Bnip3,Bok,Pmaip1",Bcl2,12,489,0.032719836400818,0.9822130625635899,0.9999978226741806
FOXP2,BA_TEB,16,0,0,0,0,0,,,16,256,0.0625,0.24324970263650203,0.9999978226741806
CBX2,AP_LE,15,5,1,1,0,1,Bok,,8,300,0.05,0.5793292168674694,0.9999978226741806
E2F5,AP_LE,15,3,5,0,0,0,,,7,234,0.0641025641025641,0.2229937915578487,0.9999978226741806
TGIF2,AP_LE,15,4,3,0,0,0,,,8,243,0.06172839506172839,0.26737529686438544,0.9999978226741806
E2F1,AP_TEB,14,1,0,1,0,1,Bbc3,,12,401,0.034912718204488775,0.9540793880572573,0.9999978226741806
HMGA1,BA_LE,14,0,3,0,0,0,,,11,235,0.059574468085106386,0.3217077758815822,0.9999978226741806
IRF1,HS_TEB,14,1,0,1,0,1,Pmaip1,,12,281,0.0498220640569395,0.584578089795019,0.9999978226741806
MXD3,BA_LE,14,2,3,0,0,0,,,9,227,0.06167400881057269,0.27772198091676537,0.9999978226741806
ZNF217,BA_TEB,14,0,0,0,0,0,,,14,246,0.056910569105691054,0.38458123159920177,0.9999978226741806
MTF2,BA_LE,13,0,1,0,0,0,,,12,311,0.04180064308681672,0.8135196829278379,0.9999978226741806
MYB,BA_TEB,13,0,1,2,0,2,"Bak1,Bid",,10,308,0.04220779220779221,0.8030160431016129,0.9999978226741806
MYC,AP_TEB,13,0,1,2,0,2,"Bbc3,Bok",,10,441,0.02947845804988662,0.9910970202782206,0.9999978226741806
PAX6,BA_TEB,13,0,2,0,0,0,,,11,204,0.06372549019607843,0.24995700225320458,0.9999978226741806
TEAD4,HS_TEB,13,0,1,3,0,3,"Bnip3,Bok,Pmaip1",,9,335,0.03880597014925373,0.8830758093943478,0.9999978226741806
BHLHE40,HS_TEB,12,0,1,1,1,0,Pmaip1,Bcl2,9,224,0.05357142857142857,0.4817780293552766,0.9999978226741806
E2F2,BA_LE,12,0,1,1,0,1,Bak1,,10,221,0.05429864253393665,0.46295011769543776,0.9999978226741806
E2F5,BA_TEB,12,0,3,0,0,0,,,9,224,0.05357142857142857,0.4817780293552766,0.9999978226741806
EGR1,HS_LE,12,0,0,1,0,1,Bok,,11,211,0.05687203791469194,0.3997700912558019,0.9999978226741806
FOXA2,HS_TEB,12,0,0,2,1,1,"Bnip3,Bok",Bcl2,9,284,0.04225352112676056,0.7945381727055771,0.9999978226741806
KDM5B,AP_TEB,12,2,0,2,0,2,"Bbc3,Bok",,8,383,0.031331592689295036,0.9783962485638447,0.9999978226741806
MNX1,BA_TEB,12,0,0,0,0,0,,,12,191,0.06282722513089005,0.27685316160524986,0.9999978226741806
ZNF367,BA_LE,12,0,1,0,0,0,,,11,253,0.04743083003952569,0.6521056563528478,0.9999978226741806
ZNF695,BA_LE,12,0,2,0,0,0,,,10,229,0.05240174672489083,0.5128503918574127,0.9999978226741806
E2F1,HS_LE,11,2,1,0,0,0,,,8,181,0.06077348066298342,0.3261717633624617,0.9999978226741806
E2F8,BA_TEB,11,0,1,0,0,0,,,10,203,0.054187192118226604,0.4709297558637793,0.9999978226741806
ETV1,BA_TEB,11,0,1,0,0,0,,,10,173,0.06358381502890173,0.27571029820927906,0.9999978226741806
FOXA1,HS_TEB,11,0,0,1,1,0,Bnip3,Bcl2,9,270,0.040740740740740744,0.8236095147231095,0.9999978226741806
GATA3,HS_TEB,11,1,0,1,1,0,Pmaip1,Bcl2,8,272,0.04044117647058824,0.8305741467838486,0.9999978226741806
MAX,HS_TEB,11,0,0,1,1,0,Pmaip1,Bcl2,9,265,0.04150943396226415,0.8052582507460008,0.9999978226741806
MITF,AP_TEB,11,0,0,2,0,2,"Bbc3,Bok",,9,361,0.030470914127423823,0.9801090898047671,0.9999978226741806
POU3F1,BA_TEB,11,0,1,0,0,0,,,10,194,0.05670103092783505,0.41144287382561373,0.9999978226741806
SOX10,BA_LE,11,2,1,0,0,0,,,8,167,0.0658682634730539,0.2396091104969434,0.9999978226741806
SREBF2,BA_TEB,11,0,0,0,0,0,,,11,213,0.051643192488262914,0.5356548860254466,0.9999978226741806
STAT3,HS_TEB,11,0,0,1,1,0,Pmaip1,Bcl2,9,274,0.040145985401459854,0.8373275542486895,0.9999978226741806
TBXT,BA_TEB,11,0,0,0,0,0,,,11,168,0.06547619047619048,0.24550172344459495,0.9999978226741806
ZBED4,BA_LE,11,0,1,0,0,0,,,10,169,0.0650887573964497,0.25144646350313915,0.9999978226741806
CEBPG,BA_TEB,10,1,0,0,0,0,,,9,151,0.06622516556291391,0.2483134810339133,0.9999978226741806
CENPA,BA_LE,10,0,2,0,0,0,,,8,224,0.044642857142857144,0.7188820303750427,0.9999978226741806
E2F7,BA_TEB,10,0,0,0,0,0,,,10,255,0.0392156862745098,0.8485758902430276,0.9999978226741806
FLI1,HS_TEB,10,0,1,0,1,-1,,Bcl2,8,353,0.028328611898016998,0.9879664087890507,0.9999978226741806
FOXA2,HS_HE,10,0,0,0,0,0,,,10,161,0.062111801242236024,0.3136414173170939,0.9999978226741806
GATA2,HS_TEB,10,0,0,1,1,0,Pmaip1,Bcl2,8,317,0.031545741324921134,0.9667202693399958,0.9999978226741806
HNF4A,HS_HE,10,0,0,1,0,1,Aifm2,,9,214,0.04672897196261682,0.6647001368509378,0.9999978226741806
KLF5,BA_TEB,10,0,0,1,0,1,Bak1,,9,159,0.06289308176100629,0.3002364133166178,0.9999978226741806
MEIS2,BA_LE,10,1,4,0,0,0,,,5,182,0.054945054945054944,0.45888185015044103,0.9999978226741806
MYBL2,HS_TEB,10,0,1,0,1,-1,,Bcl2,8,211,0.04739336492890995,0.6473330721515449,0.9999978226741806
MYCN,AP_TEB,10,0,1,1,0,1,Bbc3,,8,257,0.038910505836575876,0.8550093850361649,0.9999978226741806
PCGF6,AP_LE,10,0,3,0,0,0,,,7,179,0.055865921787709494,0.43803755743240647,0.9999978226741806
REST,AP_TEB,10,1,1,1,0,1,Bbc3,,7,239,0.04184100418410042,0.7888608682725784,0.9999978226741806
SALL4,BA_TEB,10,0,2,0,0,0,,,8,198,0.050505050505050504,0.5668068386357732,0.9999978226741806
SIX5,AP_TEB,10,1,0,2,0,2,"Bbc3,Bok",,7,151,0.06622516556291391,0.2483134810339133,0.9999978226741806
TCF12,AP_TEB,10,0,0,2,0,2,"Bbc3,Bok",,8,204,0.049019607843137254,0.6049703888640665,0.9999978226741806
TCF3,AP_TEB,10,1,0,2,0,2,"Bbc3,Bok",,7,346,0.028901734104046242,0.9852341749435187,0.9999978226741806
TCF4,HS_TEB,10,0,0,0,1,-1,,Bcl2,9,336,0.02976190476190476,0.9803302783113166,0.9999978226741806
TEAD2,BA_TEB,10,0,0,0,0,0,,,10,186,0.053763440860215055,0.4864771377193512,0.9999978226741806
ZNF530,BA_TEB,10,1,1,0,0,0,,,8,163,0.06134969325153374,0.3271791809350651,0.9999978226741806
CEBPB,HS_TEB,9,1,0,1,0,1,Pmaip1,,7,229,0.039301310043668124,0.8367572193623964,0.9999978226741806
FOSL1,BA_LE,9,0,1,0,0,0,,,8,205,0.04390243902439024,0.7308661597083184,0.9999978226741806
FOXM1,HS_TEB,9,0,0,1,0,1,Pmaip1,,8,242,0.0371900826446281,0.8787805058019774,0.9999978226741806
JUN,HS_TEB,9,1,1,1,1,0,Pmaip1,Bcl2,5,313,0.02875399361022364,0.9818504848465304,0.9999978226741806
MXI1,HS_TEB,9,0,0,2,0,2,"Bnip3,Pmaip1",,7,224,0.04017857142857143,0.8178420924948504,0.9999978226741806
MYBL2,AP_TEB,9,2,0,0,0,0,,,7,287,0.0313588850174216,0.9618234194138531,0.9999978226741806
NCOA3,BA_TEB,9,1,0,0,0,0,,,8,140,0.06428571428571428,0.29209691298604773,0.9999978226741806
PCGF6,BA_LE,9,2,3,0,0,0,,,4,179,0.05027932960893855,0.5735735823142736,0.9999978226741806
PPARG,HS_HE,9,0,0,1,0,1,Aifm2,,8,143,0.06293706293706294,0.3133979795853618,0.9999978226741806
RUNX1,BA_DUCT,9,0,0,1,0,1,Aifm2,,8,327,0.027522935779816515,0.988077600099614,0.9999978226741806
TAL1,HS_HE,9,0,0,1,0,1,Aifm2,,8,139,0.06474820143884892,0.28508076883926325,0.9999978226741806
TBP,AP_TEB,9,2,1,1,0,1,Bbc3,,5,190,0.04736842105263158,0.6451175264767013,0.9999978226741806
TEAD4,AP_TEB,9,0,0,2,0,2,"Bbc3,Bok",,7,339,0.02654867256637168,0.9917674317373366,0.9999978226741806
TWIST1,BA_LE,9,1,2,0,0,0,,,6,182,0.04945054945054945,0.5937274346205655,0.9999978226741806
ZNF750,BA_TEB,9,0,0,0,0,0,,,9,143,0.06293706293706294,0.3133979795853618,0.9999978226741806
ZNF93,BA_LE,9,0,1,0,0,0,,,8,200,0.045,0.7039190748518818,0.9999978226741806
ATF3,HS_TEB,8,0,1,1,0,1,Pmaip1,,6,239,0.03347280334728033,0.9280908724877546,0.9999978226741806
BACH1,HS_TEB,8,0,0,1,1,0,Pmaip1,Bcl2,6,276,0.028985507246376812,0.9748363505503448,0.9999978226741806
BCL11A,BA_TEB,8,0,0,1,0,1,Bid,,7,145,0.05517241379310345,0.4688726540531804,0.9999978226741806
CDX4,BA_TEB,8,0,1,0,0,0,,,7,115,0.06956521739130435,0.23828134405165832,0.9999978226741806
CUX1,AP_TEB,8,2,1,1,0,1,Bbc3,,4,324,0.024691358024691357,0.9944710949688422,0.9999978226741806
DLX4,BA_LE,8,0,2,0,0,0,,,6,137,0.058394160583941604,0.4061393326682154,0.9999978226741806
E2F1,HS_TEB,8,0,0,1,1,0,Pmaip1,Bcl2,6,269,0.02973977695167286,0.9690377452453567,0.9999978226741806
E2F2,BA_TEB,8,0,0,1,0,1,Bak1,,7,190,0.042105263157894736,0.7649754661047548,0.9999978226741806
E2F7,AP_LE,8,0,1,0,0,0,,,7,295,0.02711864406779661,0.9859287270577048,0.9999978226741806
EBF1,HS_TEB,8,0,0,1,0,1,Pmaip1,,7,247,0.032388663967611336,0.9421163593580084,0.9999978226741806
ETS1,HS_TEB,8,1,1,1,1,0,Pmaip1,Bcl2,4,271,0.02952029520295203,0.9708075394957645,0.9999978226741806
GATA6,AP_TEB,8,1,0,1,0,1,Bbc3,,6,208,0.038461538461538464,0.8430438952589354,0.9999978226741806
GATA6,HS_TEB,8,0,0,1,0,1,Pmaip1,,7,249,0.0321285140562249,0.945222552259092,0.9999978226741806
IRF1,BA_DUCT,8,0,0,0,0,0,,,8,204,0.0392156862745098,0.8277302879581299,0.9999978226741806
IRF1,HS_HE,8,0,0,0,0,0,,,8,162,0.04938271604938271,0.5954861885527365,0.9999978226741806
KLF4,AP_TEB,8,1,0,1,0,1,Bbc3,,6,248,0.03225806451612903,0.9436883429870135,0.9999978226741806
KLF5,AP_LE,8,0,3,1,0,1,Bak1,,4,141,0.05673758865248227,0.4376140927694541,0.9999978226741806
MAFF,HS_TEB,8,0,1,1,0,1,Pmaip1,,6,203,0.03940886699507389,0.8237256215864983,0.9999978226741806
MITF,HS_HE,8,0,0,0,0,0,,,8,179,0.0446927374301676,0.7052556400741179,0.9999978226741806
MYB,HS_LE,8,3,1,0,0,0,,,4,129,0.06201550387596899,0.343324771246789,0.9999978226741806
MYB,HS_TEB,8,0,0,1,1,0,Pmaip1,Bcl2,6,236,0.03389830508474576,0.9221162213667458,0.9999978226741806
MYC,HS_TEB,8,1,0,1,1,0,Pmaip1,Bcl2,5,308,0.025974025974025976,0.9906815129401665,0.9999978226741806
PA2G4,AP_LE,8,0,1,0,0,0,,,7,202,0.039603960396039604,0.8196492976832876,0.9999978226741806
PA2G4,BA_TEB,8,0,0,0,0,0,,,8,146,0.0547945205479452,0.47663228058273815,0.9999978226741806
PBX3,HS_TEB,8,1,1,1,1,0,Pmaip1,Bcl2,4,214,0.037383177570093455,0.8639688638538268,0.9999978226741806
PCGF6,BA_TEB,8,1,0,0,0,0,,,7,158,0.05063291139240506,0.5669294001975098,0.9999978226741806
PPARG,BA_DUCT,8,0,0,1,0,1,Aifm2,,7,324,0.024691358024691357,0.9944710949688422,0.9999978226741806
RUNX1,HS_TEB,8,0,0,1,1,0,Pmaip1,Bcl2,6,223,0.03587443946188341,0.8910569746267395,0.9999978226741806
SOX11,BA_TEB,8,1,0,0,0,0,,,7,236,0.03389830508474576,0.9221162213667458,0.9999978226741806
SOX9,BA_DUCT,8,1,0,0,0,0,,,7,270,0.02962962962962963,0.9699344771758576,0.9999978226741806
SRF,AP_TEB,8,0,0,2,0,2,"Bbc3,Bok",,6,232,0.034482758620689655,0.9134880838408004,0.9999978226741806
STAT1,AP_TEB,8,0,1,1,0,1,Bbc3,,6,229,0.034934497816593885,0.9064923534125855,0.9999978226741806
TFAP2A,AP_TEB,8,1,0,1,0,1,Bbc3,,6,276,0.028985507246376812,0.9748363505503448,0.9999978226741806
TP63,AP_TEB,8,1,0,1,0,1,Bbc3,,6,299,0.026755852842809364,0.9875897663549084,0.9999978226741806
TP63,BA_TEB,8,0,0,0,0,0,,,8,141,0.05673758865248227,0.4376140927694541,0.9999978226741806
ZIC5,BA_LE,8,2,0,0,0,0,,,6,121,0.06611570247933884,0.28209987031979983,0.9999978226741806
ZKSCAN4,BA_LE,8,0,0,1,0,1,Bak1,,7,116,0.06896551724137931,0.24542231972500314,0.9999978226741806
ZNF146,BA_TEB,8,1,1,0,0,0,,,6,118,0.06779661016949153,0.2599089229567594,0.9999978226741806
ZNF202,AP_LE,8,1,0,0,0,0,,,7,126,0.06349206349206349,0.320085363086155,0.9999978226741806
ZNF217,HS_TEB,8,0,0,1,0,1,Pmaip1,,7,263,0.030418250950570342,0.9631289707176582,0.9999978226741806
ZNF281,BA_LE,8,0,1,1,0,1,Bid,,6,123,0.06504065040650407,0.29716126771963436,0.9999978226741806
ZNF367,AP_LE,8,0,1,0,0,0,,,7,249,0.0321285140562249,0.945222552259092,0.9999978226741806
ZNF530,AP_LE,8,1,2,0,0,0,,,5,189,0.042328042328042326,0.7599288160151523,0.9999978226741806
ZNF670,BA_TEB,8,0,1,0,0,0,,,7,160,0.05,0.5813215504052234,0.9999978226741806
ZNF695,AP_LE,8,0,3,0,0,0,,,5,224,0.03571428571428571,0.8937686369279203,0.9999978226741806
ZNF749,BA_TEB,8,2,0,0,0,0,,,6,118,0.06779661016949153,0.2599089229567594,0.9999978226741806
ATF3,HS_HE,7,0,0,0,0,0,,,7,130,0.05384615384615385,0.5035628536631981,0.9999978226741806
BHLHE40,HS_HE,7,0,0,1,0,1,Aifm2,,6,118,0.059322033898305086,0.403025174721962,0.9999978226741806
CHAMP1,BA_LE,7,1,0,0,0,0,,,6,114,0.06140350877192982,0.3690816589700117,0.9999978226741806
CTCF,HS_LE,7,2,2,0,0,0,,,3,120,0.058333333333333334,0.4199896398611209,0.9999978226741806
DACH1,HS_TEB,7,1,1,0,1,-1,,Bcl2,4,165,0.04242424242424243,0.7486568556938684,0.9999978226741806
E2F6,HS_LE,7,1,1,0,0,0,,,5,116,0.0603448275862069,0.38604532837053196,0.9999978226741806
EBF1,HS_LE,7,2,1,0,0,0,,,4,105,0.06666666666666667,0.2938386416862101,0.9999978226741806
ELF3,BA_TEB,7,0,0,1,0,1,Bak1,,6,130,0.05384615384615385,0.5035628536631981,0.9999978226741806
ETV4,HS_TEB,7,0,1,1,0,1,Pmaip1,,5,158,0.04430379746835443,0.7075046785223025,0.9999978226741806
FLI1,AP_TEB,7,1,0,1,0,1,Bbc3,,5,389,0.017994858611825194,0.9998205077843356,0.9999978226741806
FOXP1,HS_TEB,7,0,0,1,1,0,Pmaip1,Bcl2,5,263,0.026615969581749048,0.9834611197249009,0.9999978226741806
GATA4,BA_DUCT,7,0,0,0,0,0,,,7,212,0.0330188679245283,0.9229914515503722,0.9999978226741806
HMGA1,AP_LE,7,0,1,0,0,0,,,6,245,0.02857142857142857,0.97081451606132,0.9999978226741806
HMGA1,BA_TEB,7,0,0,0,0,0,,,7,204,0.03431372549019608,0.904094394813689,0.9999978226741806
HOXA1,BA_LE,7,0,3,0,0,0,,,4,144,0.04861111111111111,0.6126850893450833,0.9999978226741806
HOXC11,BA_LE,7,0,0,0,0,0,,,7,119,0.058823529411764705,0.4115112584754554,0.9999978226741806
IKZF1,HS_TEB,7,0,0,1,1,0,Pmaip1,Bcl2,5,201,0.03482587064676617,0.8960504710314294,0.9999978226741806
JUND,BA_DUCT,7,0,0,0,0,0,,,7,242,0.028925619834710745,0.9679965163297738,0.9999978226741806
MAFK,HS_TEB,7,0,0,2,0,2,"Bnip3,Pmaip1",,5,240,0.029166666666666667,0.9659823535745773,0.9999978226741806
MEIS2,BA_TEB,7,0,2,0,0,0,,,5,145,0.04827586206896552,0.6199799230193095,0.9999978226741806
MTF2,BA_TEB,7,0,0,0,0,0,,,7,271,0.025830258302583026,0.9872496474183925,0.9999978226741806
NR3C1,HS_HE,7,0,0,0,0,0,,,7,110,0.06363636363636363,0.335334134264165,0.9999978226741806
NR3C1,HS_TEB,7,0,0,1,1,0,Pmaip1,Bcl2,5,251,0.027888446215139442,0.9757809390979902,0.9999978226741806
OLIG2,BA_TEB,7,0,0,0,0,0,,,7,211,0.03317535545023697,0.9208210544873835,0.9999978226741806
PCGF2,BA_LE,7,0,0,0,0,0,,,7,123,0.056910569105691054,0.44534133267776677,0.9999978226741806
POU5F1,AP_TEB,7,0,0,1,0,1,Bbc3,,6,295,0.023728813559322035,0.9943068138861355,0.9999978226741806
PPARD,HS_TEB,7,0,0,2,1,1,"Bok,Pmaip1",Bcl2,4,259,0.02702702702702703,0.9811961967954627,0.9999978226741806
RFX5,AP_TEB,7,1,0,1,0,1,Bbc3,,5,205,0.03414634146341464,0.9066550704064652,0.9999978226741806
SALL1,BA_LE,7,0,0,0,0,0,,,7,110,0.06363636363636363,0.335334134264165,0.9999978226741806
SALL4,BA_LE,7,0,0,0,0,0,,,7,205,0.03414634146341464,0.9066550704064652,0.9999978226741806
SMAD3,HS_TEB,7,0,1,1,1,0,Pmaip1,Bcl2,4,268,0.026119402985074626,0.9859355738413762,0.9999978226741806
SOX2,AP_TEB,7,1,0,2,0,2,"Bbc3,Bok",,4,299,0.023411371237458192,0.9950401472900192,0.9999978226741806
SOX9,HS_TEB,7,0,0,2,1,1,"Bok,Pmaip1",Bcl2,4,262,0.026717557251908396,0.9829199598653926,0.9999978226741806
SP5,BA_LE,7,0,0,0,0,0,,,7,97,0.07216494845360824,0.2303314776890935,0.9999978226741806
STAT1,HS_TEB,7,0,0,1,1,0,Pmaip1,Bcl2,5,189,0.037037037037037035,0.8579787519209786,0.9999978226741806
STAT3,AP_TEB,7,1,1,1,0,1,Bbc3,,4,332,0.02108433734939759,0.9984634908439027,0.9999978226741806
TCF3,HS_LE,7,2,0,0,0,0,,,5,146,0.04794520547945205,0.6271988690412954,0.9999978226741806
TCF4,BA_DUCT,7,0,0,0,0,0,,,7,343,0.02040816326530612,0.9989732359858476,0.9999978226741806
TCF7,HS_TEB,7,1,0,1,1,0,Pmaip1,Bcl2,4,211,0.03317535545023697,0.9208210544873835,0.9999978226741806
TCF7L2,AP_TEB,7,1,0,1,0,1,Bbc3,,5,289,0.02422145328719723,0.9930113074862064,0.9999978226741806
TCF7L2,HS_TEB,7,0,0,0,1,-1,,Bcl2,6,250,0.028,0.9750112072816666,0.9999978226741806
TFAP2A,HS_HE,7,0,0,1,0,1,Aifm2,,6,148,0.0472972972972973,0.6414038183607345,0.9999978226741806
TFAP2A,HS_TEB,7,0,0,1,1,0,Pmaip1,Bcl2,5,312,0.022435897435897436,0.9968518880859893,0.9999978226741806
THAP10,BA_LE,7,3,1,0,0,0,,,3,179,0.03910614525139665,0.8181954734429076,0.9999978226741806
TP53,AP_TEB,7,2,0,1,0,1,Bbc3,,4,299,0.023411371237458192,0.9950401472900192,0.9999978226741806
TP63,HS_TEB,7,0,0,1,1,0,Pmaip1,Bcl2,5,335,0.020895522388059702,0.9986226548817293,0.9999978226741806
VDR,BA_DUCT,7,1,0,0,0,0,,,6,184,0.03804347826086957,0.8390642126995412,0.9999978226741806
YY1,HS_LE,7,2,2,0,0,0,,,3,117,0.05982905982905983,0.39453522758334847,0.9999978226741806
ZNF124,BA_LE,7,0,1,0,0,0,,,6,185,0.03783783783783784,0.843000245029693,0.9999978226741806
ZNF215,BA_LE,7,0,1,0,0,0,,,6,202,0.034653465346534656,0.8987930772541833,0.9999978226741806
ZNF281,AP_LE,7,0,1,0,0,0,,,6,102,0.06862745098039216,0.2695189150093213,0.9999978226741806
ZNF395,HS_TEB,7,0,0,2,1,1,"Bnip3,Pmaip1",Bcl2,4,97,0.07216494845360824,0.2303314776890935,0.9999978226741806
ZNF714,BA_LE,7,0,1,0,0,0,,,6,187,0.0374331550802139,0.8506409360693259,0.9999978226741806
ZNF878,BA_LE,7,1,0,0,0,0,,,6,116,0.0603448275862069,0.38604532837053196,0.9999978226741806
ZNF90,BA_LE,7,0,2,0,0,0,,,5,166,0.04216867469879518,0.7541851817665888,0.9999978226741806
ZUP1,AP_LE,7,1,4,0,0,0,,,2,110,0.06363636363636363,0.335334134264165,0.9999978226741806
AHRR,BA_LE,6,0,0,0,0,0,,,6,158,0.0379746835443038,0.8268924316297529,0.9999978226741806
ARNTL2,BA_LE,6,0,1,0,0,0,,,5,147,0.04081632653061224,0.7717323266929257,0.9999978226741806
ATF4,HS_LE,6,1,1,0,0,0,,,4,81,0.07407407407407407,0.23597125978682232,0.9999978226741806
BHLHE40,AP_TEB,6,0,0,1,0,1,Bbc3,,5,190,0.031578947368421054,0.9291616925773327,0.9999978226741806
CBX2,HS_LE,6,0,0,1,0,1,Bok,,5,144,0.041666666666666664,0.7546041119146821,0.9999978226741806
CEBPB,AP_TEB,6,1,0,1,0,1,Bbc3,,4,227,0.02643171806167401,0.9779313505909148,0.9999978226741806
CENPA,BA_TEB,6,0,0,0,0,0,,,6,177,0.03389830508474576,0.8966594548964069,0.9999978226741806
DACH1,AP_TEB,6,1,0,0,0,0,,,5,146,0.0410958904109589,0.7661245005081432,0.9999978226741806
E2F2,AP_LE,6,0,1,1,0,1,Bak1,,4,200,0.03,0.9476601146019955,0.9999978226741806
E2F4,AP_TEB,6,1,0,1,0,1,Bbc3,,4,262,0.022900763358778626,0.9933831178407903,0.9999978226741806
EGR1,BA_DUCT,6,1,0,0,0,0,,,5,462,0.012987012987012988,0.9999978226741806,0.9999978226741806
ELF1,HS_LE,6,2,1,0,0,0,,,3,101,0.0594059405940594,0.4172062985426058,0.9999978226741806
ELK3,HS_HE,6,0,0,0,0,0,,,6,89,0.06741573033707865,0.30654665870086434,0.9999978226741806
ETV4,AP_TEB,6,0,0,1,0,1,Bbc3,,5,180,0.03333333333333333,0.9051253782454847,0.9999978226741806
FOS,BA_DUCT,6,0,0,1,0,1,Aifm2,,5,221,0.027149321266968326,0.9731170893778947,0.9999978226741806
FOSL1,BA_TEB,6,0,0,0,0,0,,,6,191,0.031413612565445025,0.9312419417379614,0.9999978226741806
FOSL2,BA_DUCT,6,1,0,0,0,0,,,5,195,0.03076923076923077,0.9390326378823639,0.9999978226741806
FOXA1,HS_HE,6,0,0,0,0,0,,,6,145,0.041379310344827586,0.7604152279821081,0.9999978226741806
FOXM1,HS_LE,6,0,0,0,0,0,,,6,122,0.04918032786885246,0.6011590272980332,0.9999978226741806
GATA1,HS_HE,6,0,0,0,0,0,,,6,123,0.04878048780487805,0.6091496783042007,0.9999978226741806
GATA6,HS_HE,6,0,0,0,0,0,,,6,118,0.05084745762711865,0.5683441003368022,0.9999978226741806
HES6,BA_TEB,6,0,0,0,0,0,,,6,124,0.04838709677419355,0.6170512515076318,0.9999978226741806
HHEX,BA_DUCT,6,0,0,0,0,0,,,6,143,0.04195804195804196,0.7486908193076156,0.9999978226741806
HHEX,HS_TEB,6,1,0,1,0,1,Pmaip1,,4,152,0.039473684210526314,0.798267801013613,0.9999978226741806
HIF1A,HS_TEB,6,0,0,1,1,0,Pmaip1,Bcl2,4,165,0.03636363636363636,0.8560908465048327,0.9999978226741806
HMG20B,BA_TEB,6,0,0,0,0,0,,,6,89,0.06741573033707865,0.30654665870086434,0.9999978226741806
HOXB4,HS_LE,6,1,1,0,0,0,,,4,79,0.0759493670886076,0.21915497634959466,0.9999978226741806
HOXB7,HS_TEB,6,0,0,0,0,0,,,6,164,0.036585365853658534,0.8521841559298884,0.9999978226741806
MAFK,HS_HE,6,0,0,0,0,0,,,6,112,0.05357142857142857,0.5168202393167076,0.9999978226741806
MEF2A,BA_DUCT,6,0,0,0,0,0,,,6,199,0.03015075376884422,0.9460276689006902,0.9999978226741806
MEIS1,BA_DUCT,6,0,0,0,0,0,,,6,241,0.024896265560165973,0.986225810359406,0.9999978226741806
MTF2,AP_LE,6,0,2,0,0,0,,,4,166,0.03614457831325301,0.8599123089325168,0.9999978226741806
MXI1,HS_HE,6,0,0,1,0,1,Aifm2,,5,120,0.05,0.5849179219749546,0.9999978226741806
MYB,AP_TEB,6,0,0,1,0,1,Bbc3,,5,242,0.024793388429752067,0.986689266987278,0.9999978226741806
MYOD1,HS_TEB,6,0,0,1,1,0,Bok,Bcl2,4,209,0.028708133971291867,0.9604695998277405,0.9999978226741806
NANOG,HS_LE,6,1,1,0,0,0,,,4,87,0.06896551724137931,0.2885012186716651,0.9999978226741806
NFIB,BA_LE,6,1,2,0,0,0,,,3,122,0.04918032786885246,0.6011590272980332,0.9999978226741806
NFIC,BA_DUCT,6,0,0,0,0,0,,,6,194,0.030927835051546393,0.9371622770914638,0.9999978226741806
NR1H3,HS_TEB,6,0,0,1,0,1,Bnip3,,5,152,0.039473684210526314,0.798267801013613,0.9999978226741806
NR3C1,AP_TEB,6,0,1,1,0,1,Bbc3,,4,210,0.02857142857142857,0.9617011229981466,0.9999978226741806
OLIG2,BA_DUCT,6,0,0,0,0,0,,,6,209,0.028708133971291867,0.9604695998277405,0.9999978226741806
OTX1,BA_LE,6,3,0,0,0,0,,,3,106,0.05660377358490566,0.4630933273814462,0.9999978226741806
PAX5,HS_LE,6,1,0,0,0,0,,,5,118,0.05084745762711865,0.5683441003368022,0.9999978226741806
PPARG,AP_HE,6,0,1,0,0,0,,,5,121,0.049586776859504134,0.5930811237022716,0.9999978226741806
PRDM1,HS_TEB,6,0,0,1,1,0,Pmaip1,Bcl2,4,203,0.029556650246305417,0.9522947342165552,0.9999978226741806
RARB,BA_TEB,6,0,1,0,0,0,,,5,177,0.03389830508474576,0.8966594548964069,0.9999978226741806
REST,HS_HE,6,0,0,0,0,0,,,6,123,0.04878048780487805,0.6091496783042007,0.9999978226741806
RUNX1,HS_HE,6,0,0,1,0,1,Aifm2,,5,164,0.036585365853658534,0.8521841559298884,0.9999978226741806
RUNX2,AP_TEB,6,0,0,1,0,1,Bbc3,,5,223,0.026905829596412557,0.9748202908426844,0.9999978226741806
RUNX2,HS_TEB,6,1,0,1,1,0,Pmaip1,Bcl2,3,265,0.022641509433962263,0.9940551119983696,0.9999978226741806
SOX10,BA_TEB,6,0,0,0,0,0,,,6,141,0.0425531914893617,0.7365567109313615,0.9999978226741806
SOX2,BA_DUCT,6,0,0,0,0,0,,,6,287,0.020905923344947737,0.9973332651476344,0.9999978226741806
SOX9,AP_TEB,6,1,0,1,0,1,Bok,,4,221,0.027149321266968326,0.9731170893778947,0.9999978226741806
SPI1,HS_HE,6,0,0,0,0,0,,,6,122,0.04918032786885246,0.6011590272980332,0.9999978226741806
SREBF1,HS_HE,6,0,0,0,0,0,,,6,106,0.05660377358490566,0.4630933273814462,0.9999978226741806
SREBF2,AP_TEB,6,1,0,0,0,0,,,5,148,0.04054054054054054,0.7772391650731589,0.9999978226741806
STAT5A,HS_HE,6,0,0,1,0,1,Aifm2,,5,110,0.05454545454545454,0.49912051850111894,0.9999978226741806
TCFL5,BA_LE,6,0,0,1,0,1,Bid,,5,153,0.0392156862745098,0.8032785298280305,0.9999978226741806
TFAP2A,BA_DUCT,6,0,0,1,0,1,Aifm2,,5,257,0.023346303501945526,0.9921001083890801,0.9999978226741806
TFAP2C,AP_TEB,6,2,0,1,0,1,Bbc3,,3,282,0.02127659574468085,0.9967925457909204,0.9999978226741806
THAP8,BA_TEB,6,1,0,0,0,0,,,5,84,0.07142857142857142,0.26189047571656404,0.9999978226741806
TP63,HS_HE,6,0,0,1,0,1,Aifm2,,5,142,0.04225352112676056,0.7426750842658737,0.9999978226741806
TWIST1,BA_TEB,6,0,0,0,0,0,,,6,146,0.0410958904109589,0.7661245005081432,0.9999978226741806
YY1,AP_TEB,6,1,0,1,0,1,Bbc3,,4,231,0.025974025974025976,0.9806825888066126,0.9999978226741806
YY2,BA_LE,6,1,0,0,0,0,,,5,121,0.049586776859504134,0.5930811237022716,0.9999978226741806
ZBED4,AP_LE,6,0,0,0,0,0,,,6,183,0.03278688524590164,0.9129867263886331,0.9999978226741806
ZBED4,BA_TEB,6,0,0,0,0,0,,,6,127,0.047244094488188976,0.6402051440998545,0.9999978226741806
ZBTB12,BA_LE,6,1,0,0,0,0,,,5,162,0.037037037037037035,0.8441105950794277,0.9999978226741806
ZFP69B,BA_LE,6,0,0,0,0,0,,,6,138,0.043478260869565216,0.7175849155167189,0.9999978226741806
ZIK1,BA_LE,6,0,1,0,0,0,,,5,157,0.03821656050955414,0.8223587194864321,0.9999978226741806
ZKSCAN4,AP_LE,6,0,0,1,0,1,Bak1,,5,100,0.06,0.40795850781749043,0.9999978226741806
ZNF121,AP_LE,6,0,1,0,0,0,,,5,104,0.057692307692307696,0.44482704017406693,0.9999978226741806
ZNF22,BA_TEB,6,0,1,0,0,0,,,5,120,0.05,0.5849179219749546,0.9999978226741806
ZNF496,AP_LE,6,2,0,0,0,0,,,4,94,0.06382978723404255,0.35238585232263703,0.9999978226741806
ZNF544,AP_LE,6,1,1,0,0,0,,,4,103,0.05825242718446602,0.4356451966964468,0.9999978226741806
ZNF598,BA_TEB,6,0,0,0,0,0,,,6,80,0.075,0.22751288120005714,0.9999978226741806
ZNF668,BA_TEB,6,0,0,0,0,0,,,6,88,0.06818181818181818,0.2974973899390668,0.9999978226741806
ZNF695,BA_TEB,6,0,0,0,0,0,,,6,208,0.028846153846153848,0.959202169059254,0.9999978226741806
ZNF714,AP_LE,6,0,2,0,0,0,,,4,181,0.03314917127071823,0.9078113779633323,0.9999978226741806
ZNF90,AP_LE,6,3,1,0,0,0,,,2,164,0.036585365853658534,0.8521841559298884,0.9999978226741806
ZNF92,BA_TEB,6,0,0,0,0,0,,,6,205,0.02926829268292683,0.9551754595115126,0.9999978226741806
ZNF93,AP_LE,6,0,2,0,0,0,,,4,193,0.031088082901554404,0.9352411120802853,0.9999978226741806
ALX1,BA_TEB,5,1,0,0,0,0,,,4,115,0.043478260869565216,0.7094323024235251,0.9999978226741806
AR,HS_HE,5,0,0,0,0,0,,,5,113,0.04424778761061947,0.6948269445049737,0.9999978226741806
ARNTL2,AP_LE,5,0,1,0,0,0,,,4,137,0.0364963503649635,0.8380002227654724,0.9999978226741806
ATF1,AP_TEB,5,0,0,1,0,1,Bbc3,,4,179,0.027932960893854747,0.9557820712078733,0.9999978226741806
BACH1,BA_DUCT,5,0,0,1,0,1,Aifm2,,4,277,0.018050541516245487,0.9988148145317159,0.9999978226741806
BHLHE23,BA_LE,5,0,0,0,0,0,,,5,86,0.05813953488372093,0.4537843231544525,0.9999978226741806
BHLHE40,BA_DUCT,5,0,0,1,0,1,Aifm2,,4,143,0.03496503496503497,0.8636214301919137,0.9999978226741806
CBX2,AP_TEB,5,1,0,1,0,1,Bok,,3,277,0.018050541516245487,0.9988148145317159,0.9999978226741806
CDC5L,AP_LE,5,1,2,0,0,0,,,2,116,0.04310344827586207,0.7165483585199677,0.9999978226741806
CEBPD,AP_TEB,5,0,0,1,0,1,Bbc3,,4,121,0.04132231404958678,0.7502636645031329,0.9999978226741806
CTCF,AP_TEB,5,1,0,0,0,0,,,4,280,0.017857142857142856,0.9989485614518266,0.9999978226741806
CXXC4,BA_TEB,5,0,0,0,0,0,,,5,121,0.04132231404958678,0.7502636645031329,0.9999978226741806
E2F7,HS_LE,5,0,0,0,0,0,,,5,119,0.04201680672268908,0.737149743346794,0.9999978226741806
ELF1,BA_DUCT,5,0,0,0,0,0,,,5,137,0.0364963503649635,0.8380002227654724,0.9999978226741806
ELK3,AP_TEB,5,0,0,2,0,2,"Bbc3,Bok",,3,177,0.02824858757062147,0.9527525481092267,0.9999978226741806
ELK3,HS_TEB,5,0,0,1,0,1,Bok,,4,211,0.023696682464454975,0.9854080235082756,0.9999978226741806
ERG,AP_TEB,5,0,1,1,0,1,Bbc3,,3,200,0.025,0.9784322435451961,0.9999978226741806
ESR1,BA_DUCT,5,0,0,1,0,1,Aifm2,,4,270,0.018518518518518517,0.9984354034698151,0.9999978226741806
ETS1,AP_TEB,5,0,0,1,0,1,Bbc3,,4,234,0.021367521367521368,0.9937329690709369,0.9999978226741806
ETV5,BA_LE,5,0,0,0,0,0,,,5,100,0.05,0.5881024637311144,0.9999978226741806
FLI1,HS_HE,5,0,0,0,0,0,,,5,109,0.045871559633027525,0.6641325768994913,0.9999978226741806
FOS,AP_HE,5,0,0,0,0,0,,,5,109,0.045871559633027525,0.6641325768994913,0.9999978226741806
FOXF2,BA_LE,5,0,0,0,0,0,,,5,96,0.052083333333333336,0.5514624476625095,0.9999978226741806
FOXO1,AP_HE,5,0,0,0,0,0,,,5,71,0.07042253521126761,0.3000380777229116,0.9999978226741806
FOXO1,BA_DUCT,5,0,0,0,0,0,,,5,235,0.02127659574468085,0.9939638658400519,0.9999978226741806
GATA2,BA_DUCT,5,0,0,0,0,0,,,5,237,0.02109704641350211,0.9944014930223871,0.9999978226741806
GATA3,BA_DUCT,5,0,0,0,0,0,,,5,257,0.019455252918287938,0.9973963253906624,0.9999978226741806
GRHL2,AP_TEB,5,0,0,1,0,1,Bbc3,,4,164,0.03048780487804878,0.9280311241653898,0.9999978226741806
HESX1,BA_TEB,5,1,2,0,0,0,,,2,121,0.04132231404958678,0.7502636645031329,0.9999978226741806
HIF1A,BA_TEB,5,0,0,0,0,0,,,5,159,0.031446540880503145,0.9157967891025096,0.9999978226741806
HMGA2,BA_LE,5,0,0,0,0,0,,,5,156,0.03205128205128205,0.9076071106960593,0.9999978226741806
HMGN3,HS_HE,5,0,0,0,0,0,,,5,94,0.05319148936170213,0.5325616758465241,0.9999978226741806
HNF4G,HS_HE,5,0,0,0,0,0,,,5,87,0.05747126436781609,0.4638625612326712,0.9999978226741806
IRF4,HS_TEB,5,1,0,1,1,0,Pmaip1,Bcl2,2,164,0.03048780487804878,0.9280311241653898,0.9999978226741806
JUN,BA_DUCT,5,0,0,0,0,0,,,5,256,0.01953125,0.9972932861493865,0.9999978226741806
KLF16,AP_LE,5,0,1,0,0,0,,,4,91,0.054945054945054944,0.503562542215724,0.9999978226741806
KLF4,HS_TEB,5,0,1,1,0,1,Pmaip1,,3,247,0.020242914979757085,0.9961711196660272,0.9999978226741806
KLF5,AP_TEB,5,0,0,1,0,1,Bbc3,,4,199,0.02512562814070352,0.9776629403216162,0.9999978226741806
LHX2,BA_TEB,5,0,0,0,0,0,,,5,131,0.03816793893129771,0.8085614875859422,0.9999978226741806
LIN54,BA_LE,5,0,0,1,0,1,Bid,,4,69,0.07246376811594203,0.27989629678789374,0.9999978226741806
MAFF,BA_DUCT,5,0,0,1,0,1,Aifm2,,4,168,0.02976190476190476,0.9366524195634414,0.9999978226741806
MAFK,AP_TEB,5,0,0,1,0,1,Bbc3,,4,194,0.02577319587628866,0.973417624373603,0.9999978226741806
MAX,AP_HE,5,0,0,0,0,0,,,5,88,0.056818181818181816,0.47388455950336966,0.9999978226741806
MEIS1,HS_LE,5,0,0,0,0,0,,,5,66,0.07575757575757576,0.25023820644098954,0.9999978226741806
MITF,BA_DUCT,5,0,0,0,0,0,,,5,373,0.013404825737265416,0.999978461458368,0.9999978226741806
MNX1,HS_LE,5,1,0,0,0,0,,,4,84,0.05952380952380952,0.4334809189138949,0.9999978226741806
MYB,HS_HE,5,0,0,0,0,0,,,5,103,0.04854368932038835,0.6144765282498925,0.9999978226741806
NCOA3,HS_TEB,5,1,0,1,1,0,Pmaip1,Bcl2,2,130,0.038461538461538464,0.8032629898149826,0.9999978226741806
NFATC1,HS_TEB,5,1,0,1,1,0,Pmaip1,Bcl2,2,156,0.03205128205128205,0.9076071106960593,0.9999978226741806
NFE2L2,HS_HE,5,0,0,0,0,0,,,5,126,0.03968253968253968,0.7809046852783004,0.9999978226741806
NFYB,AP_TEB,5,1,0,0,0,0,,,4,231,0.021645021645021644,0.9929885653679134,0.9999978226741806
NKRF,BA_TEB,5,0,0,0,0,0,,,5,93,0.053763440860215055,0.5229778554463174,0.9999978226741806
NKX12,AP_LE,5,0,0,0,0,0,,,5,86,0.05813953488372093,0.4537843231544525,0.9999978226741806
NR2F1,AP_TEB,5,1,0,0,0,0,,,4,124,0.04032258064516129,0.7690125345360199,0.9999978226741806
NR2F6,HS_LE,5,0,0,1,0,1,Bok,,4,72,0.06944444444444445,0.3101946967478514,0.9999978226741806
NRF1,AP_TEB,5,0,0,1,0,1,Bbc3,,4,195,0.02564102564102564,0.9743224924391619,0.9999978226741806
PBX1,AP_TEB,5,0,1,0,0,0,,,4,164,0.03048780487804878,0.9280311241653898,0.9999978226741806
PITX1,BA_TEB,5,0,0,0,0,0,,,5,98,0.05102040816326531,0.5699843033639866,0.9999978226741806
POU2F2,HS_TEB,5,1,0,1,1,0,Pmaip1,Bcl2,2,140,0.03571428571428571,0.8512683614576078,0.9999978226741806
POU3F2,BA_TEB,5,0,0,0,0,0,,,5,158,0.03164556962025317,0.9131407099885429,0.9999978226741806
PPARD,AP_HE,5,0,1,0,0,0,,,4,84,0.05952380952380952,0.4334809189138949,0.9999978226741806
PPARG,AP_TEB,5,1,0,1,0,1,Bok,,3,249,0.020080321285140562,0.9964537593963168,0.9999978226741806
PRMT3,HS_LE,5,1,0,0,0,0,,,4,67,0.07462686567164178,0.2600389663790006,0.9999978226741806
RARA,HS_TEB,5,1,0,1,1,0,Pmaip1,Bcl2,2,211,0.023696682464454975,0.9854080235082756,0.9999978226741806
RELA,BA_DUCT,5,0,0,0,0,0,,,5,192,0.026041666666666668,0.9715183870633703,0.9999978226741806
RELA,HS_HE,5,0,0,0,0,0,,,5,127,0.03937007874015748,0.786671059916761,0.9999978226741806
RUNX2,HS_HE,5,0,0,0,0,0,,,5,104,0.04807692307692308,0.6230446842133184,0.9999978226741806
RXRA,AP_TEB,5,0,0,1,0,1,Bbc3,,4,199,0.02512562814070352,0.9776629403216162,0.9999978226741806
SALL2,BA_LE,5,0,0,0,0,0,,,5,116,0.04310344827586207,0.7165483585199677,0.9999978226741806
SIX5,BA_DUCT,5,1,0,0,0,0,,,4,153,0.032679738562091505,0.8987296932676712,0.9999978226741806
SNAI2,AP_TEB,5,0,0,1,0,1,Bbc3,,4,134,0.03731343283582089,0.8237771176187525,0.9999978226741806
SOX17,HS_TEB,5,1,0,2,0,2,"Bnip3,Bok",,2,163,0.03067484662576687,0.9257187165972343,0.9999978226741806
SOX4,BA_LE,5,0,3,0,0,0,,,2,90,0.05555555555555555,0.49373938373232423,0.9999978226741806
STAT5A,HS_TEB,5,0,1,1,1,0,Pmaip1,Bcl2,2,183,0.0273224043715847,0.9613154182821766,0.9999978226741806
TBX3,HS_TEB,5,0,0,0,0,0,,,5,136,0.03676470588235294,0.8333672049756868,0.9999978226741806
TCF21,AP_TEB,5,0,0,0,0,0,,,5,163,0.03067484662576687,0.9257187165972343,0.9999978226741806
TCF21,HS_TEB,5,0,0,0,0,0,,,5,179,0.027932960893854747,0.9557820712078733,0.9999978226741806
TCF4,AP_TEB,5,0,0,1,0,1,Bbc3,,4,293,0.017064846416382253,0.9993771427567018,0.9999978226741806
TFAP2C,BA_DUCT,5,1,0,1,0,1,Aifm2,,3,267,0.018726591760299626,0.998238929490562,0.9999978226741806
TFAP2C,HS_HE,5,0,0,1,0,1,Aifm2,,4,147,0.034013605442176874,0.8787407176161403,0.9999978226741806
TFAP2C,HS_TEB,5,0,0,1,0,1,Pmaip1,,4,325,0.015384615384615385,0.9998333997306059,0.9999978226741806
TFDP1,HS_LE,5,0,0,0,0,0,,,5,124,0.04032258064516129,0.7690125345360199,0.9999978226741806
TGIF2,HS_LE,5,0,0,0,0,0,,,5,101,0.04950495049504951,0.5970033056680165,0.9999978226741806
ZBTB39,AP_LE,5,0,0,0,0,0,,,5,103,0.04854368932038835,0.6144765282498925,0.9999978226741806
ZBTB7A,HS_HE,5,0,0,0,0,0,,,5,104,0.04807692307692308,0.6230446842133184,0.9999978226741806
ZEB1,AP_TEB,5,1,0,1,0,1,Bbc3,,3,166,0.030120481927710843,0.9324645668146351,0.9999978226741806
ZEB1,HS_LE,5,0,2,0,0,0,,,3,87,0.05747126436781609,0.4638625612326712,0.9999978226741806
ZEB2,HS_TEB,5,0,0,0,1,-1,,Bcl2,4,139,0.03597122302158273,0.8469493334214485,0.9999978226741806
ZNF100,AP_LE,5,1,1,0,0,0,,,3,165,0.030303030303030304,0.930279257842282,0.9999978226741806
ZNF100,BA_LE,5,1,1,0,0,0,,,3,163,0.03067484662576687,0.9257187165972343,0.9999978226741806
ZNF107,BA_TEB,5,0,0,0,0,0,,,5,114,0.043859649122807015,0.7021917736259871,0.9999978226741806
ZNF124,AP_LE,5,0,2,0,0,0,,,3,165,0.030303030303030304,0.930279257842282,0.9999978226741806
ZNF202,BA_TEB,5,1,0,0,0,0,,,4,104,0.04807692307692308,0.6230446842133184,0.9999978226741806
ZNF256,AP_LE,5,0,2,0,0,0,,,3,63,0.07936507936507936,0.2214505936242108,0.9999978226741806
ZNF35,BA_TEB,5,0,1,0,0,0,,,4,113,0.04424778761061947,0.6948269445049737,0.9999978226741806
ZNF367,BA_TEB,5,0,0,0,0,0,,,5,203,0.024630541871921183,0.9805941759114198,0.9999978226741806
ZNF45,AP_LE,5,2,1,0,0,0,,,2,88,0.056818181818181816,0.47388455950336966,0.9999978226741806
ZNF496,BA_TEB,5,0,0,0,0,0,,,5,92,0.05434782608695652,0.5133101252149065,0.9999978226741806
ZNF730,AP_LE,5,1,1,0,0,0,,,3,123,0.04065040650406504,0.7628850634461657,0.9999978226741806
ZNF730,BA_LE,5,1,0,0,0,0,,,4,127,0.03937007874015748,0.786671059916761,0.9999978226741806
ZNF878,AP_LE,5,0,1,0,0,0,,,4,117,0.042735042735042736,0.7235398900042678,0.9999978226741806
ZNF878,BA_TEB,5,0,1,0,0,0,,,4,120,0.041666666666666664,0.7437685181890477,0.9999978226741806
ZNF90,HS_LE,5,3,0,0,0,0,,,2,63,0.07936507936507936,0.2214505936242108,0.9999978226741806
AHR,BA_DUCT,4,0,0,0,0,0,,,4,207,0.01932367149758454,0.9945821092001284,0.9999978226741806
AR,AP_HE,4,0,0,0,0,0,,,4,88,0.045454545454545456,0.6678379639868153,0.9999978226741806
AR,HS_DUCT,4,0,0,0,0,0,,,4,58,0.06896551724137931,0.34741347473374096,0.9999978226741806
ARID3B,BA_TEB,4,0,0,0,0,0,,,4,60,0.06666666666666667,0.3710578328942113,0.9999978226741806
ATF3,AP_HE,4,0,0,0,0,0,,,4,99,0.04040404040404041,0.7543835649663093,0.9999978226741806
ATF3,AP_TEB,4,0,0,1,0,1,Bbc3,,3,211,0.018957345971563982,0.9953844979824449,0.9999978226741806
CEBPA,BA_DUCT,4,0,0,1,0,1,Aifm2,,3,154,0.025974025974025976,0.9591799684070825,0.9999978226741806
CEBPA,HS_TEB,4,0,0,1,1,0,Bok,Bcl2,2,207,0.01932367149758454,0.9945821092001284,0.9999978226741806
CEBPB,HS_HE,4,0,0,0,0,0,,,4,135,0.02962962962962963,0.9207092049663649,0.9999978226741806
CENPA,AP_LE,4,0,1,0,0,0,,,3,223,0.017937219730941704,0.997161914126359,0.9999978226741806
CHAMP1,BA_TEB,4,1,0,0,0,0,,,3,90,0.044444444444444446,0.6849967780416055,0.9999978226741806
CREM,AP_HE,4,0,1,0,0,0,,,3,114,0.03508771929824561,0.842988817877804,0.9999978226741806
DR1,AP_LE,4,0,1,0,0,0,,,3,126,0.031746031746031744,0.8929655414502987,0.9999978226741806
E2F3,BA_LE,4,0,0,0,0,0,,,4,178,0.02247191011235955,0.9832041740340378,0.9999978226741806
E2F5,HS_LE,4,2,1,0,0,0,,,1,77,0.05194805194805195,0.5624930230172656,0.9999978226741806
E2F7,AP_TEB,4,0,0,1,0,1,Bbc3,,3,229,0.017467248908296942,0.9977809124689299,0.9999978226741806
EBF1,BA_DUCT,4,0,0,1,0,1,Aifm2,,3,228,0.017543859649122806,0.9976877298294926,0.9999978226741806
EGR1,HS_HE,4,0,0,0,0,0,,,4,131,0.030534351145038167,0.9092853817043804,0.9999978226741806
ELF1,HS_HE,4,0,0,0,0,0,,,4,103,0.038834951456310676,0.7811858775281166,0.9999978226741806
EPAS1,HS_TEB,4,0,0,1,0,1,Bok,,3,157,0.025477707006369428,0.9633667683812509,0.9999978226741806
ERG,HS_HE,4,0,0,0,0,0,,,4,98,0.04081632653061224,0.7473012094499105,0.9999978226741806
ESR1,HS_HE,4,0,0,1,0,1,Aifm2,,3,132,0.030303030303030304,0.9122709922461938,0.9999978226741806
ESR1,HS_LE,4,1,0,0,0,0,,,3,55,0.07272727272727272,0.3120181581523559,0.9999978226741806
ETS1,BA_DUCT,4,0,0,0,0,0,,,4,229,0.017467248908296942,0.9977809124689299,0.9999978226741806
ETV3,HS_TEB,4,0,0,1,1,0,Pmaip1,Bcl2,2,98,0.04081632653061224,0.7473012094499105,0.9999978226741806
FOSL1,AP_LE,4,0,1,0,0,0,,,3,155,0.025806451612903226,0.9606224449664745,0.9999978226741806
FOSL2,AP_TEB,4,1,0,1,0,1,Bbc3,,2,138,0.028985507246376812,0.9284124513120966,0.9999978226741806
FOXA2,AP_HE,4,0,0,0,0,0,,,4,97,0.041237113402061855,0.7400637847117094,0.9999978226741806
FOXD2,HS_TEB,4,0,0,1,0,1,Pmaip1,,3,101,0.039603960396039604,0.7680875581438829,0.9999978226741806
FOXD3,BA_TEB,4,0,0,0,0,0,,,4,110,0.03636363636363636,0.8224421328368885,0.9999978226741806
FOXH1,BA_TEB,4,0,0,0,0,0,,,4,84,0.047619047619047616,0.6316373951950767,0.9999978226741806
FOXO3,AP_HE,4,0,1,0,0,0,,,3,53,0.07547169811320754,0.2886051658110911,0.9999978226741806
FOXP2,BA_DUCT,4,1,0,0,0,0,,,3,215,0.018604651162790697,0.996071685833513,0.9999978226741806
GATA3,AP_TEB,4,0,0,0,0,0,,,4,228,0.017543859649122806,0.9976877298294926,0.9999978226741806
GATA6,BA_DUCT,4,1,0,0,0,0,,,3,234,0.017094017094017096,0.9981947854195016,0.9999978226741806
GATAD2A,BA_TEB,4,0,0,0,0,0,,,4,82,0.04878048780487805,0.61261418357728,0.9999978226741806
GFI1B,HS_HE,4,0,0,0,0,0,,,4,101,0.039603960396039604,0.7680875581438829,0.9999978226741806
HBP1,AP_HE,4,0,0,0,0,0,,,4,62,0.06451612903225806,0.39463885081146616,0.9999978226741806
HES3,BA_TEB,4,0,0,0,0,0,,,4,98,0.04081632653061224,0.7473012094499105,0.9999978226741806
HIF1A,AP_TEB,4,0,0,1,0,1,Bbc3,,3,138,0.028985507246376812,0.9284124513120966,0.9999978226741806
HIF1A,HS_LE,4,1,0,0,0,0,,,3,90,0.044444444444444446,0.6849967780416055,0.9999978226741806
HMGA1,HS_LE,4,0,0,0,0,0,,,4,104,0.038461538461538464,0.7875115252607088,0.9999978226741806
HMGA2,BA_TEB,4,0,0,0,0,0,,,4,141,0.028368794326241134,0.9354341500592378,0.9999978226741806
HMGA2,HS_LE,4,0,0,0,0,0,,,4,51,0.0784313725490196,0.26545551354078056,0.9999978226741806
HMX2,BA_TEB,4,0,0,0,0,0,,,4,128,0.03125,0.8997804464764287,0.9999978226741806
HNF1B,BA_DUCT,4,0,0,0,0,0,,,4,117,0.03418803418803419,0.8570538636766831,0.9999978226741806
HNF4A,BA_HE,4,0,0,1,0,1,Aifm2,,3,170,0.023529411764705882,0.9772952822761882,0.9999978226741806
HOXB7,HS_HE,4,0,0,1,0,1,Aifm2,,3,82,0.04878048780487805,0.61261418357728,0.9999978226741806
JUN,AP_TEB,4,0,0,1,0,1,Bbc3,,3,265,0.01509433962264151,0.9995106379257004,0.9999978226741806
JUND,HS_HE,4,0,0,0,0,0,,,4,135,0.02962962962962963,0.9207092049663649,0.9999978226741806
KLF12,HS_TEB,4,0,0,0,1,-1,,Bcl2,3,96,0.041666666666666664,0.7326703241548358,0.9999978226741806
KLF4,HS_HE,4,0,0,0,0,0,,,4,128,0.03125,0.8997804464764287,0.9999978226741806
KLF5,HS_HE,4,0,0,0,0,0,,,4,119,0.03361344537815126,0.8658227580212297,0.9999978226741806
KLF9,AP_TEB,4,1,0,1,0,1,Bbc3,,2,114,0.03508771929824561,0.842988817877804,0.9999978226741806
MAFB,AP_HE,4,0,0,0,0,0,,,4,70,0.05714285714285714,0.4868320039867079,0.9999978226741806
MAFB,BA_DUCT,4,0,0,0,0,0,,,4,167,0.023952095808383235,0.9746120927703856,0.9999978226741806
MBD3,HS_LE,4,0,0,0,0,0,,,4,88,0.045454545454545456,0.6678379639868153,0.9999978226741806
MEIS2,AP_TEB,4,0,0,1,0,1,Bbc3,,3,130,0.03076923076923077,0.9062098429526724,0.9999978226741806
MXI1,AP_HE,4,0,1,0,0,0,,,3,91,0.04395604395604396,0.693338581987623,0.9999978226741806
MYOD1,AP_HE,4,0,1,0,0,0,,,3,88,0.045454545454545456,0.6678379639868153,0.9999978226741806
MYOD1,HS_LE,4,0,1,1,0,1,Bok,,2,58,0.06896551724137931,0.34741347473374096,0.9999978226741806
NANOG,HS_HE,4,0,0,0,0,0,,,4,54,0.07407407407407407,0.3002851294502353,0.9999978226741806
NFATC4,BA_LE,4,0,0,1,0,1,Bid,,3,75,0.05333333333333334,0.5414813956178746,0.9999978226741806
NFE2,HS_HE,4,0,0,1,0,1,Aifm2,,3,67,0.05970149253731343,0.4528068293067231,0.9999978226741806
NFE2L3,BA_LE,4,0,0,0,0,0,,,4,105,0.0380952380952381,0.7936902777140513,0.9999978226741806
NFIC,HS_HE,4,0,0,0,0,0,,,4,74,0.05405405405405406,0.5307842295801584,0.9999978226741806
NFKB1,HS_TEB,4,0,0,1,1,0,Pmaip1,Bcl2,2,146,0.0273972602739726,0.9457599926661886,0.9999978226741806
NFXL1,AP_TEB,4,0,0,0,0,0,,,4,92,0.043478260869565216,0.7015216936591099,0.9999978226741806
NFXL1,BA_TEB,4,0,0,0,0,0,,,4,100,0.04,0.7613119441844425,0.9999978226741806
NKX12,BA_TEB,4,0,0,0,0,0,,,4,92,0.043478260869565216,0.7015216936591099,0.9999978226741806
NR0B1,HS_HE,4,0,0,0,0,0,,,4,74,0.05405405405405406,0.5307842295801584,0.9999978226741806
NR1H3,BA_DUCT,4,0,0,1,0,1,Aifm2,,3,157,0.025477707006369428,0.9633667683812509,0.9999978226741806
NR3C1,AP_HE,4,0,0,0,0,0,,,4,100,0.04,0.7613119441844425,0.9999978226741806
NR4A1,BA_DUCT,4,0,0,0,0,0,,,4,160,0.025,0.9671518895757916,0.9999978226741806
NR4A1,HS_TEB,4,0,0,1,0,1,Pmaip1,,3,135,0.02962962962962963,0.9207092049663649,0.9999978226741806
PAX5,HS_TEB,4,0,0,1,1,0,Pmaip1,Bcl2,2,153,0.026143790849673203,0.9576887449599727,0.9999978226741806
PBX1,BA_DUCT,4,0,0,0,0,0,,,4,208,0.019230769230769232,0.994794460360882,0.9999978226741806
PBX1,HS_LE,4,1,0,0,0,0,,,3,48,0.08333333333333333,0.23145533284944378,0.9999978226741806
PBX1,HS_TEB,4,0,0,1,0,1,Pmaip1,,3,173,0.023121387283236993,0.9797099678847401,0.9999978226741806
PCGF2,AP_LE,4,0,0,0,0,0,,,4,67,0.05970149253731343,0.4528068293067231,0.9999978226741806
PCGF2,BA_TEB,4,0,0,0,0,0,,,4,107,0.037383177570093455,0.8056139204385053,0.9999978226741806
PGR,BA_DUCT,4,0,0,0,0,0,,,4,178,0.02247191011235955,0.9832041740340378,0.9999978226741806
PPARD,HS_HE,4,0,0,0,0,0,,,4,121,0.03305785123966942,0.8741261526182806,0.9999978226741806
RARB,HS_TEB,4,0,0,0,1,-1,,Bcl2,3,179,0.0223463687150838,0.9838309649557786,0.9999978226741806
RELB,HS_TEB,4,0,0,1,0,1,Pmaip1,,3,156,0.02564102564102564,0.9620175853420116,0.9999978226741806
RUNX2,BA_DUCT,4,0,0,0,0,0,,,4,264,0.015151515151515152,0.9994892683090078,0.9999978226741806
RXRA,BA_DUCT,4,0,0,0,0,0,,,4,190,0.021052631578947368,0.98941029650167,0.9999978226741806
RXRA,HS_HE,4,0,0,1,0,1,Aifm2,,3,110,0.03636363636363636,0.8224421328368885,0.9999978226741806
RXRA,HS_TEB,4,0,0,0,1,-1,,Bcl2,3,215,0.018604651162790697,0.996071685833513,0.9999978226741806
SAFB,AP_LE,4,1,0,0,0,0,,,3,75,0.05333333333333334,0.5414813956178746,0.9999978226741806
SALL1,BA_TEB,4,0,0,0,0,0,,,4,102,0.0392156862745098,0.7747117280415837,0.9999978226741806
SALL3,BA_TEB,4,0,0,0,0,0,,,4,102,0.0392156862745098,0.7747117280415837,0.9999978226741806
SOX12,AP_TEB,4,0,0,0,0,0,,,4,84,0.047619047619047616,0.6316373951950767,0.9999978226741806
SOX13,AP_TEB,4,0,0,0,0,0,,,4,128,0.03125,0.8997804464764287,0.9999978226741806
SOX15,AP_LE,4,1,1,0,0,0,,,2,67,0.05970149253731343,0.4528068293067231,0.9999978226741806
SOX6,HS_HE,4,0,0,0,0,0,,,4,75,0.05333333333333334,0.5414813956178746,0.9999978226741806
SPDEF,BA_LE,4,0,0,0,0,0,,,4,93,0.043010752688172046,0.709546135825977,0.9999978226741806
STAT1,HS_HE,4,0,0,0,0,0,,,4,95,0.042105263157894736,0.7251199959676553,0.9999978226741806
STAT5A,BA_DUCT,4,0,0,1,0,1,Aifm2,,3,179,0.0223463687150838,0.9838309649557786,0.9999978226741806
TCF7L2,HS_HE,4,0,0,0,0,0,,,4,130,0.03076923076923077,0.9062098429526724,0.9999978226741806
TEAD2,AP_TEB,4,0,0,0,0,0,,,4,194,0.020618556701030927,0.9909399121730658,0.9999978226741806
TFDP1,AP_TEB,4,0,0,1,0,1,Bbc3,,3,187,0.0213903743315508,0.9881044466185078,0.9999978226741806
TGIF2,HS_TEB,4,0,1,1,1,0,Pmaip1,Bcl2,1,136,0.029411764705882353,0.9233559322388094,0.9999978226741806
TMF1,BA_TEB,4,0,0,0,0,0,,,4,63,0.06349206349206349,0.406380427569924,0.9999978226741806
TWIST1,BA_DUCT,4,1,0,0,0,0,,,3,192,0.020833333333333332,0.9902035932837325,0.9999978226741806
ZBED3,AP_TEB,4,0,0,1,0,1,Bok,,3,90,0.044444444444444446,0.6849967780416055,0.9999978226741806
ZBTB12,BA_TEB,4,1,0,0,0,0,,,3,127,0.031496062992125984,0.8964222725570802,0.9999978226741806
ZBTB2,AP_LE,4,0,0,0,0,0,,,4,73,0.0547945205479452,0.5199655374945091,0.9999978226741806
ZBTB7A,BA_DUCT,4,1,0,0,0,0,,,3,223,0.017937219730941704,0.997161914126359,0.9999978226741806
ZBTB9,AP_LE,4,0,1,0,0,0,,,3,115,0.034782608695652174,0.8478016652815618,0.9999978226741806
ZFP69B,BA_TEB,4,0,0,0,0,0,,,4,124,0.03225806451612903,0.8857475979791469,0.9999978226741806
ZFP90,BA_TEB,4,0,0,0,0,0,,,4,80,0.05,0.5929948325688108,0.9999978226741806
ZHX2,HS_HE,4,0,0,0,0,0,,,4,73,0.0547945205479452,0.5199655374945091,0.9999978226741806
ZIC2,BA_LE,4,0,0,0,0,0,,,4,140,0.02857142857142857,0.9331661089667911,0.9999978226741806
ZIC3,BA_LE,4,0,0,0,0,0,,,4,126,0.031746031746031744,0.8929655414502987,0.9999978226741806
ZIC3,BA_TEB,4,0,0,0,0,0,,,4,115,0.034782608695652174,0.8478016652815618,0.9999978226741806
ZIC5,BA_TEB,4,0,0,0,0,0,,,4,121,0.03305785123966942,0.8741261526182806,0.9999978226741806
ZNF131,AP_LE,4,1,0,0,0,0,,,3,72,0.05555555555555555,0.5090303027364859,0.9999978226741806
ZNF138,BA_LE,4,0,0,0,0,0,,,4,103,0.038834951456310676,0.7811858775281166,0.9999978226741806
ZNF146,AP_LE,4,0,0,0,0,0,,,4,137,0.029197080291970802,0.9259230212455265,0.9999978226741806
ZNF215,AP_LE,4,0,2,0,0,0,,,2,173,0.023121387283236993,0.9797099678847401,0.9999978226741806
ZNF215,BA_TEB,4,0,0,0,0,0,,,4,175,0.022857142857142857,0.9811829113465513,0.9999978226741806
ZNF217,HS_LE,4,2,0,0,0,0,,,2,64,0.0625,0.4180767621164519,0.9999978226741806
ZNF219,AP_TEB,4,0,0,2,0,2,"Bbc3,Bok",,2,75,0.05333333333333334,0.5414813956178746,0.9999978226741806
ZNF280C,AP_LE,4,0,2,0,0,0,,,2,136,0.029411764705882353,0.9233559322388094,0.9999978226741806
ZNF324B,AP_LE,4,0,0,0,0,0,,,4,89,0.0449438202247191,0.6764964494056374,0.9999978226741806
ZNF587B,AP_LE,4,0,1,0,0,0,,,3,58,0.06896551724137931,0.34741347473374096,0.9999978226741806
ZNF680,BA_TEB,4,0,0,0,0,0,,,4,93,0.043010752688172046,0.709546135825977,0.9999978226741806
ZNF681,AP_LE,4,0,2,0,0,0,,,2,107,0.037383177570093455,0.8056139204385053,0.9999978226741806
ZNF692,AP_LE,4,0,0,0,0,0,,,4,61,0.06557377049180328,0.38286139563288496,0.9999978226741806
ZNF695,HS_LE,4,0,0,0,0,0,,,4,77,0.05194805194805195,0.5624930230172656,0.9999978226741806
ZNF718,AP_LE,4,0,2,0,0,0,,,2,66,0.06060606060606061,0.44129830017670985,0.9999978226741806
ZNF850,BA_TEB,4,0,0,0,0,0,,,4,63,0.06349206349206349,0.406380427569924,0.9999978226741806
ZNF90,BA_TEB,4,0,0,0,0,0,,,4,147,0.027210884353741496,0.9476346577025535,0.9999978226741806
ZNF92,AP_TEB,4,0,1,1,0,1,Bbc3,,2,183,0.02185792349726776,0.9861232239698671,0.9999978226741806
ADNP2,AP_LE,3,0,0,0,0,0,,,3,104,0.028846153846153848,0.9076024096581343,0.9999978226741806
AHR,HS_TEB,3,0,0,1,1,0,Pmaip1,Bcl2,1,185,0.016216216216216217,0.9965547287849303,0.9999978226741806
AHRR,BA_TEB,3,0,0,0,0,0,,,3,143,0.02097902097902098,0.9797848337420338,0.9999978226741806
ALX4,BA_LE,3,0,0,0,0,0,,,3,90,0.03333333333333333,0.8472474028658692,0.9999978226741806
ARNTL,HS_HE,3,0,0,0,0,0,,,3,60,0.05,0.6009998542780259,0.9999978226741806
ARNTL2,BA_TEB,3,0,0,0,0,0,,,3,144,0.020833333333333332,0.9805924820256701,0.9999978226741806
ATF3,BA_DUCT,3,0,0,0,0,0,,,3,222,0.013513513513513514,0.9993279850373473,0.9999978226741806
BACH1,HS_DUCT,3,0,0,0,0,0,,,3,40,0.075,0.3380282846655037,0.9999978226741806
BACH1,HS_HE,3,0,0,1,0,1,Aifm2,,2,144,0.020833333333333332,0.9805924820256701,0.9999978226741806
BATF2,HS_TEB,3,0,0,1,0,1,Pmaip1,,2,68,0.04411764705882353,0.6851346910602805,0.9999978226741806
BCL11A,HS_TEB,3,0,0,1,1,0,Pmaip1,Bcl2,1,151,0.019867549668874173,0.9854415450129899,0.9999978226741806
BCL6,HS_HE,3,0,0,0,0,0,,,3,97,0.030927835051546393,0.8807825166143979,0.9999978226741806
BHLHA15,BA_TEB,3,0,0,0,0,0,,,3,49,0.061224489795918366,0.46367229024388174,0.9999978226741806
BHLHE23,AP_LE,3,0,0,0,0,0,,,3,71,0.04225352112676056,0.7130530219532435,0.9999978226741806
CDX2,HS_HE,3,0,0,0,0,0,,,3,85,0.03529411764705882,0.8185206528737954,0.9999978226741806
CEBPA,AP_HE,3,0,0,0,0,0,,,3,77,0.03896103896103896,0.7630890852871566,0.9999978226741806
CEBPA,HS_HE,3,0,0,1,0,1,Aifm2,,2,116,0.02586206896551724,0.941151394778193,0.9999978226741806
CEBPB,BA_DUCT,3,0,0,0,0,0,,,3,221,0.013574660633484163,0.9992971157229218,0.9999978226741806
CREB3L1,HS_HE,3,0,0,0,0,0,,,3,83,0.03614457831325301,0.8058018746619571,0.9999978226741806
DDIT3,AP_HE,3,0,1,0,0,0,,,2,40,0.075,0.3380282846655037,0.9999978226741806
DNMT1,BA_LE,3,0,0,0,0,0,,,3,193,0.015544041450777202,0.9975679764963649,0.9999978226741806
DZIP1,BA_LE,3,0,0,0,0,0,,,3,104,0.028846153846153848,0.9076024096581343,0.9999978226741806
E2F2,AP_TEB,3,0,0,0,0,0,,,3,162,0.018518518518518517,0.9907969111156032,0.9999978226741806
E2F2,HS_LE,3,0,0,0,0,0,,,3,75,0.04,0.747251763280492,0.9999978226741806
E2F8,HS_TEB,3,0,1,0,0,0,,,2,92,0.03260869565217391,0.8575832585595591,0.9999978226741806
EGR1,AP_DUCT,3,0,0,0,0,0,,,3,59,0.05084745762711865,0.589502753208835,0.9999978226741806
EGR1,AP_HE,3,0,1,0,0,0,,,2,152,0.019736842105263157,0.9860313613855232,0.9999978226741806
EGR1,BA_HE,3,0,0,0,0,0,,,3,217,0.013824884792626729,0.9991591075217507,0.9999978226741806
EGR1,HS_DUCT,3,0,0,0,0,0,,,3,49,0.061224489795918366,0.46367229024388174,0.9999978226741806
ELF1,HS_TEB,3,1,0,0,0,0,,,2,143,0.02097902097902098,0.9797848337420338,0.9999978226741806
ELF3,AP_HE,3,0,0,0,0,0,,,3,64,0.046875,0.6448268905140795,0.9999978226741806
ELF3,HS_HE,3,0,0,0,0,0,,,3,101,0.0297029702970297,0.8968557776461477,0.9999978226741806
ELK3,BA_DUCT,3,0,0,0,0,0,,,3,213,0.014084507042253521,0.9989946196708857,0.9999978226741806
ERG,BA_DUCT,3,0,0,0,0,0,,,3,181,0.016574585635359115,0.9959042376861031,0.9999978226741806
ERG,HS_LE,3,1,1,0,0,0,,,1,74,0.04054054054054054,0.7390209485739874,0.9999978226741806
ERG,HS_TEB,3,0,0,0,1,-1,,Bcl2,2,144,0.020833333333333332,0.9805924820256701,0.9999978226741806
ESR1,AP_HE,3,0,0,0,0,0,,,3,83,0.03614457831325301,0.8058018746619571,0.9999978226741806
ESR1,AP_TEB,3,0,0,1,0,1,Bbc3,,2,226,0.01327433628318584,0.9994386934047942,0.9999978226741806
ESR1,HS_DUCT,3,0,0,0,0,0,,,3,41,0.07317073170731707,0.35228556339706363,0.9999978226741806
ETS2,BA_DUCT,3,0,0,0,0,0,,,3,145,0.020689655172413793,0.981369278211967,0.9999978226741806
ETV3,BA_DUCT,3,0,0,0,0,0,,,3,101,0.0297029702970297,0.8968557776461477,0.9999978226741806
ETV3L,HS_TEB,3,0,0,1,1,0,Pmaip1,Bcl2,1,93,0.03225806451612903,0.8625178293173452,0.9999978226741806
FOS,AP_TEB,3,0,0,1,0,1,Bbc3,,2,205,0.014634146341463415,0.9985655815819419,0.9999978226741806
FOSL1,AP_TEB,3,0,0,1,0,1,Bbc3,,2,161,0.018633540372670808,0.9904019569677631,0.9999978226741806
FOSL1,HS_HE,3,0,0,0,0,0,,,3,89,0.033707865168539325,0.8418390487050604,0.9999978226741806
FOSL1,HS_LE,3,0,0,0,0,0,,,3,71,0.04225352112676056,0.7130530219532435,0.9999978226741806
FOSL1,HS_TEB,3,0,0,1,0,1,Pmaip1,,2,181,0.016574585635359115,0.9959042376861031,0.9999978226741806
FOSL2,HS_HE,3,0,0,0,0,0,,,3,89,0.033707865168539325,0.8418390487050604,0.9999978226741806
FOSL2,HS_TEB,3,0,0,1,0,1,Pmaip1,,2,185,0.016216216216216217,0.9965547287849303,0.9999978226741806
FOXA1,BA_DUCT,3,0,0,0,0,0,,,3,200,0.015,0.9982112463490819,0.9999978226741806
FOXC1,HS_TEB,3,0,0,1,0,1,Pmaip1,,2,118,0.025423728813559324,0.9455001452592495,0.9999978226741806
FOXJ2,AP_HE,3,0,0,0,0,0,,,3,56,0.05357142857142857,0.5537579316800357,0.9999978226741806
FOXP2,HS_LE,3,0,1,0,0,0,,,2,96,0.03125,0.8764303908854488,0.9999978226741806
GATA3,HS_DUCT,3,0,0,0,0,0,,,3,39,0.07692307692307693,0.3237517794753982,0.9999978226741806
GATA3,HS_HE,3,0,0,0,0,0,,,3,135,0.022222222222222223,0.972068061866655,0.9999978226741806
GATA4,HS_DUCT,3,0,0,0,0,0,,,3,40,0.075,0.3380282846655037,0.9999978226741806
GATA6,HS_DUCT,3,0,0,0,0,0,,,3,36,0.08333333333333333,0.28100517441469475,0.9999978226741806
GBX2,BA_TEB,3,0,0,0,0,0,,,3,113,0.02654867256637168,0.9340226421905069,0.9999978226741806
GLI3,BA_LE,3,2,0,0,0,0,,,1,89,0.033707865168539325,0.8418390487050604,0.9999978226741806
GLMP,BA_TEB,3,0,0,1,0,1,Bid,,2,54,0.05555555555555555,0.528924494036996,0.9999978226741806
GRHL2,BA_DUCT,3,0,0,0,0,0,,,3,178,0.016853932584269662,0.9953395073971552,0.9999978226741806
GRHL2,HS_HE,3,0,0,0,0,0,,,3,116,0.02586206896551724,0.941151394778193,0.9999978226741806
GTF2I,AP_LE,3,3,0,0,0,0,,,0,32,0.09375,0.2250298267330317,0.9999978226741806
HAND1,BA_TEB,3,1,0,0,0,0,,,2,85,0.03529411764705882,0.8185206528737954,0.9999978226741806
HAND2,HS_LE,3,0,0,0,0,0,,,3,46,0.06521739130434782,0.42267999530624445,0.9999978226741806
HBP1,HS_HE,3,0,0,0,0,0,,,3,86,0.03488372093023256,0.8246099876652022,0.9999978226741806
HES6,HS_LE,3,0,0,0,0,0,,,3,56,0.05357142857142857,0.5537579316800357,0.9999978226741806
HLF,BA_DUCT,3,0,0,0,0,0,,,3,130,0.023076923076923078,0.9659052391293341,0.9999978226741806
HNF4A,AP_DUCT,3,0,0,0,0,0,,,3,82,0.036585365853658534,0.7991657119337544,0.9999978226741806
HNF4G,AP_HE,3,0,0,0,0,0,,,3,59,0.05084745762711865,0.589502753208835,0.9999978226741806
HOXB7,AP_HE,3,0,0,0,0,0,,,3,66,0.045454545454545456,0.665422819806035,0.9999978226741806
HOXB9,BA_TEB,3,0,0,0,0,0,,,3,109,0.027522935779816515,0.9232778793904269,0.9999978226741806
IRF1,AP_HE,3,0,0,0,0,0,,,3,87,0.034482758620689655,0.8305238479337218,0.9999978226741806
IRF9,HS_HE,3,0,0,0,0,0,,,3,60,0.05,0.6009998542780259,0.9999978226741806
IRF9,HS_TEB,3,0,0,1,0,1,Pmaip1,,2,141,0.02127659574468085,0.9780723824973072,0.9999978226741806
IRX2,BA_LE,3,1,0,0,0,0,,,2,90,0.03333333333333333,0.8472474028658692,0.9999978226741806
JUN,HS_HE,3,0,0,0,0,0,,,3,104,0.028846153846153848,0.9076024096581343,0.9999978226741806
KLF3,AP_TEB,3,0,0,0,0,0,,,3,123,0.024390243902439025,0.9550989039093879,0.9999978226741806
KLF3,HS_TEB,3,0,0,1,0,1,Pmaip1,,2,152,0.019736842105263157,0.9860313613855232,0.9999978226741806
KLF4,BA_DUCT,3,0,0,0,0,0,,,3,229,0.013100436681222707,0.9995097674846348,0.9999978226741806
KLF5,HS_TEB,3,0,0,1,0,1,Pmaip1,,2,233,0.012875536480686695,0.9995909353349892,0.9999978226741806
KLF6,BA_DUCT,3,0,0,0,0,0,,,3,174,0.017241379310344827,0.9944677505458578,0.9999978226741806
KLF6,HS_TEB,3,0,0,1,0,1,Pmaip1,,2,173,0.017341040462427744,0.9942262296333333,0.9999978226741806
KLF7,HS_TEB,3,0,0,0,0,0,,,3,114,0.02631578947368421,0.9364830158205799,0.9999978226741806
KLF9,BA_DUCT,3,1,0,0,0,0,,,2,198,0.015151515151515152,0.9980467054183677,0.9999978226741806
KLF9,HS_DUCT,3,0,0,0,0,0,,,3,34,0.08823529411764706,0.2527929112432306,0.9999978226741806
KLF9,HS_HE,3,0,0,0,0,0,,,3,82,0.036585365853658534,0.7991657119337544,0.9999978226741806
LEF1,HS_TEB,3,0,0,1,1,0,Pmaip1,Bcl2,1,134,0.022388059701492536,0.9709267539355374,0.9999978226741806
LHX2,HS_LE,3,0,0,0,0,0,,,3,44,0.06818181818181818,0.3947645047099561,0.9999978226741806
LIN54,AP_LE,3,0,0,0,0,0,,,3,59,0.05084745762711865,0.589502753208835,0.9999978226741806
MAFB,HS_TEB,3,0,0,1,0,1,Pmaip1,,2,151,0.019867549668874173,0.9854415450129899,0.9999978226741806
MAFK,BA_DUCT,3,0,0,0,0,0,,,3,232,0.01293103448275862,0.9995719771339537,0.9999978226741806
MAX,HS_HE,3,0,0,0,0,0,,,3,145,0.020689655172413793,0.981369278211967,0.9999978226741806
MEIS2,HS_LE,3,1,0,0,0,0,,,2,43,0.06976744186046512,0.380670400582786,0.9999978226741806
MITF,AP_HE,3,0,0,0,0,0,,,3,115,0.02608695652173913,0.9388584091385894,0.9999978226741806
MSANTD4,BA_TEB,3,0,1,0,0,0,,,2,46,0.06521739130434782,0.42267999530624445,0.9999978226741806
MSGN1,BA_TEB,3,0,0,0,0,0,,,3,82,0.036585365853658534,0.7991657119337544,0.9999978226741806
MTF2,AP_TEB,3,0,0,1,0,1,Bbc3,,2,207,0.014492753623188406,0.9986872060308868,0.9999978226741806
MXI1,AP_DUCT,3,1,0,0,0,0,,,2,36,0.08333333333333333,0.28100517441469475,0.9999978226741806
MYB,AP_HE,3,0,1,0,0,0,,,2,83,0.03614457831325301,0.8058018746619571,0.9999978226741806
NCOA3,AP_TEB,3,0,0,0,0,0,,,3,118,0.025423728813559324,0.9455001452592495,0.9999978226741806
NEUROG2,BA_TEB,3,0,0,0,0,0,,,3,113,0.02654867256637168,0.9340226421905069,0.9999978226741806
NFE2L2,AP_TEB,3,0,0,1,0,1,Bbc3,,2,163,0.018404907975460124,0.9911761650815483,0.9999978226741806
NFE2L2,BA_DUCT,3,0,0,0,0,0,,,3,222,0.013513513513513514,0.9993279850373473,0.9999978226741806
NFE2L2,HS_TEB,3,0,0,1,0,1,Pmaip1,,2,214,0.014018691588785047,0.9990384799067795,0.9999978226741806
NFE2L3,AP_LE,3,0,0,0,0,0,,,3,91,0.03296703296703297,0.8524942944867185,0.9999978226741806
NFIC,AP_TEB,3,0,0,1,0,1,Bok,,2,156,0.019230769230769232,0.9881692955305911,0.9999978226741806
NFIL3,HS_TEB,3,0,0,2,0,2,"Bnip3,Pmaip1",,1,97,0.030927835051546393,0.8807825166143979,0.9999978226741806
NFKB2,BA_DUCT,3,0,0,0,0,0,,,3,149,0.020134228187919462,0.9841894925002601,0.9999978226741806
NFXL1,AP_LE,3,0,0,0,0,0,,,3,92,0.03260869565217391,0.8575832585595591,0.9999978226741806
NPAS1,HS_LE,3,0,0,0,0,0,,,3,52,0.057692307692307696,0.5033383179850707,0.9999978226741806
NR1H3,AP_HE,3,0,1,0,0,0,,,2,76,0.039473684210526314,0.7552736542896286,0.9999978226741806
NR1H3,HS_HE,3,0,0,1,0,1,Aifm2,,2,81,0.037037037037037035,0.7923406560182737,0.9999978226741806
NR2F1,BA_DUCT,3,1,0,0,0,0,,,2,181,0.016574585635359115,0.9959042376861031,0.9999978226741806
NR2F2,BA_DUCT,3,0,0,0,0,0,,,3,182,0.016483516483516484,0.9960772532308253,0.9999978226741806
NR2F2,HS_HE,3,0,0,1,0,1,Aifm2,,2,97,0.030927835051546393,0.8807825166143979,0.9999978226741806
NR2F6,HS_HE,3,0,0,0,0,0,,,3,79,0.0379746835443038,0.7781111908434168,0.9999978226741806
NR3C1,BA_DUCT,3,0,0,0,0,0,,,3,206,0.014563106796116505,0.9986277118739193,0.9999978226741806
OLIG1,BA_TEB,3,0,0,0,0,0,,,3,77,0.03896103896103896,0.7630890852871566,0.9999978226741806
OTX2,BA_TEB,3,0,0,0,0,0,,,3,134,0.022388059701492536,0.9709267539355374,0.9999978226741806
PA2G4,HS_LE,3,0,0,0,0,0,,,3,76,0.039473684210526314,0.7552736542896286,0.9999978226741806
PBX3,BA_DUCT,3,0,0,0,0,0,,,3,209,0.014354066985645933,0.9987987175350643,0.9999978226741806
PCGF2,HS_LE,3,0,0,0,0,0,,,3,36,0.08333333333333333,0.28100517441469475,0.9999978226741806
PHOX2A,HS_LE,3,0,0,0,0,0,,,3,46,0.06521739130434782,0.42267999530624445,0.9999978226741806
POU3F2,HS_LE,3,1,0,0,0,0,,,2,58,0.05172413793103448,0.5777943930130959,0.9999978226741806
RAG1,BA_LE,3,0,0,0,0,0,,,3,100,0.03,0.8930309790470703,0.9999978226741806
RARG,HS_TEB,3,0,0,0,1,-1,,Bcl2,2,142,0.02112676056338028,0.9789451930987572,0.9999978226741806
RFX8,BA_LE,3,1,0,1,0,1,Bid,,1,85,0.03529411764705882,0.8185206528737954,0.9999978226741806
RUNX3,HS_TEB,3,1,0,1,1,0,Pmaip1,Bcl2,0,173,0.017341040462427744,0.9942262296333333,0.9999978226741806
SALL1,AP_TEB,3,0,0,0,0,0,,,3,87,0.034482758620689655,0.8305238479337218,0.9999978226741806
SALL2,BA_TEB,3,0,0,0,0,0,,,3,113,0.02654867256637168,0.9340226421905069,0.9999978226741806
SALL2,HS_LE,3,0,0,0,0,0,,,3,46,0.06521739130434782,0.42267999530624445,0.9999978226741806
SALL3,HS_LE,3,0,0,0,0,0,,,3,41,0.07317073170731707,0.35228556339706363,0.9999978226741806
SMAD3,AP_HE,3,0,1,0,0,0,,,2,76,0.039473684210526314,0.7552736542896286,0.9999978226741806
SMAD3,AP_TEB,3,0,0,1,0,1,Bbc3,,2,184,0.016304347826086956,0.9964022216352463,0.9999978226741806
SMAD3,BA_DUCT,3,0,0,0,0,0,,,3,238,0.012605042016806723,0.9996740154299995,0.9999978226741806
SMYD3,BA_TEB,3,0,1,0,0,0,,,2,57,0.05263157894736842,0.565878138619336,0.9999978226741806
SOX11,HS_LE,3,0,0,0,0,0,,,3,75,0.04,0.747251763280492,0.9999978226741806
SOX12,HS_LE,3,0,0,0,0,0,,,3,38,0.07894736842105263,0.3094753545493355,0.9999978226741806
SOX17,HS_HE,3,0,0,1,0,1,Aifm2,,2,54,0.05555555555555555,0.528924494036996,0.9999978226741806
SOX21,BA_LE,3,0,0,0,0,0,,,3,100,0.03,0.8930309790470703,0.9999978226741806
SOX9,HS_LE,3,0,0,0,0,0,,,3,74,0.04054054054054054,0.7390209485739874,0.9999978226741806
SPDEF,BA_TEB,3,0,0,0,0,0,,,3,84,0.03571428571428571,0.8122524109385081,0.9999978226741806
SPI1,HS_TEB,3,0,0,1,0,1,Pmaip1,,2,235,0.01276595744680851,0.999626407915727,0.9999978226741806
SREBF2,HS_LE,3,0,1,0,0,0,,,2,88,0.03409090909090909,0.8362657026612595,0.9999978226741806
STAT3,BA_DUCT,3,1,0,0,0,0,,,2,244,0.012295081967213115,0.9997520222303213,0.9999978226741806
STAT3,HS_HE,3,0,0,0,0,0,,,3,131,0.022900763358778626,0.9672322670377314,0.9999978226741806
STAT5A,BA_HE,3,0,0,1,0,1,Aifm2,,2,115,0.02608695652173913,0.9388584091385894,0.9999978226741806
TBX5,BA_DUCT,3,1,0,0,0,0,,,2,180,0.016666666666666666,0.9957238135287496,0.9999978226741806
TCF7L2,BA_DUCT,3,0,0,1,0,1,Aifm2,,2,187,0.016042780748663103,0.9968410968284396,0.9999978226741806
TEAD2,HS_LE,3,0,0,0,0,0,,,3,75,0.04,0.747251763280492,0.9999978226741806
TEAD3,AP_TEB,3,0,0,1,0,1,Bok,,2,86,0.03488372093023256,0.8246099876652022,0.9999978226741806
TGIF1,HS_LE,3,1,0,0,0,0,,,2,32,0.09375,0.2250298267330317,0.9999978226741806
TGIF2,AP_TEB,3,0,0,1,0,1,Bbc3,,2,169,0.01775147928994083,0.9931538784501381,0.9999978226741806
THRB,BA_DUCT,3,0,0,0,0,0,,,3,119,0.025210084033613446,0.94756076734299155,0.9999978226741806
THYN1,BA_TEB,3,0,1,0,0,0,,,2,67,0.04477611940298507,0.6753891943606904,0.9999978226741806
TMF1,HS_LE,3,0,0,0,0,0,,,3,47,0.06382978723404255,0.4364738857256517,0.9999978226741806
TP63,AP_HE,3,0,1,0,0,0,,,2,92,0.03260869565217391,0.8575832585595591,0.9999978226741806
TP63,BA_DUCT,3,1,0,0,0,0,,,2,297,0.010101010101010102,0.9999788302903649,0.9999978226741806
TP73,BA_LE,3,0,0,0,0,0,,,3,102,0.029411764705882353,0.9005571124826495,0.9999978226741806
TSC22D1,BA_TEB,3,0,0,0,0,0,,,3,87,0.034482758620689655,0.8305238479337218,0.9999978226741806
TWIST1,AP_TEB,3,1,0,1,0,1,Bbc3,,1,125,0.024,0.9584759881972954,0.9999978226741806
UBP1,AP_LE,3,2,0,0,0,0,,,1,69,0.043478260869565216,0.6946598681659236,0.9999978226741806
VDR,HS_HE,3,0,0,0,0,0,,,3,99,0.030303030303030304,0.8890794080011915,0.9999978226741806
XBP1,HS_HE,3,0,0,0,0,0,,,3,73,0.0410958904109589,0.730578919425589,0.9999978226741806
YY2,BA_TEB,3,1,0,0,0,0,,,2,100,0.03,0.8930309790470703,0.9999978226741806
ZBTB12,AP_LE,3,0,0,0,0,0,,,3,140,0.02142857142857143,0.9771651860624546,0.9999978226741806
ZBTB12,AP_TEB,3,0,0,1,0,1,Bbc3,,2,87,0.034482758620689655,0.8305238479337218,0.9999978226741806
ZBTB9,BA_TEB,3,0,0,0,0,0,,,3,128,0.0234375,0.9630977599104117,0.9999978226741806
ZBTB9,HS_LE,3,0,0,0,0,0,,,3,32,0.09375,0.2250298267330317,0.9999978226741806
ZEB1,BA_DUCT,3,1,0,0,0,0,,,2,199,0.01507537688442211,0.9981307440402964,0.9999978226741806
ZEB1,HS_TEB,3,0,0,0,1,-1,,Bcl2,2,156,0.019230769230769232,0.9881692955305911,0.9999978226741806
ZFP28,BA_TEB,3,0,0,1,0,1,Bak1,,2,82,0.036585365853658534,0.7991657119337544,0.9999978226741806
ZFP57,HS_LE,3,0,1,0,0,0,,,2,34,0.08823529411764706,0.2527929112432306,0.9999978226741806
ZFP69,BA_LE,3,0,0,0,0,0,,,3,62,0.04838709677419355,0.6233495234513685,0.9999978226741806
ZHX1,HS_HE,3,0,0,0,0,0,,,3,83,0.03614457831325301,0.8058018746619571,0.9999978226741806
ZIC2,BA_TEB,3,0,0,0,0,0,,,3,145,0.020689655172413793,0.981369278211967,0.9999978226741806
ZNF100,BA_TEB,3,0,0,0,0,0,,,3,147,0.02040816326530612,0.9828346942533532,0.9999978226741806
ZNF107,AP_LE,3,0,2,0,0,0,,,1,132,0.022727272727272728,0.96851043621893,0.9999978226741806
ZNF138,AP_LE,3,1,1,0,0,0,,,1,92,0.03260869565217391,0.8575832585595591,0.9999978226741806
ZNF138,HS_LE,3,1,0,0,0,0,,,2,39,0.07692307692307693,0.3237517794753982,0.9999978226741806
ZNF181,HS_HE,3,0,0,0,0,0,,,3,32,0.09375,0.2250298267330317,0.9999978226741806
ZNF217,AP_TEB,3,0,0,0,0,0,,,3,226,0.01327433628318584,0.9994386934047942,0.9999978226741806
ZNF280C,BA_LE,3,0,1,0,0,0,,,2,133,0.022556390977443608,0.9697413974857791,0.9999978226741806
ZNF300,BA_LE,3,1,0,1,0,1,Bid,,1,127,0.023622047244094488,0.9616137603768027,0.9999978226741806
ZNF35,HS_LE,3,1,0,0,0,0,,,2,57,0.05263157894736842,0.565878138619336,0.9999978226741806
ZNF358,AP_TEB,3,0,0,1,0,1,Bok,,2,71,0.04225352112676056,0.7130530219532435,0.9999978226741806
ZNF362,AP_TEB,3,0,0,0,0,0,,,3,78,0.038461538461538464,0.7707006767907225,0.9999978226741806
ZNF367,HS_TEB,3,0,0,1,0,1,Pmaip1,,2,86,0.03488372093023256,0.8246099876652022,0.9999978226741806
ZNF410,AP_LE,3,2,0,0,0,0,,,1,73,0.0410958904109589,0.730578919425589,0.9999978226741806
ZNF428,BA_TEB,3,0,0,0,0,0,,,3,74,0.04054054054054054,0.7390209485739874,0.9999978226741806
ZNF503,HS_LE,3,0,0,0,0,0,,,3,52,0.057692307692307696,0.5033383179850707,0.9999978226741806
ZNF581,HS_LE,3,0,1,0,0,0,,,2,37,0.08108108108108109,0.2952193576998819,0.9999978226741806
ZNF598,AP_LE,3,0,0,0,0,0,,,3,112,0.026785714285714284,0.931474657991938,0.9999978226741806
ZNF668,AP_LE,3,0,1,0,0,0,,,2,93,0.03225806451612903,0.8625178293173452,0.9999978226741806
ZNF678,AP_LE,3,0,2,0,0,0,,,1,79,0.0379746835443038,0.7781111908434168,0.9999978226741806
ZNF750,HS_TEB,3,0,0,1,0,1,Pmaip1,,2,150,0.02,0.9848278902248735,0.9999978226741806
ZNF77,AP_LE,3,0,0,0,0,0,,,3,67,0.04477611940298507,0.6753891943606904,0.9999978226741806
ZNF775,AP_LE,3,0,0,0,0,0,,,3,61,0.04918032786885246,0.6122828780010506,0.9999978226741806
ZNF823,BA_TEB,3,0,2,0,0,0,,,1,82,0.036585365853658534,0.7991657119337544,0.9999978226741806
ZNF845,AP_LE,3,0,0,0,0,0,,,3,56,0.05357142857142857,0.5537579316800357,0.9999978226741806
ZNF888,BA_LE,3,0,0,0,0,0,,,3,58,0.05172413793103448,0.5777943930130959,0.9999978226741806
ZNF93,BA_TEB,3,0,0,0,0,0,,,3,183,0.01639344262295082,0.996243153718508,0.9999978226741806
ZSCAN10,HS_LE,3,0,0,0,0,0,,,3,35,0.08571428571428572,0.2668552178336721,0.9999978226741806
AHR,AP_HE,2,0,0,0,0,0,,,2,52,0.038461538461538464,0.7541779685732284,0.9999978226741806
AKNA,HS_TEB,2,0,0,1,1,0,Pmaip1,Bcl2,0,77,0.025974025974025976,0.9110871121817208,0.9999978226741806
AR,AP_DUCT,2,0,0,0,0,0,,,2,61,0.03278688524590164,0.8276395742161015,0.9999978226741806
ARID3B,AP_LE,2,0,0,0,0,0,,,2,50,0.04,0.734559682924998,0.9999978226741806
ARID3B,AP_TEB,2,0,0,0,0,0,,,2,47,0.0425531914893617,0.7026448823371741,0.9999978226741806
ARNT2,BA_DUCT,2,0,0,0,0,0,,,2,100,0.02,0.9673103504220564,0.9999978226741806
ARNTL,AP_HE,2,0,0,0,0,0,,,2,53,0.03773584905660377,0.7635095631401976,0.9999978226741806
ARNTL2,HS_TEB,2,0,0,1,0,1,Pmaip1,,1,130,0.015384615384615385,0.9916364043886132,0.9999978226741806
ATF3,HS_DUCT,2,0,0,0,0,0,,,2,40,0.05,0.6157779862363579,0.9999978226741806
ATOH8,AP_HE,2,0,1,0,0,0,,,1,39,0.05128205128205128,0.6018905011578153,0.9999978226741806
ATOH8,HS_LE,2,0,0,1,0,1,Bok,,1,25,0.08,0.3698944906792694,0.9999978226741806
ATOH8,HS_TEB,2,0,0,1,0,1,Bok,,1,104,0.019230769230769232,0.9726543226617819,0.9999978226741806
BACH1,AP_HE,2,0,0,0,0,0,,,2,115,0.017391304347826087,0.9833544111196697,0.9999978226741806
BACH1,BA_HE,2,0,0,1,0,1,Aifm2,,1,136,0.014705882352941176,0.9936692266125218,0.9999978226741806
BACH2,HS_TEB,2,0,0,1,1,0,Pmaip1,Bcl2,0,142,0.014084507042253521,0.9952156763239941,0.9999978226741806
BARX2,HS_TEB,2,0,0,1,0,1,Pmaip1,,1,99,0.020202020202020204,0.9658247629945567,0.9999978226741806
BATF,HS_HE,2,0,0,0,0,0,,,2,60,0.03333333333333333,0.8205786989303621,0.9999978226741806
BATF,HS_TEB,2,0,0,1,1,0,Pmaip1,Bcl2,0,118,0.01694915254237288,0.9854808067624484,0.9999978226741806
BATF3,HS_TEB,2,0,0,1,0,1,Pmaip1,,1,85,0.023529411764705882,0.9368709155927029,0.9999978226741806
BCL6,HS_TEB,2,0,0,1,1,0,Pmaip1,Bcl2,0,226,0.008849557522123894,0.9999161740521791,0.9999978226741806
BHLHE23,BA_TEB,2,0,0,0,0,0,,,2,80,0.025,0.9217418277967775,0.9999978226741806
BHLHE40,AP_DUCT,2,1,0,0,0,0,,,1,39,0.05128205128205128,0.6018905011578153,0.9999978226741806
BHLHE40,AP_HE,2,0,0,0,0,0,,,2,73,0.0273972602739726,0.8947579969367424,0.9999978226741806
CEBPB,AP_HE,2,0,0,0,0,0,,,2,98,0.02040816326530612,0.9642743517825696,0.9999978226741806
CENPB,AP_LE,2,2,0,0,0,0,,,0,79,0.02531645569620253,0.91833137001412,0.9999978226741806
CENPB,HS_LE,2,0,0,0,0,0,,,2,48,0.041666666666666664,0.7136232776887587,0.9999978226741806
CHAMP1,AP_TEB,2,0,0,0,0,0,,,2,53,0.03773584905660377,0.7635095631401976,0.9999978226741806
CREB3,HS_HE,2,0,0,0,0,0,,,2,66,0.030303030303030304,0.8593177784671194,0.9999978226741806
CREBL2,AP_HE,2,0,0,0,0,0,,,2,46,0.043478260869565216,0.6913184569494495,0.9999978226741806
CREM,AP_DUCT,2,1,0,0,0,0,,,1,52,0.038461538461538464,0.7541779685732284,0.9999978226741806
CREM,BA_HE,2,0,0,0,0,0,,,2,153,0.013071895424836602,0.9971479381256041,0.9999978226741806
CXXC4,HS_LE,2,0,1,0,0,0,,,1,57,0.03508771929824561,0.7978165004820695,0.9999978226741806
DNMT1,AP_LE,2,0,0,0,0,0,,,2,205,0.00975609756097561,0.9997655712029806,0.9999978226741806
E2F6,AP_HE,2,0,0,0,0,0,,,2,74,0.02702702702702703,0.89908402605793,0.9999978226741806
E2F7,HS_TEB,2,0,0,1,0,1,Pmaip1,,1,159,0.012578616352201259,0.99785323642205,0.9999978226741806
E2F8,AP_TEB,2,0,0,0,0,0,,,2,172,0.011627906976744186,0.9988447967399144,0.9999978226741806
E2F8,HS_LE,2,0,0,0,0,0,,,2,100,0.02,0.9673103504220564,0.9999978226741806
EBF1,AP_TEB,2,0,1,0,0,0,,,1,225,0.008888888888888889,0.9999119485597244,0.9999978226741806
EBF1,HS_DUCT,2,0,0,0,0,0,,,2,37,0.05405405405405406,0.5729874178942554,0.9999978226741806
EBF4,BA_DUCT,2,0,0,0,0,0,,,2,113,0.017699115044247787,0.9817718386282468,0.9999978226741806
EGR2,HS_TEB,2,0,0,1,1,0,Pmaip1,Bcl2,0,118,0.01694915254237288,0.9854808067624484,0.9999978226741806
ELF1,HS_DUCT,2,0,0,0,0,0,,,2,21,0.09523809523809523,0.29356091478964275,0.9999978226741806
ELF3,BA_DUCT,2,0,0,0,0,0,,,2,152,0.013157894736842105,0.9970100332313352,0.9999978226741806
ELF3,HS_TEB,2,0,0,1,0,1,Pmaip1,,1,157,0.012738853503184714,0.9976396798100893,0.9999978226741806
ELF5,BA_DUCT,2,0,0,0,0,0,,,2,144,0.013888888888888888,0.9956435967842743,0.9999978226741806
EPAS1,AP_TEB,2,0,0,1,0,1,Bok,,1,109,0.01834862385321101,0.978157067761283,0.9999978226741806
ESR1,BA_HE,2,0,0,1,0,1,Aifm2,,1,134,0.014925373134328358,0.9930521703023087,0.9999978226741806
ESRRG,HS_HE,2,0,0,0,0,0,,,2,31,0.06451612903225806,0.4774079628154962,0.9999978226741806
ETS1,AP_DUCT,2,1,0,0,0,0,,,1,49,0.04081632653061224,0.7242594899204555,0.9999978226741806
ETS1,HS_DUCT,2,0,0,0,0,0,,,2,27,0.07407407407407407,0.40686790939871137,0.9999978226741806
ETS2,HS_TEB,2,0,0,1,0,1,Pmaip1,,1,121,0.01652892561983471,0.9873420061373195,0.9999978226741806
ETV5,HS_LE,2,0,0,0,0,0,,,2,45,0.044444444444444446,0.6796385238345278,0.9999978226741806
ETV7,HS_TEB,2,0,0,1,0,1,Pmaip1,,1,82,0.024390243902439025,0.9281641092015294,0.9999978226741806
FBXL19,AP_LE,2,0,0,0,0,0,,,2,64,0.03125,0.8473435019048036,0.9999978226741806
FEZF1,BA_TEB,2,0,0,0,0,0,,,2,81,0.024691358024691357,0.9250178068291446,0.9999978226741806
FOS,HS_HE,2,0,0,1,0,1,Aifm2,,1,93,0.021505376344086023,0.9554535363521327,0.9999978226741806
FOS,HS_TEB,2,0,0,1,0,1,Pmaip1,,1,190,0.010526315789473684,0.9995142816060629,0.9999978226741806
FOSB,AP_HE,2,0,0,0,0,0,,,2,47,0.0425531914893617,0.7026448823371741,0.9999978226741806
FOSB,HS_TEB,2,0,0,1,0,1,Pmaip1,,1,107,0.018691588785046728,0.9760982934379272,0.9999978226741806
FOSL2,AP_HE,2,0,0,0,0,0,,,2,73,0.0273972602739726,0.8947579969367424,0.9999978226741806
FOXA1,AP_HE,2,0,0,0,0,0,,,2,99,0.020202020202020204,0.9658247629945567,0.9999978226741806
FOXA2,AP_DUCT,2,1,0,0,0,0,,,1,72,0.027777777777777776,0.8902599400186287,0.9999978226741806
FOXA2,HS_DUCT,2,0,0,0,0,0,,,2,42,0.047619047619047616,0.6424296717036017,0.9999978226741806
FOXC1,HS_LE,2,0,0,0,0,0,,,2,53,0.03773584905660377,0.7635095631401976,0.9999978226741806
FOXC2,HS_TEB,2,0,0,0,0,0,,,2,99,0.020202020202020204,0.9658247629945567,0.9999978226741806
FOXD1,AP_TEB,2,0,0,0,0,0,,,2,58,0.034482758620689655,0.805674432891676,0.9999978226741806
FOXD1,BA_LE,2,0,0,0,0,0,,,2,69,0.028985507246376812,0.8756736668492588,0.9999978226741806
FOXD1,BA_TEB,2,0,0,0,0,0,,,2,50,0.04,0.734559682924998,0.9999978226741806
FOXD1,HS_LE,2,0,0,0,0,0,,,2,37,0.05405405405405406,0.5729874178942554,0.9999978226741806
FOXF1,HS_LE,2,0,0,0,0,0,,,2,21,0.09523809523809523,0.29356091478964275,0.9999978226741806
FOXF1,HS_TEB,2,0,0,1,0,1,Pmaip1,,1,95,0.021052631578947368,0.9592071314364534,0.9999978226741806
FOXF2,HS_TEB,2,0,0,1,0,1,Pmaip1,,1,96,0.020833333333333332,0.9609683386822194,0.9999978226741806
FOXL2,BA_TEB,2,0,0,0,0,0,,,2,90,0.022222222222222223,0.9491976434987446,0.9999978226741806
FOXP2,HS_DUCT,2,0,0,0,0,0,,,2,38,0.05263157894736842,0.5876269769689738,0.9999978226741806
FOXP2,HS_HE,2,0,0,0,0,0,,,2,94,0.02127659574468085,0.9573698842230569,0.9999978226741806
FOXQ1,HS_TEB,2,0,0,1,0,1,Pmaip1,,1,116,0.017241379310344827,0.9840948149151341,0.9999978226741806
FOXS1,HS_TEB,2,0,0,0,0,0,,,2,94,0.02127659574468085,0.9573698842230569,0.9999978226741806
GATA2,HS_HE,2,0,0,0,0,0,,,2,112,0.017857142857142856,0.9809267201072249,0.9999978226741806
GATA3,AP_HE,2,0,0,0,0,0,,,2,85,0.023529411764705882,0.9368709155927029,0.9999978226741806
GATA4,AP_HE,2,0,0,0,0,0,,,2,83,0.024096385542168676,0.9311853989432473,0.9999978226741806
GATA6,AP_HE,2,0,0,0,0,0,,,2,82,0.024390243902439025,0.9281641092015294,0.9999978226741806
GATAD2A,AP_LE,2,1,0,0,0,0,,,1,102,0.0196078431372549,0.9700972063774391,0.9999978226741806
GBX2,HS_LE,2,0,0,0,0,0,,,2,34,0.058823529411764705,0.5268297957017493,0.9999978226741806
GLI2,AP_TEB,2,0,0,0,0,0,,,2,87,0.022988505747126436,0.942108970050139,0.9999978226741806
GLIS1,AP_TEB,2,0,0,1,0,1,Bok,,1,81,0.024691358024691357,0.9250178068291446,0.9999978226741806
GLIS1,BA_LE,2,0,0,0,0,0,,,2,84,0.023809523809523808,0.9340862035287287,0.9999978226741806
GRHL2,HS_TEB,2,0,0,1,0,1,Pmaip1,,1,196,0.01020408163265306,0.9996368204793212,0.9999978226741806
GRHL3,HS_TEB,2,0,0,1,0,1,Pmaip1,,1,101,0.019801980198019802,0.9687336751246001,0.9999978226741806
HAND1,HS_LE,2,0,0,0,0,0,,,2,26,0.07692307692307693,0.3885053887570651,0.9999978226741806
HBP1,HS_DUCT,2,0,0,0,0,0,,,2,25,0.08,0.3698944906792694,0.9999978226741806
HES5,HS_LE,2,0,0,0,0,0,,,2,36,0.05555555555555555,0.5579729281540194,0.9999978226741806
HEY1,BA_DUCT,2,0,0,0,0,0,,,2,126,0.015873015873015872,0.9899399088430942,0.9999978226741806
HEY1,BA_LE,2,0,0,0,0,0,,,2,88,0.022727272727272728,0.9445704413847641,0.9999978226741806
HEY2,AP_HE,2,0,0,0,0,0,,,2,30,0.06666666666666667,0.4602449112774725,0.9999978226741806
HEY2,BA_DUCT,2,0,0,0,0,0,,,2,127,0.015748031496062992,0.9903931272185549,0.9999978226741806
HEY2,HS_LE,2,0,0,0,0,0,,,2,37,0.05405405405405406,0.5729874178942554,0.9999978226741806
HHEX,AP_HE,2,0,0,0,0,0,,,2,57,0.03508771929824561,0.7978165004820695,0.9999978226741806
HIF1A,BA_DUCT,2,0,0,0,0,0,,,2,164,0.012195121951219513,0.9983073888384653,0.9999978226741806
HIF3A,BA_DUCT,2,0,0,0,0,0,,,2,146,0.0136986301369863,0.9960338891512868,0.9999978226741806
HMGA1,AP_TEB,2,0,0,0,0,0,,,2,144,0.013888888888888888,0.9956435967842743,0.9999978226741806
HMGA2,AP_LE,2,0,0,0,0,0,,,2,133,0.015037593984962405,0.9927219402072824,0.9999978226741806
HMGA2,HS_TEB,2,0,0,1,1,0,Pmaip1,Bcl2,0,118,0.01694915254237288,0.9854808067624484,0.9999978226741806
HNF1B,HS_HE,2,0,0,0,0,0,,,2,56,0.03571428571428571,0.7896783123465352,0.9999978226741806
HNF4A,AP_HE,2,0,0,0,0,0,,,2,138,0.014492753623188406,0.9942325126938956,0.9999978226741806
HNF4G,HS_DUCT,2,0,0,0,0,0,,,2,24,0.08333333333333333,0.3510620886611613,0.9999978226741806
HOXA1,AP_LE,2,0,1,0,0,0,,,1,104,0.019230769230769232,0.9726543226617819,0.9999978226741806
HOXA1,BA_TEB,2,0,0,0,0,0,,,2,124,0.016129032258064516,0.9889700059985782,0.9999978226741806
HOXA1,HS_TEB,2,0,0,1,0,1,Pmaip1,,1,96,0.020833333333333332,0.9609683386822194,0.9999978226741806
HOXA2,HS_LE,2,0,0,0,0,0,,,2,28,0.07142857142857142,0.4249585155930174,0.9999978226741806
HOXA3,BA_DUCT,2,0,0,0,0,0,,,2,140,0.014285714285714285,0.9947465978211774,0.9999978226741806
HOXB1,BA_TEB,2,0,0,0,0,0,,,2,83,0.024096385542168676,0.9311853989432473,0.9999978226741806
HOXB2,HS_TEB,2,0,0,1,0,1,Pmaip1,,1,98,0.02040816326530612,0.9642743517825696,0.9999978226741806
HOXB3,HS_TEB,2,0,0,0,1,-1,,Bcl2,1,96,0.020833333333333332,0.9609683386822194,0.9999978226741806
IKZF2,HS_TEB,2,0,0,1,1,0,Pmaip1,Bcl2,0,108,0.018518518518518517,0.9771501101764966,0.9999978226741806
IRF1,AP_DUCT,2,1,0,0,0,0,,,1,49,0.04081632653061224,0.7242594899204555,0.9999978226741806
IRF2,HS_HE,2,0,0,0,0,0,,,2,75,0.02666666666666667,0.9032438140792298,0.9999978226741806
IRF2,HS_TEB,2,0,0,0,0,0,,,2,117,0.017094017094017096,0.9848031684318858,0.9999978226741806
IRF7,HS_TEB,2,0,0,1,0,1,Pmaip1,,1,82,0.024390243902439025,0.9281641092015294,0.9999978226741806
IRX3,HS_TEB,2,0,0,0,0,0,,,2,98,0.02040816326530612,0.9642743517825696,0.9999978226741806
IRX5,HS_TEB,2,0,0,1,0,1,Pmaip1,,1,92,0.021739130434782608,0.9534549189965458,0.9999978226741806
ISL1,BA_TEB,2,0,0,0,0,0,,,2,83,0.024096385542168676,0.9311853989432473,0.9999978226741806
ISX,HS_HE,2,0,0,0,0,0,,,2,39,0.05128205128205128,0.6018905011578153,0.9999978226741806
JRK,AP_LE,2,0,0,0,0,0,,,2,49,0.04081632653061224,0.7242594899204555,0.9999978226741806
JUN,AP_HE,2,0,0,0,0,0,,,2,90,0.022222222222222223,0.9491976434987446,0.9999978226741806
JUND,AP_HE,2,0,0,0,0,0,,,2,73,0.0273972602739726,0.8947579969367424,0.9999978226741806
KDM2B,HS_TEB,2,0,0,1,1,0,Pmaip1,Bcl2,0,44,0.045454545454545456,0.667600031489961,0.9999978226741806
KLF1,AP_HE,2,0,0,0,0,0,,,2,61,0.03278688524590164,0.8276395742161015,0.9999978226741806
KLF10,BA_DUCT,2,0,0,0,0,0,,,2,103,0.019417475728155338,0.9714033243347886,0.9999978226741806
KLF15,AP_HE,2,0,0,0,0,0,,,2,49,0.04081632653061224,0.7242594899204555,0.9999978226741806
KLF16,HS_LE,2,0,0,0,0,0,,,2,54,0.037037037037037035,0.772532065798013,0.9999978226741806
KLF2,HS_TEB,2,0,0,2,0,2,"Bnip3,Pmaip1",,0,111,0.018018018018018018,0.9800436475694518,0.9999978226741806
KLF4,AP_HE,2,0,0,0,0,0,,,2,89,0.02247191011235955,0.9469320825957919,0.9999978226741806
KLF4,HS_DUCT,2,0,0,0,0,0,,,2,42,0.047619047619047616,0.6424296717036017,0.9999978226741806
KLF5,AP_HE,2,0,0,0,0,0,,,2,79,0.02531645569620253,0.91833137001412,0.9999978226741806
KLF5,BA_DUCT,2,0,0,0,0,0,,,2,243,0.00823045267489712,0.9999637726857675,0.9999978226741806
KLF9,AP_DUCT,2,0,0,0,0,0,,,2,36,0.05555555555555555,0.5579729281540194,0.9999978226741806
KLF9,AP_HE,2,0,0,0,0,0,,,2,66,0.030303030303030304,0.8593177784671194,0.9999978226741806
KLF9,HS_LE,2,0,1,0,0,0,,,1,76,0.02631578947368421,0.9072430075870568,0.9999978226741806
MAF,AP_DUCT,2,1,0,0,0,0,,,1,35,0.05714285714285714,0.5425858307240568,0.9999978226741806
MAFB,HS_HE,2,0,0,0,0,0,,,2,62,0.03225806451612903,0.8344492425749259,0.9999978226741806
MAFF,AP_DUCT,2,1,0,0,0,0,,,1,44,0.045454545454545456,0.667600031489961,0.9999978226741806
MAX,AP_DUCT,2,0,0,0,0,0,,,2,33,0.06060606060606061,0.510709978968895,0.9999978226741806
MBNL2,AP_HE,2,0,0,0,0,0,,,2,34,0.058823529411764705,0.5268297957017493,0.9999978226741806
MEF2A,AP_TEB,2,0,0,1,0,1,Bbc3,,1,165,0.012121212121212121,0.9983861306396081,0.9999978226741806
MEF2B,HS_TEB,2,0,0,1,1,0,Pmaip1,Bcl2,0,125,0.016,0.989465843686404,0.9999978226741806
MEF2C,BA_DUCT,2,0,0,0,0,0,,,2,166,0.012048192771084338,0.9984612593920412,0.9999978226741806
MEIS2,BA_DUCT,2,0,0,0,0,0,,,2,165,0.012121212121212121,0.9983861306396081,0.9999978226741806
MEOX2,HS_LE,2,0,0,1,0,1,Bok,,1,25,0.08,0.3698944906792694,0.9999978226741806
MITF,AP_DUCT,2,1,0,0,0,0,,,1,81,0.024691358024691357,0.9250178068291446,0.9999978226741806
MLXIPL,AP_DUCT,2,0,0,0,0,0,,,2,34,0.058823529411764705,0.5268297957017493,0.9999978226741806
MSC,HS_HE,2,0,0,0,0,0,,,2,37,0.05405405405405406,0.5729874178942554,0.9999978226741806
MSC,HS_TEB,2,0,0,1,0,1,Pmaip1,,1,100,0.02,0.9673103504220564,0.9999978226741806
MTERF1,HS_LE,2,0,0,0,0,0,,,2,19,0.10526315789473684,0.2547902448694099,0.9999978226741806
MTF2,HS_LE,2,0,1,0,0,0,,,1,81,0.024691358024691357,0.9250178068291446,0.9999978226741806
MXD1,HS_TEB,2,0,0,1,0,1,Pmaip1,,1,105,0.01904761904761905,0.9738524111313306,0.9999978226741806
MXD3,HS_TEB,2,0,0,0,0,0,,,2,101,0.019801980198019802,0.9687336751246001,0.9999978226741806
MXI1,BA_DUCT,2,0,0,0,0,0,,,2,208,0.009615384615384616,0.9997974841478254,0.9999978226741806
MXI1,HS_DUCT,2,0,0,0,0,0,,,2,36,0.05555555555555555,0.5579729281540194,0.9999978226741806
MYBL1,AP_LE,2,0,1,0,0,0,,,1,209,0.009569377990430622,0.9998071340667893,0.9999978226741806
MYC,AP_HE,2,0,1,0,0,0,,,1,97,0.020618556701030927,0.9626564612520683,0.9999978226741806
NFATC1,AP_HE,2,0,1,0,0,0,,,1,53,0.03773584905660377,0.7635095631401976,0.9999978226741806
NFATC2,HS_TEB,2,0,0,1,1,0,Pmaip1,Bcl2,0,97,0.020618556701030927,0.9626564612520683,0.9999978226741806
NFATC4,AP_TEB,2,0,0,0,0,0,,,2,77,0.025974025974025976,0.9110871121817208,0.9999978226741806
NFATC4,HS_TEB,2,0,0,1,1,0,Pmaip1,Bcl2,0,87,0.022988505747126436,0.942108970050139,0.9999978226741806
NFE2,HS_TEB,2,0,0,0,0,0,,,2,132,0.015151515151515152,0.9923763681362823,0.9999978226741806
NFIA,BA_LE,2,0,0,1,0,1,Bak1,,1,111,0.018018018018018018,0.9800436475694518,0.9999978226741806
NFIB,BA_TEB,2,0,0,0,0,0,,,2,125,0.016,0.989465843686404,0.9999978226741806
NFIC,BA_HE,2,0,0,0,0,0,,,2,126,0.015873015873015872,0.9899399088430942,0.9999978226741806
NFIL3,AP_HE,2,0,0,0,0,0,,,2,46,0.043478260869565216,0.6913184569494495,0.9999978226741806
NFKB1,HS_HE,2,0,0,0,0,0,,,2,63,0.031746031746031744,0.8410148577988434,0.9999978226741806
NFKB2,HS_HE,2,0,0,0,0,0,,,2,52,0.038461538461538464,0.7541779685732284,0.9999978226741806
NKX23,BA_DUCT,2,0,0,0,0,0,,,2,52,0.038461538461538464,0.7541779685732284,0.9999978226741806
NKX31,BA_TEB,2,0,0,0,0,0,,,2,43,0.046511627906976744,0.6551984166363247,0.9999978226741806
NKX32,AP_TEB,2,0,0,0,0,0,,,2,43,0.046511627906976744,0.6551984166363247,0.9999978226741806
NPAS2,AP_TEB,2,0,0,0,0,0,,,2,74,0.02702702702702703,0.89908402605793,0.9999978226741806
NPAS3,BA_TEB,2,0,0,0,0,0,,,2,74,0.02702702702702703,0.89908402605793,0.9999978226741806
NR1D1,BA_DUCT,2,0,0,0,0,0,,,2,136,0.014705882352941176,0.9936692266125218,0.9999978226741806
NR1H2,AP_HE,2,0,0,0,0,0,,,2,57,0.03508771929824561,0.7978165004820695,0.9999978226741806
NR1H2,BA_DUCT,2,0,0,0,0,0,,,2,148,0.013513513513513514,0.9963897898982561,0.9999978226741806
NR1H3,HS_DUCT,2,0,0,0,0,0,,,2,33,0.06060606060606061,0.510709978968895,0.9999978226741806
NR1I2,AP_DUCT,2,0,0,0,0,0,,,2,28,0.07142857142857142,0.4249585155930174,0.9999978226741806
NR1I2,AP_HE,2,0,0,0,0,0,,,2,44,0.045454545454545456,0.667600031489961,0.9999978226741806
NR2F2,AP_TEB,2,0,0,0,0,0,,,2,143,0.013986013986013986,0.9954345535237381,0.9999978226741806
NR2F2,BA_HE,2,0,0,1,0,1,Aifm2,,1,122,0.01639344262295082,0.9879091135131257,0.9999978226741806
NR2F2,HS_TEB,2,0,1,0,1,-1,,Bcl2,0,163,0.012269938650306749,0.9982248635357406,0.9999978226741806
NR3C2,AP_HE,2,0,0,0,0,0,,,2,38,0.05263157894736842,0.5876269769689738,0.9999978226741806
NR4A3,HS_TEB,2,0,0,1,0,1,Pmaip1,,1,99,0.020202020202020204,0.9658247629945567,0.9999978226741806
OLIG1,BA_DUCT,2,0,0,0,0,0,,,2,97,0.020618556701030927,0.9626564612520683,0.9999978226741806
PA2G4,HS_TEB,2,0,0,0,0,0,,,2,36,0.05555555555555555,0.5579729281540194,0.9999978226741806
PATZ1,AP_LE,2,0,0,0,0,0,,,2,75,0.02666666666666667,0.9032438140792298,0.9999978226741806
PAX6,HS_DUCT,2,0,0,0,0,0,,,2,31,0.06451612903225806,0.4774079628154962,0.9999978226741806
PAX8,HS_DUCT,2,0,0,0,0,0,,,2,22,0.09090909090909091,0.3128587195286646,0.9999978226741806
PAX8,HS_HE,2,0,0,0,0,0,,,2,48,0.041666666666666664,0.7136232776887587,0.9999978226741806
PBX3,AP_TEB,2,0,0,1,0,1,Bbc3,,1,206,0.009708737864077669,0.9997767266865989,0.9999978226741806
PCGF2,AP_TEB,2,0,0,0,0,0,,,2,70,0.02857142857142857,0.8807239043028348,0.9999978226741806
PCGF6,AP_TEB,2,0,0,0,0,0,,,2,134,0.014925373134328358,0.9930521703023087,0.9999978226741806
PGR,HS_HE,2,0,0,0,0,0,,,2,76,0.02631578947368421,0.9072430075870568,0.9999978226741806
PIN1,HS_LE,2,0,1,0,0,0,,,1,18,0.1111111111111111,0.23541959109065685,0.9999978226741806
PITX1,AP_LE,2,0,1,0,0,0,,,1,95,0.021052631578947368,0.9592071314364534,0.9999978226741806
PLAGL1,BA_DUCT,2,0,0,0,0,0,,,2,131,0.015267175572519083,0.9920147631072316,0.9999978226741806
PLAGL2,AP_LE,2,1,0,0,0,0,,,1,94,0.02127659574468085,0.9573698842230569,0.9999978226741806
PLAGL2,AP_TEB,2,1,0,0,0,0,,,1,77,0.025974025974025976,0.9110871121817208,0.9999978226741806
POU4F1,BA_TEB,2,0,0,0,0,0,,,2,104,0.019230769230769232,0.9726543226617819,0.9999978226741806
POU4F1,HS_LE,2,0,0,0,0,0,,,2,35,0.05714285714285714,0.5425858307240568,0.9999978226741806
PPARD,AP_TEB,2,0,0,0,0,0,,,2,89,0.02247191011235955,0.9469320825957919,0.9999978226741806
RARB,AP_TEB,2,0,0,1,0,1,Bbc3,,1,160,0.0125,0.997952762379368,0.9999978226741806
RARB,BA_DUCT,2,0,0,0,0,0,,,2,197,0.01015228426395939,0.9996540291007612,0.9999978226741806
RARG,AP_TEB,2,0,0,0,0,0,,,2,99,0.020202020202020204,0.9658247629945567,0.9999978226741806
RARG,BA_DUCT,2,0,0,0,0,0,,,2,141,0.014184397163120567,0.9949865145884274,0.9999978226741806
RBPJ,HS_HE,2,0,0,0,0,0,,,2,57,0.03508771929824561,0.7978165004820695,0.9999978226741806
RELA,AP_HE,2,0,0,0,0,0,,,2,88,0.022727272727272728,0.9445704413847641,0.9999978226741806
RELB,BA_DUCT,2,0,0,0,0,0,,,2,142,0.014084507042253521,0.9952156763239941,0.9999978226741806
RELB,HS_HE,2,0,0,0,0,0,,,2,64,0.03125,0.8473435019048036,0.9999978226741806
REST,HS_DUCT,2,0,0,0,0,0,,,2,44,0.045454545454545456,0.667600031489961,0.9999978226741806
RFX8,BA_TEB,2,0,0,1,0,1,Bid,,1,73,0.0273972602739726,0.8947579969367424,0.9999978226741806
RUNX1,AP_HE,2,0,1,0,0,0,,,1,75,0.02666666666666667,0.9032438140792298,0.9999978226741806
SALL1,HS_LE,2,0,0,0,0,0,,,2,37,0.05405405405405406,0.5729874178942554,0.9999978226741806
SIX2,HS_LE,2,0,0,0,0,0,,,2,37,0.05405405405405406,0.5729874178942554,0.9999978226741806
SIX5,AP_DUCT,2,1,0,0,0,0,,,1,26,0.07692307692307693,0.3885053887570651,0.9999978226741806
SLC2A4RG,HS_HE,2,0,0,0,0,0,,,2,32,0.0625,0.49423317188765986,0.9999978226741806
SMAD9,BA_DUCT,2,0,0,0,0,0,,,2,135,0.014814814814814815,0.9933677208051006,0.9999978226741806
SNAI1,HS_TEB,2,0,0,1,0,1,Pmaip1,,1,103,0.019417475728155338,0.9714033243347886,0.9999978226741806
SNAI2,BA_DUCT,2,0,0,0,0,0,,,2,203,0.009852216748768473,0.9997415780817884,0.9999978226741806
SNAI2,HS_HE,2,0,0,0,0,0,,,2,67,0.029850746268656716,0.8649771195165482,0.9999978226741806
SNAI2,HS_TEB,2,0,0,1,0,1,Pmaip1,,1,176,0.011363636363636364,0.9990463526425313,0.9999978226741806
SOX1,BA_TEB,2,0,0,0,0,0,,,2,78,0.02564102564102564,0.9147814920604314,0.9999978226741806
SOX1,HS_LE,2,0,0,0,0,0,,,2,30,0.06666666666666667,0.4602449112774725,0.9999978226741806
SOX13,BA_DUCT,2,0,0,0,0,0,,,2,153,0.013071895424836602,0.9971479381256041,0.9999978226741806
SOX17,AP_TEB,2,0,0,1,0,1,Bok,,1,161,0.012422360248447204,0.9980477410637908,0.9999978226741806
SOX17,BA_DUCT,2,0,0,1,0,1,Aifm2,,1,190,0.010526315789473684,0.9995142816060629,0.9999978226741806
SOX18,HS_HE,2,0,0,1,0,1,Aifm2,,1,28,0.07142857142857142,0.4249585155930174,0.9999978226741806
SOX2,AP_DUCT,2,0,0,0,0,0,,,2,70,0.02857142857142857,0.8807239043028348,0.9999978226741806
SOX21,BA_TEB,2,0,0,0,0,0,,,2,88,0.022727272727272728,0.9445704413847641,0.9999978226741806
SOX3,BA_TEB,2,0,0,0,0,0,,,2,89,0.02247191011235955,0.9469320825957919,0.9999978226741806
SOX8,BA_DUCT,2,0,0,0,0,0,,,2,117,0.017094017094017096,0.9848031684318858,0.9999978226741806
SOX9,HS_DUCT,2,0,0,0,0,0,,,2,45,0.044444444444444446,0.6796385238345278,0.9999978226741806
SOX9,HS_HE,2,0,0,0,0,0,,,2,114,0.017543859649122806,0.9825805676069552,0.9999978226741806
SP100,BA_DUCT,2,0,0,0,0,0,,,2,100,0.02,0.9673103504220564,0.9999978226741806
SP100,HS_TEB,2,0,0,1,0,1,Pmaip1,,1,82,0.024390243902439025,0.9281641092015294,0.9999978226741806
SP110,HS_TEB,2,0,0,1,0,1,Pmaip1,,1,75,0.02666666666666667,0.9032438140792298,0.9999978226741806
SP5,HS_LE,2,0,0,0,0,0,,,2,31,0.06451612903225806,0.4774079628154962,0.9999978226741806
SP7,BA_TEB,2,0,0,0,0,0,,,2,84,0.023809523809523808,0.9340862035287287,0.9999978226741806
SRF,BA_DUCT,2,0,0,0,0,0,,,2,194,0.010309278350515464,0.9995998224002332,0.9999978226741806
STAT2,HS_TEB,2,0,0,0,0,0,,,2,114,0.017543859649122806,0.9825805676069552,0.9999978226741806
TBX15,BA_DUCT,2,0,0,0,0,0,,,2,118,0.01694915254237288,0.9854808067624484,0.9999978226741806
TBX3,AP_HE,2,0,0,0,0,0,,,2,49,0.04081632653061224,0.7242594899204555,0.9999978226741806
TBX3,AP_TEB,2,0,0,0,0,0,,,2,120,0.016666666666666666,0.986749017919209,0.9999978226741806
TBX3,BA_DUCT,2,0,0,0,0,0,,,2,183,0.01092896174863388,0.9993189502645567,0.9999978226741806
TBX3,HS_DUCT,2,0,0,0,0,0,,,2,26,0.07692307692307693,0.3885053887570651,0.9999978226741806
TCF12,BA_DUCT,2,0,0,0,0,0,,,2,212,0.009433962264150943,0.9998334335648225,0.9999978226741806
TCF21,AP_HE,2,0,0,0,0,0,,,2,67,0.029850746268656716,0.8649771195165482,0.9999978226741806
TCF21,BA_DUCT,2,0,0,0,0,0,,,2,253,0.007905138339920948,0.9999779365071784,0.9999978226741806
TCF21,BA_LE,2,0,0,0,0,0,,,2,87,0.022988505747126436,0.942108970050139,0.9999978226741806
TCF21,HS_DUCT,2,0,0,0,0,0,,,2,42,0.047619047619047616,0.6424296717036017,0.9999978226741806
TCF4,AP_DUCT,2,0,0,0,0,0,,,2,38,0.05263157894736842,0.5876269769689738,0.9999978226741806
TEAD1,BA_DUCT,2,0,0,0,0,0,,,2,175,0.011428571428571429,0.9989994821523814,0.9999978226741806
TEAD2,BA_DUCT,2,0,0,0,0,0,,,2,169,0.011834319526627219,0.9986665612000112,0.9999978226741806
TEAD3,HS_TEB,2,0,0,1,0,1,Bok,,1,110,0.01818181818181818,0.9791209940188151,0.9999978226741806
TEAD4,BA_HE,2,0,0,1,0,1,Aifm2,,1,130,0.015384615384615385,0.9916364043886132,0.9999978226741806
TFAP2C,HS_DUCT,2,0,0,0,0,0,,,2,42,0.047619047619047616,0.6424296717036017,0.9999978226741806
TFCP2L1,AP_HE,2,0,0,0,0,0,,,2,47,0.0425531914893617,0.7026448823371741,0.9999978226741806
TFCP2L1,BA_TEB,2,0,0,0,0,0,,,2,73,0.0273972602739726,0.8947579969367424,0.9999978226741806
THAP10,BA_TEB,2,0,0,0,0,0,,,2,177,0.011299435028248588,0.999091054052083,0.9999978226741806
TLX2,HS_LE,2,0,0,0,0,0,,,2,47,0.0425531914893617,0.7026448823371741,0.9999978226741806
TOPORS,AP_LE,2,0,1,0,0,0,,,1,42,0.047619047619047616,0.6424296717036017,0.9999978226741806
TP63,HS_DUCT,2,0,0,0,0,0,,,2,25,0.08,0.3698944906792694,0.9999978226741806
TRAFD1,HS_TEB,2,0,0,1,0,1,Pmaip1,,1,84,0.023809523809523808,0.9340862035287287,0.9999978226741806
TSHZ1,BA_DUCT,2,0,0,0,0,0,,,2,110,0.01818181818181818,0.9791209940188151,0.9999978226741806
TSHZ2,BA_TEB,2,0,0,0,0,0,,,2,83,0.024096385542168676,0.9311853989432473,0.9999978226741806
TWIST1,HS_TEB,2,0,0,0,0,0,,,2,165,0.012121212121212121,0.9983861306396081,0.9999978226741806
USF2,AP_HE,2,0,0,0,0,0,,,2,79,0.02531645569620253,0.91833137001412,0.9999978226741806
VDR,AP_HE,2,0,0,0,0,0,,,2,78,0.02564102564102564,0.9147814920604314,0.9999978226741806
VDR,HS_TEB,2,0,0,0,1,-1,,Bcl2,1,160,0.0125,0.997952762379368,0.9999978226741806
YY2,HS_LE,2,0,0,0,0,0,,,2,36,0.05555555555555555,0.5579729281540194,0.9999978226741806
ZBED1,HS_HE,2,0,0,0,0,0,,,2,64,0.03125,0.8473435019048036,0.9999978226741806
ZBED4,HS_LE,2,0,0,0,0,0,,,2,70,0.02857142857142857,0.8807239043028348,0.9999978226741806
ZBTB12,HS_LE,2,0,0,0,0,0,,,2,69,0.028985507246376812,0.8756736668492588,0.9999978226741806
ZBTB16,AP_HE,2,0,0,0,0,0,,,2,57,0.03508771929824561,0.7978165004820695,0.9999978226741806
ZBTB16,BA_DUCT,2,0,0,0,0,0,,,2,148,0.013513513513513514,0.9963897898982561,0.9999978226741806
ZBTB4,BA_DUCT,2,0,0,0,0,0,,,2,120,0.016666666666666666,0.986749017919209,0.9999978226741806
ZBTB47,BA_DUCT,2,0,0,0,0,0,,,2,119,0.01680672268907563,0.9861290125644904,0.9999978226741806
ZEB1,HS_DUCT,2,0,0,0,0,0,,,2,25,0.08,0.3698944906792694,0.9999978226741806
ZEB1,HS_HE,2,0,0,0,0,0,,,2,70,0.02857142857142857,0.8807239043028348,0.9999978226741806
ZEB2,BA_DUCT,2,0,0,0,0,0,,,2,177,0.011299435028248588,0.999091054052083,0.9999978226741806
ZFP1,BA_TEB,2,0,0,0,0,0,,,2,90,0.022222222222222223,0.9491976434987446,0.9999978226741806
ZFP69B,AP_LE,2,0,0,0,0,0,,,2,113,0.017699115044247787,0.9817718386282468,0.9999978226741806
ZFP90,HS_LE,2,0,0,0,0,0,,,2,31,0.06451612903225806,0.4774079628154962,0.9999978226741806
ZHX2,BA_DUCT,2,0,0,0,0,0,,,2,140,0.014285714285714285,0.9947465978211774,0.9999978226741806
ZHX2,HS_TEB,2,0,0,1,1,0,Bok,Bcl2,0,160,0.0125,0.997952762379368,0.9999978226741806
ZHX3,BA_DUCT,2,0,0,0,0,0,,,2,144,0.013888888888888888,0.9956435967842743,0.9999978226741806
ZHX3,HS_TEB,2,0,0,0,1,-1,,Bcl2,1,95,0.021052631578947368,0.9592071314364534,0.9999978226741806
ZIC2,HS_LE,2,0,0,0,0,0,,,2,51,0.0392156862745098,0.744530289704453,0.9999978226741806
ZIK1,HS_LE,2,0,0,0,0,0,,,2,58,0.034482758620689655,0.805674432891676,0.9999978226741806
ZKSCAN1,HS_HE,2,0,0,0,0,0,,,2,98,0.02040816326530612,0.9642743517825696,0.9999978226741806
ZNF138,BA_TEB,2,0,0,0,0,0,,,2,97,0.020618556701030927,0.9626564612520683,0.9999978226741806
ZNF180,AP_LE,2,0,1,0,0,0,,,1,66,0.030303030303030304,0.8593177784671194,0.9999978226741806
ZNF217,HS_HE,2,0,0,0,0,0,,,2,125,0.016,0.989465843686404,0.9999978226741806
ZNF256,HS_LE,2,0,0,0,0,0,,,2,33,0.06060606060606061,0.510709978968895,0.9999978226741806
ZNF274,AP_HE,2,0,0,0,0,0,,,2,63,0.031746031746031744,0.8410148577988434,0.9999978226741806
ZNF280B,AP_LE,2,0,1,0,0,0,,,1,55,0.03636363636363636,0.7812525844655887,0.9999978226741806
ZNF280C,HS_LE,2,0,0,0,0,0,,,2,40,0.05,0.6157779862363579,0.9999978226741806
ZNF286A,AP_LE,2,0,1,0,0,0,,,1,76,0.02631578947368421,0.9072430075870568,0.9999978226741806
ZNF300,BA_TEB,2,0,0,1,0,1,Bid,,1,110,0.01818181818181818,0.9791209940188151,0.9999978226741806
ZNF326,HS_LE,2,0,0,0,0,0,,,2,32,0.0625,0.49423317188765986,0.9999978226741806
ZNF33B,HS_LE,2,0,0,0,0,0,,,2,30,0.06666666666666667,0.4602449112774725,0.9999978226741806
ZNF367,HS_LE,2,0,0,0,0,0,,,2,99,0.020202020202020204,0.9658247629945567,0.9999978226741806
ZNF423,HS_LE,2,0,0,0,0,0,,,2,31,0.06451612903225806,0.4774079628154962,0.9999978226741806
ZNF436,HS_TEB,2,0,0,0,1,-1,,Bcl2,1,102,0.0196078431372549,0.9700972063774391,0.9999978226741806
ZNF469,BA_TEB,2,0,0,0,0,0,,,2,45,0.044444444444444446,0.6796385238345278,0.9999978226741806
ZNF488,BA_DUCT,2,0,0,0,0,0,,,2,95,0.021052631578947368,0.9592071314364534,0.9999978226741806
ZNF503,AP_TEB,2,0,0,0,0,0,,,2,73,0.0273972602739726,0.8947579969367424,0.9999978226741806
ZNF521,BA_LE,2,0,0,0,0,0,,,2,104,0.019230769230769232,0.9726543226617819,0.9999978226741806
ZNF579,HS_LE,2,0,0,0,0,0,,,2,37,0.05405405405405406,0.5729874178942554,0.9999978226741806
ZNF625,AP_LE,2,1,1,0,0,0,,,0,102,0.0196078431372549,0.9700972063774391,0.9999978226741806
ZNF680,HS_LE,2,1,0,0,0,0,,,1,37,0.05405405405405406,0.5729874178942554,0.9999978226741806
ZNF697,AP_TEB,2,1,0,0,0,0,,,1,76,0.02631578947368421,0.9072430075870568,0.9999978226741806
ZNF697,HS_TEB,2,0,0,1,0,1,Pmaip1,,1,102,0.0196078431372549,0.9700972063774391,0.9999978226741806
ZNF703,HS_LE,2,0,0,0,0,0,,,2,31,0.06451612903225806,0.4774079628154962,0.9999978226741806
ZNF714,BA_TEB,2,0,0,0,0,0,,,2,160,0.0125,0.997952762379368,0.9999978226741806
ZNF730,BA_TEB,2,0,0,0,0,0,,,2,120,0.016666666666666666,0.986749017919209,0.9999978226741806
ZNF730,HS_LE,2,1,0,0,0,0,,,1,29,0.06896551724137931,0.44275673569044266,0.9999978226741806
ZNF749,HS_LE,2,0,0,0,0,0,,,2,36,0.05555555555555555,0.5579729281540194,0.9999978226741806
ZNF750,AP_DUCT,2,0,0,0,0,0,,,2,31,0.06451612903225806,0.4774079628154962,0.9999978226741806
ZNF750,AP_TEB,2,0,0,0,0,0,,,2,115,0.017391304347826087,0.9833544111196697,0.9999978226741806
ZNF750,BA_DUCT,2,0,0,0,0,0,,,2,122,0.01639344262295082,0.9879091135131257,0.9999978226741806
ZNF777,AP_LE,2,0,0,0,0,0,,,2,82,0.024390243902439025,0.9281641092015294,0.9999978226741806
ZNF837,HS_LE,2,0,0,0,0,0,,,2,28,0.07142857142857142,0.4249585155930174,0.9999978226741806
ZNF878,HS_LE,2,1,0,0,0,0,,,1,44,0.045454545454545456,0.667600031489961,0.9999978226741806
ZNF878,HS_TEB,2,0,0,1,0,1,Pmaip1,,1,46,0.043478260869565216,0.6913184569494495,0.9999978226741806
ZNF883,BA_TEB,2,0,1,0,0,0,,,1,55,0.03636363636363636,0.7812525844655887,0.9999978226741806
ZNF888,AP_LE,2,0,0,0,0,0,,,2,50,0.04,0.734559682924998,0.9999978226741806
ZNF92,HS_LE,2,0,1,0,0,0,,,1,70,0.02857142857142857,0.8807239043028348,0.9999978226741806
ZNF93,HS_LE,2,0,0,0,0,0,,,2,67,0.029850746268656716,0.8649771195165482,0.9999978226741806
ZNF93,HS_TEB,2,0,0,1,0,1,Pmaip1,,1,87,0.022988505747126436,0.942108970050139,0.9999978226741806
ZSCAN18,BA_DUCT,2,0,0,0,0,0,,,2,123,0.016260162601626018,0.9884514310272372,0.9999978226741806
ADNP2,AP_TEB,1,0,0,0,0,0,,,1,90,0.011111111111111112,0.9913797120824829,0.9999978226741806
AEBP1,BA_DUCT,1,0,0,0,0,0,,,1,101,0.009900990099009901,0.9951859054112047,0.9999978226741806
AEBP1,HS_DUCT,1,0,0,0,0,0,,,1,16,0.0625,0.5697644436862532,0.9999978226741806
AEBP1,HS_HE,1,0,0,0,0,0,,,1,16,0.0625,0.5697644436862532,0.9999978226741806
AEBP1,HS_LE,1,0,0,0,0,0,,,1,14,0.07142857142857142,0.5219095126256856,0.9999978226741806
AEBP1,HS_TEB,1,0,0,0,0,0,,,1,58,0.017241379310344827,0.9531514542251285,0.9999978226741806
AHR,AP_DUCT,1,0,0,0,0,0,,,1,42,0.023809523809523808,0.8909032446555523,0.9999978226741806
AHR,AP_TEB,1,0,0,0,0,0,,,1,150,0.006666666666666667,0.9996421770220139,0.9999978226741806
AHR,BA_HE,1,0,0,0,0,0,,,1,114,0.008771929824561403,0.9975827929536478,0.9999978226741806
AHRR,AP_LE,1,0,0,0,0,0,,,1,155,0.0064516129032258064,0.9997256450567187,0.9999978226741806
AHRR,HS_LE,1,0,0,0,0,0,,,1,45,0.022222222222222223,0.9068888824055246,0.9999978226741806
AHRR,HS_TEB,1,0,0,1,0,1,Pmaip1,,0,70,0.014285714285714285,0.9751599073347967,0.9999978226741806
ALX4,HS_DUCT,1,0,0,0,0,0,,,1,21,0.047619047619047616,0.6694969955709769,0.9999978226741806
ARID3B,HS_LE,1,0,0,0,0,0,,,1,23,0.043478260869565216,0.7025907290980198,0.9999978226741806
ARID3C,AP_DUCT,1,0,0,0,0,0,,,1,7,0.14285714285714285,0.30851151818872635,0.9999978226741806
ARID5B,AP_HE,1,0,0,0,0,0,,,1,38,0.02631578947368421,0.865245975097951,0.9999978226741806
ARNT2,BA_TEB,1,0,0,0,0,0,,,1,82,0.012195121951219513,0.9868346203195439,0.9999978226741806
ARNTL2,AP_TEB,1,0,0,0,0,0,,,1,142,0.007042253521126761,0.9994527667311863,0.9999978226741806
ARNTL2,HS_HE,1,0,0,0,0,0,,,1,47,0.02127659574468085,0.9162235635647089,0.9999978226741806
ARNTL2,HS_LE,1,0,0,0,0,0,,,1,41,0.024390243902439025,0.8849872072043152,0.9999978226741806
ASCL2,HS_TEB,1,0,0,1,0,1,Pmaip1,,0,102,0.00980392156862745,0.995434308371935,0.9999978226741806
ASCL3,AP_HE,1,0,0,0,0,0,,,1,38,0.02631578947368421,0.865245975097951,0.9999978226741806
ASCL3,HS_HE,1,0,0,0,0,0,,,1,39,0.02564102564102564,0.8721763823069019,0.9999978226741806
ATF2,HS_HE,1,0,0,0,0,0,,,1,79,0.012658227848101266,0.9845695019892351,0.9999978226741806
ATF3,AP_DUCT,1,1,0,0,0,0,,,0,51,0.0196078431372549,0.9321815496449943,0.9999978226741806
ATF5,AP_DUCT,1,0,0,0,0,0,,,1,30,0.03333333333333333,0.7944380139986199,0.9999978226741806
ATF5,AP_HE,1,0,0,0,0,0,,,1,44,0.022727272727272728,0.9018388744372803,0.9999978226741806
ATF5,HS_DUCT,1,0,0,0,0,0,,,1,19,0.05263157894736842,0.6327249449843543,0.9999978226741806
ATOH8,AP_TEB,1,0,0,1,0,1,Bok,,0,91,0.01098901098901099,0.9918242560782293,0.9999978226741806
ATOH8,BA_DUCT,1,0,0,0,0,0,,,1,170,0.0058823529411764705,0.9998763880564925,0.9999978226741806
ATOH8,HS_HE,1,0,0,0,0,0,,,1,27,0.037037037037037035,0.7591769719337726,0.9999978226741806
BACH1,AP_DUCT,1,0,0,0,0,0,,,1,74,0.013513513513513514,0.9798967500263773,0.9999978226741806
BATF2,HS_HE,1,0,0,0,0,0,,,1,36,0.027777777777777776,0.8502387851218602,0.9999978226741806
BATF3,HS_HE,1,0,0,0,0,0,,,1,33,0.030303030303030304,0.8245406215361494,0.9999978226741806
BCL11A,AP_TEB,1,0,0,1,0,1,Bbc3,,0,117,0.008547008547008548,0.9979382409709607,0.9999978226741806
BCL11B,HS_TEB,1,0,0,0,1,-1,,Bcl2,0,98,0.01020408163265306,0.9943567231730495,0.9999978226741806
BCL6,AP_HE,1,0,0,0,0,0,,,1,79,0.012658227848101266,0.9845695019892351,0.9999978226741806
BCL6,BA_DUCT,1,0,0,0,0,0,,,1,207,0.004830917874396135,0.9999827505332897,0.9999978226741806
BCL6B,AP_TEB,1,0,0,1,0,1,Bok,,0,63,0.015873015873015872,0.9640326817411148,0.9999978226741806
BCL6B,HS_TEB,1,0,0,1,0,1,Bok,,0,92,0.010869565217391304,0.992245897145061,0.9999978226741806
BHLHA15,HS_LE,1,0,0,0,0,0,,,1,35,0.02857142857142857,0.8421202890949757,0.9999978226741806
BHLHE40,BA_HE,1,0,0,1,0,1,Aifm2,,0,94,0.010638297872340425,0.9930251251842568,0.9999978226741806
BHLHE41,HS_DUCT,1,0,0,0,0,0,,,1,10,0.1,0.40965885301396254,0.9999978226741806
BNC1,BA_LE,1,0,0,0,0,0,,,1,104,0.009615384615384616,0.995893358522544,0.9999978226741806
BNC1,HS_TEB,1,0,0,0,0,0,,,1,118,0.00847457627118644,0.9980447147676147,0.9999978226741806
BNC2,BA_DUCT,1,0,0,0,0,0,,,1,138,0.007246376811594203,0.9993233019795934,0.9999978226741806
C11ORF95,BA_DUCT,1,0,0,0,0,0,,,1,23,0.043478260869565216,0.7025907290980198,0.9999978226741806
CASZ1,BA_DUCT,1,0,0,0,0,0,,,1,110,0.00909090909090909,0.9970118813903739,0.9999978226741806
CCDC17,HS_HE,1,0,0,0,0,0,,,1,22,0.045454545454545456,0.6864797706206107,0.9999978226741806
CDX1,AP_HE,1,0,0,0,0,0,,,1,28,0.03571428571428571,0.7715554332797265,0.9999978226741806
CDX1,HS_HE,1,0,0,0,0,0,,,1,40,0.025,0.8787507001548646,0.9999978226741806
CDX2,AP_HE,1,0,0,0,0,0,,,1,59,0.01694915254237288,0.9555633861236891,0.9999978226741806
CEBPA,BA_HE,1,0,0,1,0,1,Aifm2,,0,94,0.010638297872340425,0.9930251251842568,0.9999978226741806
CEBPA,HS_DUCT,1,0,0,0,0,0,,,1,28,0.03571428571428571,0.7715554332797265,0.9999978226741806
CEBPB,AP_DUCT,1,1,0,0,0,0,,,0,59,0.01694915254237288,0.9555633861236891,0.9999978226741806
CEBPB,BA_HE,1,0,0,0,0,0,,,1,145,0.006896551724137931,0.9995333484829694,0.9999978226741806
CEBPD,AP_DUCT,1,0,0,0,0,0,,,1,34,0.029411764705882353,0.8335621617129495,0.9999978226741806
CEBPD,BA_DUCT,1,0,0,0,0,0,,,1,151,0.006622516556291391,0.999660687688675,0.9999978226741806
CEBPD,HS_TEB,1,0,1,0,0,0,,,0,145,0.006896551724137931,0.9995333484829694,0.9999978226741806
CEBPE,HS_TEB,1,0,0,0,0,0,,,1,85,0.011764705882352941,0.9887675172032977,0.9999978226741806
CENPA,HS_TEB,1,0,0,1,0,1,Pmaip1,,0,57,0.017543859649122806,0.9506087469607587,0.9999978226741806
CHAMP1,AP_LE,1,0,0,0,0,0,,,1,136,0.007352941176470588,0.9992475135452649,0.9999978226741806
CHAMP1,HS_LE,1,0,0,0,0,0,,,1,52,0.019230769230769232,0.9356718159405193,0.9999978226741806
CREB3,AP_HE,1,0,1,0,0,0,,,0,42,0.023809523809523808,0.8909032446555523,0.9999978226741806
CREB3L1,AP_DUCT,1,0,0,0,0,0,,,1,33,0.030303030303030304,0.8245406215361494,0.9999978226741806
CREB3L1,AP_HE,1,0,1,0,0,0,,,0,42,0.023809523809523808,0.8909032446555523,0.9999978226741806
CREB3L1,HS_DUCT,1,0,0,0,0,0,,,1,28,0.03571428571428571,0.7715554332797265,0.9999978226741806
CREB3L1,HS_LE,1,0,0,0,0,0,,,1,65,0.015384615384615385,0.9676418084024542,0.9999978226741806
CREB3L2,BA_HE,1,0,0,0,0,0,,,1,69,0.014492753623188406,0.9738108215771972,0.9999978226741806
CREB3L2,HS_DUCT,1,0,0,0,0,0,,,1,15,0.06666666666666667,0.5464670846633504,0.9999978226741806
CREB3L3,AP_DUCT,1,0,0,0,0,0,,,1,30,0.03333333333333333,0.7944380139986199,0.9999978226741806
CREB3L3,AP_HE,1,0,0,0,0,0,,,1,33,0.030303030303030304,0.8245406215361494,0.9999978226741806
CREB3L3,HS_HE,1,0,0,0,0,0,,,1,30,0.03333333333333333,0.7944380139986199,0.9999978226741806
CREB3L4,AP_HE,1,0,0,0,0,0,,,1,28,0.03571428571428571,0.7715554332797265,0.9999978226741806
CREB3L4,HS_DUCT,1,0,0,0,0,0,,,1,18,0.05555555555555555,0.6128336449783045,0.9999978226741806
CREB3L4,HS_HE,1,0,0,0,0,0,,,1,39,0.02564102564102564,0.8721763823069019,0.9999978226741806
CSRNP1,BA_DUCT,1,0,0,0,0,0,,,1,64,0.015625,0.9658848909448658,0.9999978226741806
CSRNP1,HS_TEB,1,0,0,0,0,0,,,1,45,0.022222222222222223,0.9068888824055246,0.9999978226741806
DBP,HS_DUCT,1,0,0,0,0,0,,,1,21,0.047619047619047616,0.6694969955709769,0.9999978226741806
DLX1,BA_TEB,1,0,0,0,0,0,,,1,86,0.011627906976744186,0.9893466198194651,0.9999978226741806
DLX3,AP_HE,1,0,0,0,0,0,,,1,30,0.03333333333333333,0.7944380139986199,0.9999978226741806
DLX6,BA_TEB,1,0,0,0,0,0,,,1,80,0.0125,0.9853647890043296,0.9999978226741806
DMRT2,HS_DUCT,1,0,0,0,0,0,,,1,18,0.05555555555555555,0.6128336449783045,0.9999978226741806
DNMT1,BA_TEB,1,0,0,0,0,0,,,1,164,0.006097560975609756,0.9998299428557036,0.9999978226741806
DZIP1,BA_TEB,1,0,0,0,0,0,,,1,91,0.01098901098901099,0.9918242560782293,0.9999978226741806
DZIP1,HS_DUCT,1,0,0,0,0,0,,,1,19,0.05263157894736842,0.6327249449843543,0.9999978226741806
E2F2,HS_TEB,1,0,0,0,1,-1,,Bcl2,0,103,0.009708737864077669,0.9956699062546521,0.9999978226741806
E2F3,AP_LE,1,0,0,0,0,0,,,1,192,0.005208333333333333,0.9999616541754571,0.9999978226741806
E2F3,HS_LE,1,0,0,0,0,0,,,1,80,0.0125,0.9853647890043296,0.9999978226741806
EBF1,AP_DUCT,1,1,0,0,0,0,,,0,51,0.0196078431372549,0.9321815496449943,0.9999978226741806
EBF1,AP_HE,1,0,0,0,0,0,,,1,85,0.011764705882352941,0.9887675172032977,0.9999978226741806
EBF1,BA_HE,1,0,0,1,0,1,Aifm2,,0,133,0.007518796992481203,0.9991176414910181,0.9999978226741806
EBF3,BA_DUCT,1,0,0,1,0,1,Aifm2,,0,112,0.008928571428571428,0.9973124391241242,0.9999978226741806
EGR2,AP_HE,1,0,0,0,0,0,,,1,42,0.023809523809523808,0.8909032446555523,0.9999978226741806
EGR3,AP_HE,1,0,0,0,0,0,,,1,46,0.021739130434782608,0.9116793363045486,0.9999978226741806
EGR3,BA_DUCT,1,0,0,0,0,0,,,1,122,0.00819672131147541,0.9984184365143163,0.9999978226741806
EGR3,HS_TEB,1,0,0,1,0,1,Pmaip1,,0,109,0.009174311926605505,0.9968492369597234,0.9999978226741806
EGR4,BA_DUCT,1,0,0,0,0,0,,,1,101,0.009900990099009901,0.9951859054112047,0.9999978226741806
EHF,BA_TEB,1,0,0,0,0,0,,,1,72,0.013888888888888888,0.9776533616786613,0.9999978226741806
EHF,HS_TEB,1,0,0,0,0,0,,,1,107,0.009345794392523364,0.9964969376967601,0.9999978226741806
ELF1,AP_DUCT,1,0,0,0,0,0,,,1,25,0.04,0.7323737535446735,0.9999978226741806
ELF1,AP_HE,1,0,0,0,0,0,,,1,50,0.02,0.928502113175572,0.9999978226741806
ELF3,HS_DUCT,1,0,0,0,0,0,,,1,34,0.029411764705882353,0.8335621617129495,0.9999978226741806
ELF4,HS_TEB,1,0,0,1,0,1,Pmaip1,,0,94,0.010638297872340425,0.9930251251842568,0.9999978226741806
ELF5,AP_HE,1,0,0,0,0,0,,,1,71,0.014084507042253521,0.9764395641556054,0.9999978226741806
ELK3,AP_DUCT,1,0,0,0,0,0,,,1,43,0.023255813953488372,0.8965152643702958,0.9999978226741806
ELK3,AP_HE,1,0,0,0,0,0,,,1,66,0.015151515151515152,0.9693083319399209,0.9999978226741806
EPAS1,AP_HE,1,0,0,0,0,0,,,1,50,0.02,0.928502113175572,0.9999978226741806
EPAS1,BA_DUCT,1,0,0,0,0,0,,,1,201,0.004975124378109453,0.999976254229019,0.9999978226741806
EPAS1,HS_DUCT,1,0,0,0,0,0,,,1,28,0.03571428571428571,0.7715554332797265,0.9999978226741806
EPAS1,HS_HE,1,0,0,0,0,0,,,1,73,0.0136986301369863,0.9788046861889659,0.9999978226741806
ERG,AP_DUCT,1,0,0,0,0,0,,,1,29,0.034482758620689655,0.7832982439079151,0.9999978226741806
ERG,AP_HE,1,0,0,0,0,0,,,1,61,0.01639344262295082,0.9600214569771751,0.9999978226741806
ETS1,AP_HE,1,0,0,0,0,0,,,1,98,0.01020408163265306,0.9943567231730495,0.9999978226741806
ETS1,HS_HE,1,0,0,0,0,0,,,1,138,0.007246376811594203,0.9993233019795934,0.9999978226741806
ETS2,AP_HE,1,0,0,0,0,0,,,1,50,0.02,0.928502113175572,0.9999978226741806
ETS2,HS_HE,1,0,0,0,0,0,,,1,55,0.01818181818181818,0.9451022907172315,0.9999978226741806
ETV3,AP_HE,1,0,0,0,0,0,,,1,42,0.023809523809523808,0.8909032446555523,0.9999978226741806
ETV3,HS_HE,1,0,0,0,0,0,,,1,37,0.02702702702702703,0.8579402119892936,0.9999978226741806
ETV3L,AP_HE,1,0,0,0,0,0,,,1,31,0.03225806451612903,0.8050056823713909,0.9999978226741806
ETV5,HS_DUCT,1,0,0,0,0,0,,,1,22,0.045454545454545456,0.6864797706206107,0.9999978226741806
ETV6,BA_DUCT,1,0,0,0,0,0,,,1,130,0.007692307692307693,0.9989653812680843,0.9999978226741806
ETV7,HS_HE,1,0,0,0,0,0,,,1,35,0.02857142857142857,0.8421202890949757,0.9999978226741806
FOS,AP_DUCT,1,0,0,0,0,0,,,1,66,0.015151515151515152,0.9693083319399209,0.9999978226741806
FOS,BA_HE,1,0,0,0,0,0,,,1,122,0.00819672131147541,0.9984184365143163,0.9999978226741806
FOSL1,BA_DUCT,1,0,0,0,0,0,,,1,164,0.006097560975609756,0.9998299428557036,0.9999978226741806
FOSL2,AP_DUCT,1,0,0,0,0,0,,,1,37,0.02702702702702703,0.8579402119892936,0.9999978226741806
FOSL2,BA_HE,1,0,0,0,0,0,,,1,121,0.008264462809917356,0.9983322945225033,0.9999978226741806
FOXA1,AP_DUCT,1,0,0,0,0,0,,,1,65,0.015384615384615385,0.9676418084024542,0.9999978226741806
FOXA3,AP_HE,1,0,0,0,0,0,,,1,28,0.03571428571428571,0.7715554332797265,0.9999978226741806
FOXB1,BA_TEB,1,0,0,0,0,0,,,1,86,0.011627906976744186,0.9893466198194651,0.9999978226741806
FOXC1,AP_TEB,1,0,0,0,0,0,,,1,79,0.012658227848101266,0.9845695019892351,0.9999978226741806
FOXC1,HS_DUCT,1,0,0,0,0,0,,,1,20,0.05,0.6515952774385323,0.9999978226741806
FOXC2,BA_DUCT,1,0,0,0,0,0,,,1,152,0.006578947368421052,0.9996782416917037,0.9999978226741806
FOXC2,HS_DUCT,1,0,0,0,0,0,,,1,22,0.045454545454545456,0.6864797706206107,0.9999978226741806
FOXC2,HS_HE,1,0,0,0,0,0,,,1,32,0.03125,0.8150306020644145,0.9999978226741806
FOXD1,AP_LE,1,0,0,0,0,0,,,1,57,0.017543859649122806,0.9506087469607587,0.9999978226741806
FOXD1,HS_DUCT,1,0,0,0,0,0,,,1,10,0.1,0.40965885301396254,0.9999978226741806
FOXE1,HS_DUCT,1,0,0,0,0,0,,,1,15,0.06666666666666667,0.5464670846633504,0.9999978226741806
FOXF1,AP_TEB,1,0,0,0,0,0,,,1,79,0.012658227848101266,0.9845695019892351,0.9999978226741806
FOXF1,BA_DUCT,1,0,0,0,0,0,,,1,169,0.005917159763313609,0.9998696375202071,0.9999978226741806
FOXF1,HS_DUCT,1,0,0,0,0,0,,,1,20,0.05,0.6515952774385323,0.9999978226741806
FOXF2,BA_DUCT,1,0,0,0,0,0,,,1,137,0.0072992700729927005,0.9992864122021607,0.9999978226741806
FOXF2,HS_DUCT,1,0,0,0,0,0,,,1,19,0.05263157894736842,0.6327249449843543,0.9999978226741806
FOXG1,BA_TEB,1,0,0,0,0,0,,,1,75,0.013333333333333334,0.9809326005121496,0.9999978226741806
FOXI1,AP_HE,1,0,0,0,0,0,,,1,33,0.030303030303030304,0.8245406215361494,0.9999978226741806
FOXL1,BA_DUCT,1,0,0,0,0,0,,,1,146,0.00684931506849315,0.9995574826852569,0.9999978226741806
FOXL1,HS_DUCT,1,0,0,0,0,0,,,1,19,0.05263157894736842,0.6327249449843543,0.9999978226741806
FOXL1,HS_HE,1,0,0,0,0,0,,,1,31,0.03225806451612903,0.8050056823713909,0.9999978226741806
FOXL1,HS_TEB,1,0,0,0,0,0,,,1,110,0.00909090909090909,0.9970118813903739,0.9999978226741806
FOXM1,AP_TEB,1,0,0,0,0,0,,,1,228,0.0043859649122807015,0.9999943690081303,0.9999978226741806
FOXN3,AP_HE,1,0,0,0,0,0,,,1,29,0.034482758620689655,0.7832982439079151,0.9999978226741806
FOXO1,AP_DUCT,1,1,0,0,0,0,,,0,48,0.020833333333333332,0.9205342079450483,0.9999978226741806
FOXO1,BA_HE,1,0,0,0,0,0,,,1,128,0.0078125,0.9988495590638253,0.9999978226741806
FOXO1,HS_DUCT,1,0,0,0,0,0,,,1,30,0.03333333333333333,0.7944380139986199,0.9999978226741806
FOXO4,AP_HE,1,0,0,0,0,0,,,1,45,0.022222222222222223,0.9068888824055246,0.9999978226741806
FOXP1,AP_DUCT,1,0,0,0,0,0,,,1,42,0.023809523809523808,0.8909032446555523,0.9999978226741806
FOXQ1,AP_TEB,1,0,0,0,0,0,,,1,67,0.014925373134328358,0.9708891078857296,0.9999978226741806
FOXQ1,BA_DUCT,1,0,0,0,0,0,,,1,122,0.00819672131147541,0.9984184365143163,0.9999978226741806
FOXS1,AP_HE,1,0,0,0,0,0,,,1,33,0.030303030303030304,0.8245406215361494,0.9999978226741806
FOXS1,BA_DUCT,1,0,0,0,0,0,,,1,154,0.006493506493506494,0.9997106747373309,0.9999978226741806
FOXS1,HS_DUCT,1,0,0,0,0,0,,,1,23,0.043478260869565216,0.7025907290980198,0.9999978226741806
FOXS1,HS_HE,1,0,0,0,0,0,,,1,26,0.038461538461538464,0.7461284881361778,0.9999978226741806
GATA2,AP_DUCT,1,1,0,0,0,0,,,0,36,0.027777777777777776,0.8502387851218602,0.9999978226741806
GATA2,AP_HE,1,0,0,0,0,0,,,1,98,0.01020408163265306,0.9943567231730495,0.9999978226741806
GATA2,BA_HE,1,0,0,0,0,0,,,1,134,0.007462686567164179,0.9991632465375497,0.9999978226741806
GATA3,AP_DUCT,1,1,0,0,0,0,,,0,53,0.018867924528301886,0.9389826284943715,0.9999978226741806
GATA5,HS_HE,1,0,0,0,0,0,,,1,36,0.027777777777777776,0.8502387851218602,0.9999978226741806
GATA6,BA_HE,1,0,0,0,0,0,,,1,119,0.008403361344537815,0.9981456952947598,0.9999978226741806
GLI1,HS_LE,1,0,0,0,0,0,,,1,28,0.03571428571428571,0.7715554332797265,0.9999978226741806
GLI1,HS_TEB,1,0,0,0,1,-1,,Bcl2,0,101,0.009900990099009901,0.9951859054112047,0.9999978226741806
GLI2,BA_DUCT,1,0,0,0,0,0,,,1,123,0.008130081300813009,0.9985001332806038,0.9999978226741806
GLI2,HS_DUCT,1,0,0,0,0,0,,,1,18,0.05555555555555555,0.6128336449783045,0.9999978226741806
GLI3,HS_TEB,1,0,0,0,1,-1,,Bcl2,0,88,0.011363636363636364,0.9904168770401394,0.9999978226741806
GLIS1,BA_DUCT,1,0,0,0,0,0,,,1,139,0.007194244604316547,0.9993582865244017,0.9999978226741806
GLIS1,HS_TEB,1,0,0,1,0,1,Bok,,0,93,0.010752688172043012,0.9926458141102015,0.9999978226741806
GLIS2,BA_DUCT,1,0,0,0,0,0,,,1,131,0.007633587786259542,0.9990188475616293,0.9999978226741806
GLIS2,HS_DUCT,1,0,0,0,0,0,,,1,16,0.0625,0.5697644436862532,0.9999978226741806
GLIS2,HS_TEB,1,0,0,0,0,0,,,1,93,0.010752688172043012,0.9926458141102015,0.9999978226741806
GLIS3,AP_TEB,1,0,0,0,0,0,,,1,74,0.013513513513513514,0.9798967500263773,0.9999978226741806
GLMP,HS_HE,1,0,0,1,0,1,Aifm2,,0,34,0.029411764705882353,0.8335621617129495,0.9999978226741806
GRHL2,AP_DUCT,1,0,0,0,0,0,,,1,43,0.023255813953488372,0.8965152643702958,0.9999978226741806
GRHL2,AP_HE,1,0,0,0,0,0,,,1,62,0.016129032258064516,0.9620800178690153,0.9999978226741806
GRHL2,HS_DUCT,1,0,0,0,0,0,,,1,32,0.03125,0.8150306020644145,0.9999978226741806
GTF2B,AP_DUCT,1,0,0,0,0,0,,,1,23,0.043478260869565216,0.7025907290980198,0.9999978226741806
GTF2IRD1,HS_HE,1,0,0,0,0,0,,,1,19,0.05263157894736842,0.6327249449843543,0.9999978226741806
HAND2,BA_DUCT,1,0,0,0,0,0,,,1,140,0.007142857142857143,0.9993914641409716,0.9999978226741806
HAND2,HS_DUCT,1,0,0,0,0,0,,,1,23,0.043478260869565216,0.7025907290980198,0.9999978226741806
HES4,BA_DUCT,1,0,0,0,0,0,,,1,123,0.008130081300813009,0.9985001332806038,0.9999978226741806
HES4,HS_LE,1,0,0,0,0,0,,,1,36,0.027777777777777776,0.8502387851218602,0.9999978226741806
HEY1,AP_HE,1,0,0,0,0,0,,,1,32,0.03125,0.8150306020644145,0.9999978226741806
HEY1,AP_TEB,1,0,0,0,0,0,,,1,73,0.0136986301369863,0.9788046861889659,0.9999978226741806
HEY1,BA_TEB,1,0,0,0,0,0,,,1,86,0.011627906976744186,0.9893466198194651,0.9999978226741806
HEY2,HS_DUCT,1,0,0,0,0,0,,,1,26,0.038461538461538464,0.7461284881361778,0.9999978226741806
HEYL,BA_DUCT,1,0,0,0,0,0,,,1,147,0.006802721088435374,0.999580369915896,0.9999978226741806
HEYL,HS_TEB,1,0,0,0,0,0,,,1,90,0.011111111111111112,0.9913797120824829,0.9999978226741806
HHEX,HS_HE,1,0,0,0,0,0,,,1,69,0.014492753623188406,0.9738108215771972,0.9999978226741806
HIC1,HS_DUCT,1,0,0,0,0,0,,,1,15,0.06666666666666667,0.5464670846633504,0.9999978226741806
HIC1,HS_TEB,1,0,0,0,1,-1,,Bcl2,0,97,0.010309278350515464,0.9940497601996772,0.9999978226741806
HIF1A,AP_HE,1,0,0,0,0,0,,,1,67,0.014925373134328358,0.9708891078857296,0.9999978226741806
HIF1A,BA_HE,1,0,0,0,0,0,,,1,107,0.009345794392523364,0.9964969376967601,0.9999978226741806
HIF1A,HS_HE,1,0,0,0,0,0,,,1,72,0.013888888888888888,0.9776533616786613,0.9999978226741806
HIF3A,AP_HE,1,0,0,0,0,0,,,1,33,0.030303030303030304,0.8245406215361494,0.9999978226741806
HIVEP2,BA_DUCT,1,0,0,0,0,0,,,1,114,0.008771929824561403,0.9975827929536478,0.9999978226741806
HIVEP3,BA_DUCT,1,0,0,0,0,0,,,1,107,0.009345794392523364,0.9964969376967601,0.9999978226741806
HIVEP3,HS_TEB,1,0,0,0,1,-1,,Bcl2,0,120,0.008333333333333333,0.9982414656928738,0.9999978226741806
HLF,BA_HE,1,0,0,0,0,0,,,1,63,0.015873015873015872,0.9640326817411148,0.9999978226741806
HLX,AP_HE,1,0,0,0,0,0,,,1,33,0.030303030303030304,0.8245406215361494,0.9999978226741806
HLX,BA_DUCT,1,0,0,0,0,0,,,1,107,0.009345794392523364,0.9964969376967601,0.9999978226741806
HLX,HS_HE,1,0,0,0,0,0,,,1,35,0.02857142857142857,0.8421202890949757,0.9999978226741806
HMGA2,AP_TEB,1,0,0,0,0,0,,,1,152,0.006578947368421052,0.9996782416917037,0.9999978226741806
HNF1B,AP_DUCT,1,0,0,0,0,0,,,1,33,0.030303030303030304,0.8245406215361494,0.9999978226741806
HNF1B,AP_HE,1,0,0,0,0,0,,,1,48,0.020833333333333332,0.9205342079450483,0.9999978226741806
HNF1B,BA_HE,1,0,0,0,0,0,,,1,63,0.015873015873015872,0.9640326817411148,0.9999978226741806
HNF4G,AP_DUCT,1,0,0,0,0,0,,,1,42,0.023809523809523808,0.8909032446555523,0.9999978226741806
HOXA11,BA_DUCT,1,0,0,0,0,0,,,1,109,0.009174311926605505,0.9968492369597234,0.9999978226741806
HOXA11,HS_DUCT,1,0,0,0,0,0,,,1,15,0.06666666666666667,0.5464670846633504,0.9999978226741806
HOXA11,HS_LE,1,0,0,0,0,0,,,1,50,0.02,0.928502113175572,0.9999978226741806
HOXA2,AP_TEB,1,0,0,0,0,0,,,1,76,0.013157894736842105,0.9819151284178175,0.9999978226741806
HOXA2,BA_DUCT,1,0,0,0,0,0,,,1,136,0.007352941176470588,0.9992475135452649,0.9999978226741806
HOXA2,HS_DUCT,1,0,0,0,0,0,,,1,21,0.047619047619047616,0.6694969955709769,0.9999978226741806
HOXA3,HS_TEB,1,0,0,0,0,0,,,1,104,0.009615384615384616,0.995893358522544,0.9999978226741806
HOXA4,BA_DUCT,1,0,0,0,0,0,,,1,127,0.007874015748031496,0.9987868780322103,0.9999978226741806
HOXA5,AP_HE,1,0,0,0,0,0,,,1,38,0.02631578947368421,0.865245975097951,0.9999978226741806
HOXA9,HS_HE,1,0,0,0,0,0,,,1,52,0.019230769230769232,0.9356718159405193,0.9999978226741806
HOXB13,AP_HE,1,0,0,0,0,0,,,1,51,0.0196078431372549,0.9321815496449943,0.9999978226741806
HOXB2,BA_DUCT,1,0,0,0,0,0,,,1,151,0.006622516556291391,0.999660687688675,0.9999978226741806
HOXB2,HS_DUCT,1,0,0,0,0,0,,,1,17,0.058823529411764705,0.5918661975401018,0.9999978226741806
HOXB3,BA_DUCT,1,0,0,0,0,0,,,1,130,0.007692307692307693,0.9989653812680843,0.9999978226741806
HOXB3,HS_DUCT,1,0,0,0,0,0,,,1,16,0.0625,0.5697644436862532,0.9999978226741806
HOXB5,BA_DUCT,1,0,0,0,0,0,,,1,121,0.008264462809917356,0.9983322945225033,0.9999978226741806
HOXB5,HS_DUCT,1,0,0,0,0,0,,,1,24,0.041666666666666664,0.7178745830300572,0.9999978226741806
HOXB5,HS_HE,1,0,0,0,0,0,,,1,46,0.021739130434782608,0.9116793363045486,0.9999978226741806
HOXB5,HS_TEB,1,0,0,0,0,0,,,1,94,0.010638297872340425,0.9930251251842568,0.9999978226741806
HOXB6,HS_DUCT,1,0,0,0,0,0,,,1,22,0.045454545454545456,0.6864797706206107,0.9999978226741806
HOXB6,HS_HE,1,0,0,0,0,0,,,1,42,0.023809523809523808,0.8909032446555523,0.9999978226741806
HOXB6,HS_TEB,1,0,0,0,0,0,,,1,93,0.010752688172043012,0.9926458141102015,0.9999978226741806
HOXC10,AP_HE,1,0,0,0,0,0,,,1,29,0.034482758620689655,0.7832982439079151,0.9999978226741806
HOXD10,HS_DUCT,1,0,0,0,0,0,,,1,17,0.058823529411764705,0.5918661975401018,0.9999978226741806
HOXD3,HS_DUCT,1,0,0,0,0,0,,,1,15,0.06666666666666667,0.5464670846633504,0.9999978226741806
HOXD4,HS_DUCT,1,0,0,0,0,0,,,1,16,0.0625,0.5697644436862532,0.9999978226741806
HOXD4,HS_LE,1,0,0,0,0,0,,,1,42,0.023809523809523808,0.8909032446555523,0.9999978226741806
IRF1,BA_HE,1,0,0,0,0,0,,,1,109,0.009174311926605505,0.9968492369597234,0.9999978226741806
IRF2,AP_DUCT,1,0,0,0,0,0,,,1,30,0.03333333333333333,0.7944380139986199,0.9999978226741806
IRF5,HS_HE,1,0,0,0,0,0,,,1,27,0.037037037037037035,0.7591769719337726,0.9999978226741806
IRF6,AP_HE,1,0,0,0,0,0,,,1,31,0.03225806451612903,0.8050056823713909,0.9999978226741806
IRF6,BA_DUCT,1,0,0,0,0,0,,,1,101,0.009900990099009901,0.9951859054112047,0.9999978226741806
IRF6,HS_TEB,1,0,0,0,0,0,,,1,101,0.009900990099009901,0.9951859054112047,0.9999978226741806
IRF7,HS_HE,1,0,0,0,0,0,,,1,34,0.029411764705882353,0.8335621617129495,0.9999978226741806
IRF8,HS_TEB,1,0,0,0,1,-1,,Bcl2,0,99,0.010101010101010102,0.9946478656238503,0.9999978226741806
IRX1,BA_DUCT,1,0,0,0,0,0,,,1,114,0.008771929824561403,0.9975827929536478,0.9999978226741806
IRX1,BA_LE,1,0,0,0,0,0,,,1,94,0.010638297872340425,0.9930251251842568,0.9999978226741806
IRX3,BA_DUCT,1,0,0,0,0,0,,,1,136,0.007352941176470588,0.9992475135452649,0.9999978226741806
ISX,AP_HE,1,0,0,0,0,0,,,1,29,0.034482758620689655,0.7832982439079151,0.9999978226741806
JAZF1,AP_HE,1,0,0,0,0,0,,,1,33,0.030303030303030304,0.8245406215361494,0.9999978226741806
JAZF1,BA_DUCT,1,0,0,0,0,0,,,1,125,0.008,0.998651096008793,0.9999978226741806
JAZF1,HS_HE,1,0,0,0,0,0,,,1,35,0.02857142857142857,0.8421202890949757,0.9999978226741806
JDP2,HS_TEB,1,0,0,1,0,1,Pmaip1,,0,104,0.009615384615384616,0.995893358522544,0.9999978226741806
JUN,AP_DUCT,1,0,0,0,0,0,,,1,63,0.015873015873015872,0.9640326817411148,0.9999978226741806
JUN,BA_HE,1,0,0,0,0,0,,,1,159,0.006289308176100629,0.9997781772301392,0.9999978226741806
JUNB,BA_DUCT,1,0,0,0,0,0,,,1,132,0.007575757575757576,0.9990695535114411,0.9999978226741806
JUNB,BA_HE,1,0,0,0,0,0,,,1,99,0.010101010101010102,0.9946478656238503,0.9999978226741806
JUNB,HS_TEB,1,0,0,1,0,1,Pmaip1,,0,147,0.006802721088435374,0.999580369915896,0.9999978226741806
JUND,BA_HE,1,0,0,0,0,0,,,1,147,0.006802721088435374,0.999580369915896,0.9999978226741806
KCNIP3,BA_DUCT,1,0,0,0,0,0,,,1,43,0.023255813953488372,0.8965152643702958,0.9999978226741806
KDM2B,AP_LE,1,1,0,0,0,0,,,0,64,0.015625,0.9658848909448658,0.9999978226741806
KDM2B,BA_LE,1,0,0,0,0,0,,,1,68,0.014705882352941176,0.9723885439724445,0.9999978226741806
KDM2B,BA_TEB,1,0,0,0,0,0,,,1,60,0.016666666666666666,0.9578512621778132,0.9999978226741806
KLF10,AP_HE,1,0,0,0,0,0,,,1,49,0.02040816326530612,0.9246232645705605,0.9999978226741806
KLF10,HS_HE,1,0,0,0,0,0,,,1,37,0.02702702702702703,0.8579402119892936,0.9999978226741806
KLF11,AP_HE,1,0,0,0,0,0,,,1,47,0.02127659574468085,0.9162235635647089,0.9999978226741806
KLF12,BA_DUCT,1,0,0,0,0,0,,,1,105,0.009523809523809525,0.996105290708998,0.9999978226741806
KLF2,AP_HE,1,0,0,0,0,0,,,1,45,0.022222222222222223,0.9068888824055246,0.9999978226741806
KLF3,BA_DUCT,1,0,0,0,0,0,,,1,137,0.0072992700729927005,0.9992864122021607,0.9999978226741806
KLF4,AP_DUCT,1,1,0,0,0,0,,,0,47,0.02127659574468085,0.9162235635647089,0.9999978226741806
KLF6,AP_HE,1,0,0,0,0,0,,,1,61,0.01639344262295082,0.9600214569771751,0.9999978226741806
KLF7,AP_TEB,1,0,0,0,0,0,,,1,74,0.013513513513513514,0.9798967500263773,0.9999978226741806
KLF7,BA_DUCT,1,0,0,0,0,0,,,1,137,0.0072992700729927005,0.9992864122021607,0.9999978226741806
KLF9,BA_HE,1,0,0,0,0,0,,,1,124,0.008064516129032258,0.9985776139902138,0.9999978226741806
KLF9,HS_TEB,1,0,0,1,0,1,Bnip3,,0,163,0.006134969325153374,0.9998206589897449,0.9999978226741806
LHX6,AP_HE,1,0,0,0,0,0,,,1,31,0.03225806451612903,0.8050056823713909,0.9999978226741806
LHX6,BA_HE,1,0,0,1,0,1,Aifm2,,0,54,0.018518518518518517,0.9421232051490198,0.9999978226741806
LHX6,HS_TEB,1,0,0,0,0,0,,,1,94,0.010638297872340425,0.9930251251842568,0.9999978226741806
LIN54,HS_LE,1,0,0,0,0,0,,,1,19,0.05263157894736842,0.6327249449843543,0.9999978226741806
LTF,AP_DUCT,1,0,0,0,0,0,,,1,10,0.1,0.40965885301396254,0.9999978226741806
LYL1,HS_HE,1,0,0,0,0,0,,,1,66,0.015151515151515152,0.9693083319399209,0.9999978226741806
MAF,BA_DUCT,1,0,0,0,0,0,,,1,177,0.005649717514124294,0.9999148116108475,0.9999978226741806
MAF,HS_DUCT,1,0,0,0,0,0,,,1,32,0.03125,0.8150306020644145,0.9999978226741806
MAFA,BA_HE,1,0,0,0,0,0,,,1,53,0.018867924528301886,0.9389826284943715,0.9999978226741806
MAFB,BA_HE,1,0,0,0,0,0,,,1,103,0.009708737864077669,0.9956699062546521,0.9999978226741806
MAFF,AP_HE,1,0,0,0,0,0,,,1,84,0.011904761904761904,0.9881569689490555,0.9999978226741806
MAFF,BA_HE,1,0,0,1,0,1,Aifm2,,0,113,0.008849557522123894,0.9974511944856944,0.9999978226741806
MAFK,AP_HE,1,0,0,0,0,0,,,1,89,0.011235955056179775,0.9909110224315525,0.9999978226741806
MAFK,BA_HE,1,0,0,0,0,0,,,1,143,0.006993006993006993,0.9994810640072951,0.9999978226741806
MBD4,AP_TEB,1,0,0,0,0,0,,,1,185,0.005405405405405406,0.9999443418637247,0.9999978226741806
MECOM,AP_HE,1,0,0,0,0,0,,,1,49,0.02040816326530612,0.9246232645705605,0.9999978226741806
MECOM,HS_DUCT,1,0,0,0,0,0,,,1,22,0.045454545454545456,0.6864797706206107,0.9999978226741806
MEF2A,BA_HE,1,0,0,0,0,0,,,1,113,0.008849557522123894,0.9974511944856944,0.9999978226741806
MEF2C,AP_DUCT,1,1,0,0,0,0,,,0,28,0.03571428571428571,0.7715554332797265,0.9999978226741806
MEIS2,BA_HE,1,0,0,0,0,0,,,1,100,0.01,0.9949240021410402,0.9999978226741806
MEIS2,HS_TEB,1,0,0,1,0,1,Pmaip1,,0,133,0.007518796992481203,0.9991176414910181,0.9999978226741806
MEIS3,BA_DUCT,1,0,0,0,0,0,,,1,106,0.009433962264150943,0.9963062961616307,0.9999978226741806
MEOX1,AP_HE,1,0,0,0,0,0,,,1,27,0.037037037037037035,0.7591769719337726,0.9999978226741806
MEOX1,AP_TEB,1,0,0,1,0,1,Bok,,0,58,0.017241379310344827,0.9531514542251285,0.9999978226741806
MEOX1,BA_DUCT,1,0,0,1,0,1,Aifm2,,0,133,0.007518796992481203,0.9991176414910181,0.9999978226741806
MEOX1,BA_HE,1,0,0,1,0,1,Aifm2,,0,66,0.015151515151515152,0.9693083319399209,0.9999978226741806
MEOX1,HS_TEB,1,0,0,1,0,1,Bok,,0,79,0.012658227848101266,0.9845695019892351,0.9999978226741806
MEOX2,AP_HE,1,0,0,0,0,0,,,1,29,0.034482758620689655,0.7832982439079151,0.9999978226741806
MEOX2,BA_DUCT,1,0,0,0,0,0,,,1,138,0.007246376811594203,0.9993233019795934,0.9999978226741806
MEOX2,HS_DUCT,1,0,0,0,0,0,,,1,22,0.045454545454545456,0.6864797706206107,0.9999978226741806
MESP1,HS_HE,1,0,0,0,0,0,,,1,35,0.02857142857142857,0.8421202890949757,0.9999978226741806
MITF,BA_HE,1,0,0,0,0,0,,,1,184,0.005434782608695652,0.9999412998136128,0.9999978226741806
MKX,AP_TEB,1,0,0,0,0,0,,,1,79,0.012658227848101266,0.9845695019892351,0.9999978226741806
MKX,BA_DUCT,1,0,0,0,0,0,,,1,154,0.006493506493506494,0.9997106747373309,0.9999978226741806
MKX,HS_DUCT,1,0,0,0,0,0,,,1,25,0.04,0.7323737535446735,0.9999978226741806
MKX,HS_TEB,1,0,0,0,0,0,,,1,94,0.010638297872340425,0.9930251251842568,0.9999978226741806
MLXIPL,AP_HE,1,0,0,0,0,0,,,1,38,0.02631578947368421,0.865245975097951,0.9999978226741806
MLXIPL,HS_DUCT,1,0,0,0,0,0,,,1,24,0.041666666666666664,0.7178745830300572,0.9999978226741806
MNT,AP_HE,1,0,0,0,0,0,,,1,53,0.018867924528301886,0.9389826284943715,0.9999978226741806
MSC,AP_HE,1,0,0,0,0,0,,,1,31,0.03225806451612903,0.8050056823713909,0.9999978226741806
MSC,BA_DUCT,1,0,0,0,0,0,,,1,127,0.007874015748031496,0.9987868780322103,0.9999978226741806
MSX1,BA_DUCT,1,0,0,1,0,1,Aifm2,,0,132,0.007575757575757576,0.9990695535114411,0.9999978226741806
MSX1,HS_DUCT,1,0,0,0,0,0,,,1,20,0.05,0.6515952774385323,0.9999978226741806
MXD3,AP_TEB,1,0,0,0,0,0,,,1,172,0.005813953488372093,0.9998888594984825,0.9999978226741806
MXI1,BA_HE,1,0,0,0,0,0,,,1,134,0.007462686567164179,0.9991632465375497,0.9999978226741806
MYBL1,HS_TEB,1,0,0,1,0,1,Pmaip1,,0,125,0.008,0.998651096008793,0.9999978226741806
MYCN,HS_TEB,1,0,0,0,1,-1,,Bcl2,0,188,0.005319148936170213,0.9999525551874962,0.9999978226741806
MYOD1,HS_DUCT,1,0,0,0,0,0,,,1,25,0.04,0.7323737535446735,0.9999978226741806
MYOG,BA_HE,1,0,0,0,0,0,,,1,120,0.008333333333333333,0.9982414656928738,0.9999978226741806
MYRF,BA_DUCT,1,0,0,0,0,0,,,1,45,0.022222222222222223,0.9068888824055246,0.9999978226741806
MYRFL,HS_HE,1,0,0,0,0,0,,,1,24,0.041666666666666664,0.7178745830300572,0.9999978226741806
NACC2,BA_DUCT,1,0,0,0,0,0,,,1,47,0.02127659574468085,0.9162235635647089,0.9999978226741806
NEUROG2,HS_LE,1,0,0,0,0,0,,,1,36,0.027777777777777776,0.8502387851218602,0.9999978226741806
NFATC1,BA_DUCT,1,0,0,0,0,0,,,1,146,0.00684931506849315,0.9995574826852569,0.9999978226741806
NFATC1,HS_HE,1,0,0,0,0,0,,,1,75,0.013333333333333334,0.9809326005121496,0.9999978226741806
NFATC4,HS_DUCT,1,0,0,0,0,0,,,1,19,0.05263157894736842,0.6327249449843543,0.9999978226741806
NFE2L2,AP_DUCT,1,0,0,0,0,0,,,1,45,0.022222222222222223,0.9068888824055246,0.9999978226741806
NFE2L2,AP_HE,1,0,0,0,0,0,,,1,79,0.012658227848101266,0.9845695019892351,0.9999978226741806
NFE2L2,HS_DUCT,1,0,0,0,0,0,,,1,27,0.037037037037037035,0.7591769719337726,0.9999978226741806
NFE2L3,AP_TEB,1,0,0,0,0,0,,,1,92,0.010869565217391304,0.992245897145061,0.9999978226741806
NFIA,BA_DUCT,1,0,0,0,0,0,,,1,115,0.008695652173913044,0.9977076033206126,0.9999978226741806
NFIB,AP_TEB,1,0,0,1,0,1,Bbc3,,0,108,0.009259259259259259,0.996677749168912,0.9999978226741806
NFIB,HS_LE,1,0,0,0,0,0,,,1,42,0.023809523809523808,0.8909032446555523,0.9999978226741806
NFIC,AP_DUCT,1,0,0,0,0,0,,,1,31,0.03225806451612903,0.8050056823713909,0.9999978226741806
NFIC,AP_HE,1,0,0,0,0,0,,,1,66,0.015151515151515152,0.9693083319399209,0.9999978226741806
NFIX,AP_TEB,1,0,0,0,0,0,,,1,71,0.014084507042253521,0.9764395641556054,0.9999978226741806
NFIX,BA_DUCT,1,0,0,0,0,0,,,1,142,0.007042253521126761,0.9994527667311863,0.9999978226741806
NFKB1,AP_DUCT,1,0,0,0,0,0,,,1,31,0.03225806451612903,0.8050056823713909,0.9999978226741806
NFKB2,AP_HE,1,0,0,0,0,0,,,1,45,0.022222222222222223,0.9068888824055246,0.9999978226741806
NFKB2,HS_TEB,1,0,0,1,0,1,Pmaip1,,0,135,0.007407407407407408,0.999206496729583,0.9999978226741806
NKX21,HS_DUCT,1,0,0,0,0,0,,,1,11,0.09090909090909091,0.4399759884573725,0.9999978226741806
NKX25,BA_DUCT,1,0,0,0,0,0,,,1,38,0.02631578947368421,0.865245975097951,0.9999978226741806
NKX25,HS_DUCT,1,0,0,0,0,0,,,1,8,0.125,0.34401757231423136,0.9999978226741806
NKX31,BA_LE,1,0,0,0,0,0,,,1,49,0.02040816326530612,0.9246232645705605,0.9999978226741806
NKX61,BA_DUCT,1,0,0,0,0,0,,,1,73,0.0136986301369863,0.9788046861889659,0.9999978226741806
NKX61,HS_DUCT,1,0,0,0,0,0,,,1,18,0.05555555555555555,0.6128336449783045,0.9999978226741806
NKX62,BA_DUCT,1,0,0,0,0,0,,,1,43,0.023255813953488372,0.8965152643702958,0.9999978226741806
NPAS1,HS_DUCT,1,0,0,0,0,0,,,1,18,0.05555555555555555,0.6128336449783045,0.9999978226741806
NPAS2,BA_TEB,1,0,0,0,0,0,,,1,79,0.012658227848101266,0.9845695019892351,0.9999978226741806
NPAS2,HS_HE,1,0,0,0,0,0,,,1,45,0.022222222222222223,0.9068888824055246,0.9999978226741806
NPAS2,HS_TEB,1,0,0,0,1,-1,,Bcl2,0,128,0.0078125,0.9988495590638253,0.9999978226741806
NR1D1,AP_HE,1,0,0,0,0,0,,,1,47,0.02127659574468085,0.9162235635647089,0.9999978226741806
NR1D1,BA_HE,1,0,0,0,0,0,,,1,97,0.010309278350515464,0.9940497601996772,0.9999978226741806
NR1D1,HS_TEB,1,0,0,0,0,0,,,1,99,0.010101010101010102,0.9946478656238503,0.9999978226741806
NR1H2,HS_HE,1,0,0,0,0,0,,,1,74,0.013513513513513514,0.9798967500263773,0.9999978226741806
NR1H3,AP_DUCT,1,0,0,0,0,0,,,1,43,0.023255813953488372,0.8965152643702958,0.9999978226741806
NR1H3,BA_HE,1,0,0,1,0,1,Aifm2,,0,90,0.011111111111111112,0.9913797120824829,0.9999978226741806
NR1H4,AP_DUCT,1,0,0,0,0,0,,,1,30,0.03333333333333333,0.7944380139986199,0.9999978226741806
NR1H4,AP_HE,1,0,0,0,0,0,,,1,38,0.02631578947368421,0.865245975097951,0.9999978226741806
NR1H4,HS_DUCT,1,0,0,0,0,0,,,1,21,0.047619047619047616,0.6694969955709769,0.9999978226741806
NR1I2,HS_DUCT,1,0,0,0,0,0,,,1,19,0.05263157894736842,0.6327249449843543,0.9999978226741806
NR2F1,HS_LE,1,0,0,0,0,0,,,1,79,0.012658227848101266,0.9845695019892351,0.9999978226741806
NR2F2,HS_DUCT,1,0,0,0,0,0,,,1,26,0.038461538461538464,0.7461284881361778,0.9999978226741806
NR3C2,AP_DUCT,1,0,0,0,0,0,,,1,26,0.038461538461538464,0.7461284881361778,0.9999978226741806
NR3C2,HS_DUCT,1,0,0,0,0,0,,,1,16,0.0625,0.5697644436862532,0.9999978226741806
NR4A1,AP_HE,1,0,0,0,0,0,,,1,63,0.015873015873015872,0.9640326817411148,0.9999978226741806
NR4A1,BA_HE,1,0,0,0,0,0,,,1,110,0.00909090909090909,0.9970118813903739,0.9999978226741806
NR4A1,HS_HE,1,0,0,0,0,0,,,1,69,0.014492753623188406,0.9738108215771972,0.9999978226741806
NR4A2,AP_DUCT,1,0,0,0,0,0,,,1,29,0.034482758620689655,0.7832982439079151,0.9999978226741806
NR4A2,AP_HE,1,0,0,0,0,0,,,1,47,0.02127659574468085,0.9162235635647089,0.9999978226741806
NR4A2,BA_DUCT,1,0,0,0,0,0,,,1,124,0.008064516129032258,0.9985776139902138,0.9999978226741806
NR4A3,AP_HE,1,0,0,0,0,0,,,1,44,0.022727272727272728,0.9018388744372803,0.9999978226741806
NR4A3,BA_DUCT,1,0,0,0,0,0,,,1,124,0.008064516129032258,0.9985776139902138,0.9999978226741806
OLIG1,AP_HE,1,0,0,0,0,0,,,1,25,0.04,0.7323737535446735,0.9999978226741806
OLIG1,HS_LE,1,0,0,0,0,0,,,1,24,0.041666666666666664,0.7178745830300572,0.9999978226741806
OLIG2,HS_DUCT,1,0,0,0,0,0,,,1,25,0.04,0.7323737535446735,0.9999978226741806
ONECUT1,HS_DUCT,1,0,0,0,0,0,,,1,19,0.05263157894736842,0.6327249449843543,0.9999978226741806
OSR1,BA_DUCT,1,0,0,0,0,0,,,1,111,0.009009009009009009,0.9971661380614731,0.9999978226741806
OSR1,HS_DUCT,1,0,0,0,0,0,,,1,18,0.05555555555555555,0.6128336449783045,0.9999978226741806
OSR1,HS_TEB,1,0,0,0,0,0,,,1,50,0.02,0.928502113175572,0.9999978226741806
OSR2,AP_HE,1,0,0,0,0,0,,,1,33,0.030303030303030304,0.8245406215361494,0.9999978226741806
OSR2,HS_DUCT,1,0,0,0,0,0,,,1,24,0.041666666666666664,0.7178745830300572,0.9999978226741806
OSR2,HS_HE,1,0,0,0,0,0,,,1,29,0.034482758620689655,0.7832982439079151,0.9999978226741806
OSR2,HS_LE,1,0,0,0,0,0,,,1,22,0.045454545454545456,0.6864797706206107,0.9999978226741806
OVOL1,HS_TEB,1,0,0,1,0,1,Pmaip1,,0,88,0.011363636363636364,0.9904168770401394,0.9999978226741806
PAX8,AP_HE,1,0,0,0,0,0,,,1,44,0.022727272727272728,0.9018388744372803,0.9999978226741806
PAX9,BA_TEB,1,0,0,0,0,0,,,1,75,0.013333333333333334,0.9809326005121496,0.9999978226741806
PAX9,HS_TEB,1,0,0,0,0,0,,,1,90,0.011111111111111112,0.9913797120824829,0.9999978226741806
PBX1,AP_DUCT,1,0,0,0,0,0,,,1,40,0.025,0.8787507001548646,0.9999978226741806
PBX1,HS_DUCT,1,0,0,0,0,0,,,1,38,0.02631578947368421,0.865245975097951,0.9999978226741806
PBX3,AP_DUCT,1,0,0,0,0,0,,,1,43,0.023255813953488372,0.8965152643702958,0.9999978226741806
PBX3,AP_HE,1,0,0,0,0,0,,,1,80,0.0125,0.9853647890043296,0.9999978226741806
PBX3,BA_HE,1,0,0,0,0,0,,,1,131,0.007633587786259542,0.9990188475616293,0.9999978226741806
PBX3,HS_DUCT,1,0,0,0,0,0,,,1,29,0.034482758620689655,0.7832982439079151,0.9999978226741806
PCGF2,HS_DUCT,1,0,0,0,0,0,,,1,12,0.08333333333333333,0.4687376723861082,0.9999978226741806
PGR,BA_HE,1,0,0,0,0,0,,,1,91,0.01098901098901099,0.9918242560782293,0.9999978226741806
PGR,HS_DUCT,1,0,0,0,0,0,,,1,29,0.034482758620689655,0.7832982439079151,0.9999978226741806
PGR,HS_LE,1,0,0,0,0,0,,,1,49,0.02040816326530612,0.9246232645705605,0.9999978226741806
PITX1,HS_TEB,1,0,0,0,0,0,,,1,103,0.009708737864077669,0.9956699062546521,0.9999978226741806
PLSCR1,AP_HE,1,0,0,0,0,0,,,1,13,0.07692307692307693,0.4960236321913708,0.9999978226741806
PLSCR1,BA_DUCT,1,0,0,0,0,0,,,1,54,0.018518518518518517,0.9421232051490198,0.9999978226741806
PLSCR1,HS_HE,1,0,0,0,0,0,,,1,27,0.037037037037037035,0.7591769719337726,0.9999978226741806
PLSCR1,HS_TEB,1,0,0,0,0,0,,,1,46,0.021739130434782608,0.9116793363045486,0.9999978226741806
POU2F2,AP_DUCT,1,0,0,0,0,0,,,1,28,0.03571428571428571,0.7715554332797265,0.9999978226741806
POU3F1,HS_DUCT,1,0,0,0,0,0,,,1,28,0.03571428571428571,0.7715554332797265,0.9999978226741806
POU3F2,HS_DUCT,1,0,0,0,0,0,,,1,27,0.037037037037037035,0.7591769719337726,0.9999978226741806
POU3F3,BA_TEB,1,0,0,0,0,0,,,1,77,0.012987012987012988,0.9828470759998713,0.9999978226741806
POU6F1,BA_DUCT,1,0,0,0,0,0,,,1,114,0.008771929824561403,0.9975827929536478,0.9999978226741806
PPARD,BA_DUCT,1,0,0,0,0,0,,,1,121,0.008264462809917356,0.9983322945225033,0.9999978226741806
PPARG,BA_HE,1,0,0,1,0,1,Aifm2,,0,158,0.006329113924050633,0.9997660706841763,0.9999978226741806
PPARG,HS_DUCT,1,0,0,0,0,0,,,1,25,0.04,0.7323737535446735,0.9999978226741806
PRDM1,AP_HE,1,0,0,0,0,0,,,1,71,0.014084507042253521,0.9764395641556054,0.9999978226741806
PRDM1,HS_HE,1,0,0,0,0,0,,,1,89,0.011235955056179775,0.9909110224315525,0.9999978226741806
PRDM6,BA_DUCT,1,0,0,0,0,0,,,1,128,0.0078125,0.9988495590638253,0.9999978226741806
PRDM8,HS_TEB,1,0,0,0,1,-1,,Bcl2,0,101,0.009900990099009901,0.9951859054112047,0.9999978226741806
PROX1,AP_DUCT,1,0,0,0,0,0,,,1,35,0.02857142857142857,0.8421202890949757,0.9999978226741806
PROX1,HS_DUCT,1,0,0,0,0,0,,,1,26,0.038461538461538464,0.7461284881361778,0.9999978226741806
PRRX1,BA_DUCT,1,0,0,0,0,0,,,1,139,0.007194244604316547,0.9993582865244017,0.9999978226741806
PRRX1,HS_DUCT,1,0,0,0,0,0,,,1,18,0.05555555555555555,0.6128336449783045,0.9999978226741806
PRRX1,HS_TEB,1,0,0,0,0,0,,,1,76,0.013157894736842105,0.9819151284178175,0.9999978226741806
PRRX2,BA_DUCT,1,0,0,0,0,0,,,1,141,0.0070921985815602835,0.9994229280663469,0.9999978226741806
PRRX2,HS_DUCT,1,0,0,0,0,0,,,1,26,0.038461538461538464,0.7461284881361778,0.9999978226741806
PRRX2,HS_HE,1,0,0,0,0,0,,,1,31,0.03225806451612903,0.8050056823713909,0.9999978226741806
PRRX2,HS_LE,1,0,0,0,0,0,,,1,21,0.047619047619047616,0.6694969955709769,0.9999978226741806
PRRX2,HS_TEB,1,0,0,0,0,0,,,1,95,0.010526315789473684,0.9933848910751909,0.9999978226741806
RARA,HS_HE,1,0,0,0,0,0,,,1,81,0.012345679012345678,0.9861191262815193,0.9999978226741806
RARB,BA_HE,1,0,0,0,0,0,,,1,100,0.01,0.9949240021410402,0.9999978226741806
RARG,HS_HE,1,0,0,0,0,0,,,1,58,0.017241379310344827,0.9531514542251285,0.9999978226741806
RBPJL,HS_LE,1,0,0,0,0,0,,,1,23,0.043478260869565216,0.7025907290980198,0.9999978226741806
RELA,BA_HE,1,0,0,0,0,0,,,1,108,0.009259259259259259,0.996677749168912,0.9999978226741806
RFX6,AP_DUCT,1,0,0,0,0,0,,,1,21,0.047619047619047616,0.6694969955709769,0.9999978226741806
RFX8,BA_DUCT,1,0,0,0,0,0,,,1,51,0.0196078431372549,0.9321815496449943,0.9999978226741806
RFX8,HS_LE,1,0,0,0,0,0,,,1,22,0.045454545454545456,0.6864797706206107,0.9999978226741806
RFX8,HS_TEB,1,0,0,0,0,0,,,1,56,0.017857142857142856,0.9479281812330624,0.9999978226741806
RORA,BA_DUCT,1,0,0,0,0,0,,,1,114,0.008771929824561403,0.9975827929536478,0.9999978226741806
RORA,HS_TEB,1,0,0,0,1,-1,,Bcl2,0,96,0.010416666666666666,0.9937261179424853,0.9999978226741806
RORC,AP_HE,1,0,0,0,0,0,,,1,39,0.02564102564102564,0.8721763823069019,0.9999978226741806
RUNX1,BA_HE,1,0,0,0,0,0,,,1,120,0.008333333333333333,0.9982414656928738,0.9999978226741806
RUNX2,BA_HE,1,0,0,0,0,0,,,1,150,0.006666666666666667,0.9996421770220139,0.9999978226741806
RXRA,AP_HE,1,0,0,0,0,0,,,1,87,0.011494252873563218,0.9898958948167829,0.9999978226741806
SALL1,BA_DUCT,1,0,0,0,0,0,,,1,106,0.009433962264150943,0.9963062961616307,0.9999978226741806
SALL1,HS_DUCT,1,0,0,0,0,0,,,1,16,0.0625,0.5697644436862532,0.9999978226741806
SALL4,AP_TEB,1,0,0,0,0,0,,,1,140,0.007142857142857143,0.9993914641409716,0.9999978226741806
SALL4,HS_LE,1,0,0,0,0,0,,,1,67,0.014925373134328358,0.9708891078857296,0.9999978226741806
SATB1,AP_HE,1,0,0,0,0,0,,,1,52,0.019230769230769232,0.9356718159405193,0.9999978226741806
SATB1,HS_DUCT,1,0,0,0,0,0,,,1,27,0.037037037037037035,0.7591769719337726,0.9999978226741806
SETBP1,BA_DUCT,1,0,0,0,0,0,,,1,147,0.006802721088435374,0.999580369915896,0.9999978226741806
SETBP1,HS_DUCT,1,0,0,0,0,0,,,1,19,0.05263157894736842,0.6327249449843543,0.9999978226741806
SGSM2,HS_DUCT,1,0,0,0,0,0,,,1,12,0.08333333333333333,0.4687376723861082,0.9999978226741806
SHOX2,HS_DUCT,1,0,0,0,0,0,,,1,17,0.058823529411764705,0.5918661975401018,0.9999978226741806
SIX1,BA_DUCT,1,0,0,0,0,0,,,1,135,0.007407407407407408,0.999206496729583,0.9999978226741806
SIX2,HS_DUCT,1,0,0,0,0,0,,,1,30,0.03333333333333333,0.7944380139986199,0.9999978226741806
SMAD3,BA_HE,1,0,0,0,0,0,,,1,144,0.006944444444444444,0.9995078994424211,0.9999978226741806
SMAD3,HS_HE,1,0,0,0,0,0,,,1,98,0.01020408163265306,0.9943567231730495,0.9999978226741806
SMAD9,HS_DUCT,1,0,0,0,0,0,,,1,18,0.05555555555555555,0.6128336449783045,0.9999978226741806
SNAI1,AP_HE,1,0,0,0,0,0,,,1,43,0.023255813953488372,0.8965152643702958,0.9999978226741806
SNAI1,AP_TEB,1,0,0,0,0,0,,,1,69,0.014492753623188406,0.9738108215771972,0.9999978226741806
SNAI1,BA_DUCT,1,0,0,1,0,1,Aifm2,,0,128,0.0078125,0.9988495590638253,0.9999978226741806
SNAI1,BA_HE,1,0,0,1,0,1,Aifm2,,0,82,0.012195121951219513,0.9868346203195439,0.9999978226741806
SNAI1,HS_HE,1,0,0,1,0,1,Aifm2,,0,30,0.03333333333333333,0.7944380139986199,0.9999978226741806
SNAI2,AP_DUCT,1,0,0,0,0,0,,,1,31,0.03225806451612903,0.8050056823713909,0.9999978226741806
SNAI2,HS_DUCT,1,0,0,0,0,0,,,1,20,0.05,0.6515952774385323,0.9999978226741806
SOX11,AP_TEB,1,0,0,0,0,0,,,1,170,0.0058823529411764705,0.9998763880564925,0.9999978226741806
SOX13,AP_HE,1,0,0,0,0,0,,,1,56,0.017857142857142856,0.9479281812330624,0.9999978226741806
SOX13,BA_HE,1,0,0,0,0,0,,,1,101,0.009900990099009901,0.9951859054112047,0.9999978226741806
SOX13,HS_HE,1,0,0,0,0,0,,,1,80,0.0125,0.9853647890043296,0.9999978226741806
SOX13,HS_TEB,1,0,1,0,0,0,,,0,144,0.006944444444444444,0.9995078994424211,0.9999978226741806
SOX15,BA_TEB,1,0,0,0,0,0,,,1,83,0.012048192771084338,0.9875132693607183,0.9999978226741806
SOX15,HS_TEB,1,0,0,1,0,1,Pmaip1,,0,97,0.010309278350515464,0.9940497601996772,0.9999978226741806
SOX17,AP_HE,1,0,0,0,0,0,,,1,57,0.017543859649122806,0.9506087469607587,0.9999978226741806
SOX17,BA_HE,1,0,0,1,0,1,Aifm2,,0,100,0.01,0.9949240021410402,0.9999978226741806
SOX18,AP_HE,1,0,0,0,0,0,,,1,28,0.03571428571428571,0.7715554332797265,0.9999978226741806
SOX18,AP_TEB,1,0,0,1,0,1,Bok,,0,58,0.017241379310344827,0.9531514542251285,0.9999978226741806
SOX18,BA_DUCT,1,0,0,1,0,1,Aifm2,,0,124,0.008064516129032258,0.9985776139902138,0.9999978226741806
SOX18,BA_HE,1,0,0,1,0,1,Aifm2,,0,60,0.016666666666666666,0.9578512621778132,0.9999978226741806
SOX18,HS_LE,1,0,0,1,0,1,Bok,,0,21,0.047619047619047616,0.6694969955709769,0.9999978226741806
SOX18,HS_TEB,1,0,0,1,0,1,Bok,,0,85,0.011764705882352941,0.9887675172032977,0.9999978226741806
SOX2,AP_HE,1,0,0,0,0,0,,,1,98,0.01020408163265306,0.9943567231730495,0.9999978226741806
SOX2,HS_DUCT,1,0,0,0,0,0,,,1,60,0.016666666666666666,0.9578512621778132,0.9999978226741806
SOX21,AP_LE,1,0,0,0,0,0,,,1,64,0.015625,0.9658848909448658,0.9999978226741806
SOX21,AP_TEB,1,0,0,0,0,0,,,1,80,0.0125,0.9853647890043296,0.9999978226741806
SOX3,HS_LE,1,0,0,0,0,0,,,1,38,0.02631578947368421,0.865245975097951,0.9999978226741806
SOX4,AP_TEB,1,0,0,0,0,0,,,1,75,0.013333333333333334,0.9809326005121496,0.9999978226741806
SOX4,BA_HE,1,0,0,0,0,0,,,1,69,0.014492753623188406,0.9738108215771972,0.9999978226741806
SOX4,HS_LE,1,0,0,0,0,0,,,1,36,0.027777777777777776,0.8502387851218602,0.9999978226741806
SOX6,BA_HE,1,0,0,0,0,0,,,1,90,0.011111111111111112,0.9913797120824829,0.9999978226741806
SOX6,HS_DUCT,1,0,0,0,0,0,,,1,18,0.05555555555555555,0.6128336449783045,0.9999978226741806
SOX7,HS_TEB,1,0,0,0,0,0,,,1,105,0.009523809523809525,0.996105290708998,0.9999978226741806
SOX8,AP_HE,1,0,0,0,0,0,,,1,28,0.03571428571428571,0.7715554332797265,0.9999978226741806
SOX8,HS_LE,1,0,0,0,0,0,,,1,28,0.03571428571428571,0.7715554332797265,0.9999978226741806
SOX9,BA_HE,1,0,0,0,0,0,,,1,137,0.0072992700729927005,0.9992864122021607,0.9999978226741806
SP100,HS_HE,1,0,0,0,0,0,,,1,39,0.02564102564102564,0.8721763823069019,0.9999978226741806
SP110,HS_HE,1,0,0,0,0,0,,,1,27,0.037037037037037035,0.7591769719337726,0.9999978226741806
SP6,HS_TEB,1,0,0,1,0,1,Pmaip1,,0,93,0.010752688172043012,0.9926458141102015,0.9999978226741806
SP7,HS_DUCT,1,0,0,0,0,0,,,1,20,0.05,0.6515952774385323,0.9999978226741806
SREBF1,AP_HE,1,0,0,0,0,0,,,1,71,0.014084507042253521,0.9764395641556054,0.9999978226741806
SRF,BA_HE,1,0,0,0,0,0,,,1,137,0.0072992700729927005,0.9992864122021607,0.9999978226741806
ST18,BA_LE,1,0,0,0,0,0,,,1,79,0.012658227848101266,0.9845695019892351,0.9999978226741806
STAT2,HS_HE,1,0,0,0,0,0,,,1,62,0.016129032258064516,0.9620800178690153,0.9999978226741806
STAT3,AP_HE,1,0,0,0,0,0,,,1,95,0.010526315789473684,0.9933848910751909,0.9999978226741806
STAT3,BA_HE,1,0,0,0,0,0,,,1,161,0.006211180124223602,0.999800544806453,0.9999978226741806
STAT5A,AP_DUCT,1,0,0,0,0,0,,,1,62,0.016129032258064516,0.9620800178690153,0.9999978226741806
STAT6,AP_HE,1,0,0,0,0,0,,,1,35,0.02857142857142857,0.8421202890949757,0.9999978226741806
STAT6,BA_DUCT,1,0,0,0,0,0,,,1,121,0.008264462809917356,0.9983322945225033,0.9999978226741806
STAT6,BA_HE,1,0,0,0,0,0,,,1,66,0.015151515151515152,0.9693083319399209,0.9999978226741806
TAL1,AP_HE,1,0,0,0,0,0,,,1,106,0.009433962264150943,0.9963062961616307,0.9999978226741806
TAL2,HS_DUCT,1,0,0,0,0,0,,,1,17,0.058823529411764705,0.5918661975401018,0.9999978226741806
TBX15,HS_DUCT,1,0,0,0,0,0,,,1,16,0.0625,0.5697644436862532,0.9999978226741806
TBX18,BA_DUCT,1,0,0,0,0,0,,,1,135,0.007407407407407408,0.999206496729583,0.9999978226741806
TBX18,HS_DUCT,1,0,0,0,0,0,,,1,20,0.05,0.6515952774385323,0.9999978226741806
TBX18,HS_TEB,1,0,0,0,0,0,,,1,84,0.011904761904761904,0.9881569689490555,0.9999978226741806
TBX2,AP_TEB,1,0,0,0,0,0,,,1,77,0.012987012987012988,0.9828470759998713,0.9999978226741806
TBX20,BA_DUCT,1,0,0,0,0,0,,,1,99,0.010101010101010102,0.9946478656238503,0.9999978226741806
TBX3,BA_HE,1,0,0,0,0,0,,,1,88,0.011363636363636364,0.9904168770401394,0.9999978226741806
TCF21,AP_DUCT,1,0,0,0,0,0,,,1,51,0.0196078431372549,0.9321815496449943,0.9999978226741806
TCF7L1,AP_TEB,1,0,0,0,0,0,,,1,89,0.011235955056179775,0.9909110224315525,0.9999978226741806
TCF7L1,BA_DUCT,1,0,0,0,0,0,,,1,135,0.007407407407407408,0.999206496729583,0.9999978226741806
TCF7L2,AP_DUCT,1,0,0,0,0,0,,,1,40,0.025,0.8787507001548646,0.9999978226741806
TCF7L2,AP_HE,1,0,0,0,0,0,,,1,61,0.01639344262295082,0.9600214569771751,0.9999978226741806
TCF7L2,BA_HE,1,0,0,1,0,1,Aifm2,,0,121,0.008264462809917356,0.9983322945225033,0.9999978226741806
TEAD1,BA_HE,1,0,0,0,0,0,,,1,98,0.01020408163265306,0.9943567231730495,0.9999978226741806
TEAD1,HS_TEB,1,0,0,0,0,0,,,1,153,0.006535947712418301,0.9996948884256913,0.9999978226741806
TEAD3,BA_DUCT,1,0,0,0,0,0,,,1,147,0.006802721088435374,0.999580369915896,0.9999978226741806
TEAD3,HS_DUCT,1,0,0,0,0,0,,,1,18,0.05555555555555555,0.6128336449783045,0.9999978226741806
TEF,BA_DUCT,1,0,0,0,0,0,,,1,115,0.008695652173913044,0.9977076033206126,0.9999978226741806
TEF,BA_HE,1,0,0,0,0,0,,,1,70,0.014285714285714285,0.9751599073347967,0.9999978226741806
TET1,AP_TEB,1,0,0,0,0,0,,,1,167,0.005988023952095809,0.9998550116041361,0.9999978226741806
TET3,AP_TEB,1,0,0,0,0,0,,,1,45,0.022222222222222223,0.9068888824055246,0.9999978226741806
TFAP2A,AP_HE,1,0,0,0,0,0,,,1,86,0.011627906976744186,0.9893466198194651,0.9999978226741806
TFAP2A,BA_HE,1,0,0,1,0,1,Aifm2,,0,133,0.007518796992481203,0.9991176414910181,0.9999978226741806
TFAP2C,AP_HE,1,0,0,0,0,0,,,1,99,0.010101010101010102,0.9946478656238503,0.9999978226741806
TFAP2C,BA_HE,1,0,0,1,0,1,Aifm2,,0,129,0.007751937984496124,0.9989090045228576,0.9999978226741806
TFDP1,HS_TEB,1,0,0,0,0,0,,,1,123,0.008130081300813009,0.9985001332806038,0.9999978226741806
TFE3,HS_HE,1,0,0,0,0,0,,,1,31,0.03225806451612903,0.8050056823713909,0.9999978226741806
TFE3,HS_TEB,1,0,0,1,0,1,Pmaip1,,0,95,0.010526315789473684,0.9933848910751909,0.9999978226741806
TFEC,HS_HE,1,0,0,0,0,0,,,1,35,0.02857142857142857,0.8421202890949757,0.9999978226741806
TGIF1,AP_TEB,1,0,0,0,0,0,,,1,75,0.013333333333333334,0.9809326005121496,0.9999978226741806
THRA,BA_DUCT,1,0,0,0,0,0,,,1,118,0.00847457627118644,0.9980447147676147,0.9999978226741806
THRA,BA_HE,1,0,0,0,0,0,,,1,60,0.016666666666666666,0.9578512621778132,0.9999978226741806
TP63,AP_DUCT,1,0,0,0,0,0,,,1,55,0.01818181818181818,0.9451022907172315,0.9999978226741806
TP73,BA_TEB,1,0,0,0,0,0,,,1,88,0.011363636363636364,0.9904168770401394,0.9999978226741806
TP73,HS_TEB,1,0,0,0,1,-1,,Bcl2,0,99,0.010101010101010102,0.9946478656238503,0.9999978226741806
TRAFD1,HS_HE,1,0,0,0,0,0,,,1,40,0.025,0.8787507001548646,0.9999978226741806
TRERF1,HS_TEB,1,0,0,1,0,1,Pmaip1,,0,114,0.008771929824561403,0.9975827929536478,0.9999978226741806
TRPS1,AP_HE,1,0,0,0,0,0,,,1,27,0.037037037037037035,0.7591769719337726,0.9999978226741806
TSHZ1,BA_HE,1,0,0,0,0,0,,,1,62,0.016129032258064516,0.9620800178690153,0.9999978226741806
TSHZ2,AP_HE,1,0,0,0,0,0,,,1,26,0.038461538461538464,0.7461284881361778,0.9999978226741806
TSHZ3,AP_TEB,1,0,0,0,0,0,,,1,81,0.012345679012345678,0.9861191262815193,0.9999978226741806
TSHZ3,BA_DUCT,1,0,0,0,0,0,,,1,147,0.006802721088435374,0.999580369915896,0.9999978226741806
TSHZ3,BA_HE,1,0,0,0,0,0,,,1,66,0.015151515151515152,0.9693083319399209,0.9999978226741806
TSHZ3,HS_DUCT,1,0,0,0,0,0,,,1,17,0.058823529411764705,0.5918661975401018,0.9999978226741806
TSHZ3,HS_TEB,1,0,0,0,0,0,,,1,79,0.012658227848101266,0.9845695019892351,0.9999978226741806
TWIST1,AP_DUCT,1,0,0,0,0,0,,,1,36,0.027777777777777776,0.8502387851218602,0.9999978226741806
TWIST1,HS_DUCT,1,0,0,0,0,0,,,1,22,0.045454545454545456,0.6864797706206107,0.9999978226741806
TWIST2,BA_DUCT,1,0,0,0,0,0,,,1,84,0.011904761904761904,0.9881569689490555,0.9999978226741806
TWIST2,HS_DUCT,1,0,0,0,0,0,,,1,12,0.08333333333333333,0.4687376723861082,0.9999978226741806
TWIST2,HS_TEB,1,0,0,0,0,0,,,1,45,0.022222222222222223,0.9068888824055246,0.9999978226741806
USF3,AP_HE,1,0,0,0,0,0,,,1,10,0.1,0.40965885301396254,0.9999978226741806
VDR,BA_HE,1,0,0,0,0,0,,,1,106,0.009433962264150943,0.9963062961616307,0.9999978226741806
VEZF1,AP_TEB,1,0,0,0,0,0,,,1,65,0.015384615384615385,0.9676418084024542,0.9999978226741806
XBP1,HS_DUCT,1,0,0,0,0,0,,,1,26,0.038461538461538464,0.7461284881361778,0.9999978226741806
YY2,AP_LE,1,0,0,0,0,0,,,1,95,0.010526315789473684,0.9933848910751909,0.9999978226741806
YY2,AP_TEB,1,0,0,0,0,0,,,1,83,0.012048192771084338,0.9875132693607183,0.9999978226741806
ZBED2,HS_HE,1,0,0,0,0,0,,,1,37,0.02702702702702703,0.8579402119892936,0.9999978226741806
ZBED4,AP_TEB,1,0,0,0,0,0,,,1,99,0.010101010101010102,0.9946478656238503,0.9999978226741806
ZBED6,HS_LE,1,1,0,0,0,0,,,0,9,0.1111111111111111,0.37770223591657937,0.9999978226741806
ZBTB10,HS_HE,1,0,0,0,0,0,,,1,30,0.03333333333333333,0.7944380139986199,0.9999978226741806
ZBTB16,AP_DUCT,1,1,0,0,0,0,,,0,32,0.03125,0.8150306020644145,0.9999978226741806
ZBTB21,AP_HE,1,0,0,0,0,0,,,1,19,0.05263157894736842,0.6327249449843543,0.9999978226741806
ZBTB4,BA_HE,1,0,0,0,0,0,,,1,71,0.014084507042253521,0.9764395641556054,0.9999978226741806
ZBTB47,BA_HE,1,0,0,0,0,0,,,1,59,0.01694915254237288,0.9555633861236891,0.9999978226741806
ZBTB5,AP_LE,1,1,0,0,0,0,,,0,68,0.014705882352941176,0.9723885439724445,0.9999978226741806
ZBTB7C,BA_TEB,1,0,0,0,0,0,,,1,73,0.0136986301369863,0.9788046861889659,0.9999978226741806
ZBTB7C,HS_TEB,1,0,0,0,0,0,,,1,101,0.009900990099009901,0.9951859054112047,0.9999978226741806
ZBTB9,AP_TEB,1,0,0,0,0,0,,,1,69,0.014492753623188406,0.9738108215771972,0.9999978226741806
ZEB1,AP_DUCT,1,0,0,0,0,0,,,1,32,0.03125,0.8150306020644145,0.9999978226741806
ZFHX3,HS_HE,1,0,0,0,0,0,,,1,33,0.030303030303030304,0.8245406215361494,0.9999978226741806
ZFHX3,HS_TEB,1,0,0,0,0,0,,,1,95,0.010526315789473684,0.9933848910751909,0.9999978226741806
ZFHX4,BA_DUCT,1,0,0,0,0,0,,,1,109,0.009174311926605505,0.9968492369597234,0.9999978226741806
ZFHX4,BA_LE,1,0,0,0,0,0,,,1,101,0.009900990099009901,0.9951859054112047,0.9999978226741806
ZFP28,HS_HE,1,0,0,0,0,0,,,1,36,0.027777777777777776,0.8502387851218602,0.9999978226741806
ZFP41,HS_LE,1,0,0,0,0,0,,,1,37,0.02702702702702703,0.8579402119892936,0.9999978226741806
ZFP69,BA_TEB,1,0,0,0,0,0,,,1,55,0.01818181818181818,0.9451022907172315,0.9999978226741806
ZHX3,BA_HE,1,0,0,0,0,0,,,1,73,0.0136986301369863,0.9788046861889659,0.9999978226741806
ZKSCAN1,BA_HE,1,0,0,0,0,0,,,1,89,0.011235955056179775,0.9909110224315525,0.9999978226741806
ZNF100,AP_TEB,1,1,0,0,0,0,,,0,128,0.0078125,0.9988495590638253,0.9999978226741806
ZNF100,HS_LE,1,0,0,0,0,0,,,1,45,0.022222222222222223,0.9068888824055246,0.9999978226741806
ZNF107,HS_LE,1,0,0,0,0,0,,,1,47,0.02127659574468085,0.9162235635647089,0.9999978226741806
ZNF117,AP_HE,1,0,0,0,0,0,,,1,31,0.03225806451612903,0.8050056823713909,0.9999978226741806
ZNF138,AP_TEB,1,0,0,0,0,0,,,1,82,0.012195121951219513,0.9868346203195439,0.9999978226741806
ZNF142,AP_LE,1,0,0,0,0,0,,,1,68,0.014705882352941176,0.9723885439724445,0.9999978226741806
ZNF184,AP_LE,1,0,1,0,0,0,,,0,71,0.014084507042253521,0.9764395641556054,0.9999978226741806
ZNF184,BA_LE,1,0,0,0,0,0,,,1,97,0.010309278350515464,0.9940497601996772,0.9999978226741806
ZNF195,HS_LE,1,0,0,0,0,0,,,1,36,0.027777777777777776,0.8502387851218602,0.9999978226741806
ZNF214,HS_DUCT,1,0,0,0,0,0,,,1,17,0.058823529411764705,0.5918661975401018,0.9999978226741806
ZNF217,AP_HE,1,0,0,0,0,0,,,1,80,0.0125,0.9853647890043296,0.9999978226741806
ZNF22,AP_TEB,1,0,0,0,0,0,,,1,81,0.012345679012345678,0.9861191262815193,0.9999978226741806
ZNF239,AP_TEB,1,0,0,0,0,0,,,1,98,0.01020408163265306,0.9943567231730495,0.9999978226741806
ZNF25,BA_DUCT,1,0,0,0,0,0,,,1,131,0.007633587786259542,0.9990188475616293,0.9999978226741806
ZNF267,AP_HE,1,0,0,0,0,0,,,1,31,0.03225806451612903,0.8050056823713909,0.9999978226741806
ZNF267,HS_HE,1,0,0,0,0,0,,,1,30,0.03333333333333333,0.7944380139986199,0.9999978226741806
ZNF280C,AP_TEB,1,0,0,0,0,0,,,1,115,0.008695652173913044,0.9977076033206126,0.9999978226741806
ZNF281,AP_TEB,1,0,0,0,0,0,,,1,84,0.011904761904761904,0.9881569689490555,0.9999978226741806
ZNF296,HS_LE,1,0,0,0,0,0,,,1,53,0.018867924528301886,0.9389826284943715,0.9999978226741806
ZNF331,AP_HE,1,0,0,0,0,0,,,1,43,0.023255813953488372,0.8965152643702958,0.9999978226741806
ZNF35,AP_TEB,1,0,0,0,0,0,,,1,85,0.011764705882352941,0.9887675172032977,0.9999978226741806
ZNF362,HS_DUCT,1,0,0,0,0,0,,,1,18,0.05555555555555555,0.6128336449783045,0.9999978226741806
ZNF367,AP_TEB,1,0,0,0,0,0,,,1,164,0.006097560975609756,0.9998299428557036,0.9999978226741806
ZNF385A,AP_HE,1,0,0,0,0,0,,,1,43,0.023255813953488372,0.8965152643702958,0.9999978226741806
ZNF410,AP_HE,1,0,0,0,0,0,,,1,33,0.030303030303030304,0.8245406215361494,0.9999978226741806
ZNF415,BA_LE,1,1,0,0,0,0,,,0,105,0.009523809523809525,0.996105290708998,0.9999978226741806
ZNF460,AP_HE,1,0,0,0,0,0,,,1,31,0.03225806451612903,0.8050056823713909,0.9999978226741806
ZNF462,HS_TEB,1,0,0,0,0,0,,,1,90,0.011111111111111112,0.9913797120824829,0.9999978226741806
ZNF469,BA_LE,1,0,0,0,0,0,,,1,54,0.018518518518518517,0.9421232051490198,0.9999978226741806
ZNF469,HS_DUCT,1,0,0,0,0,0,,,1,13,0.07692307692307693,0.4960236321913708,0.9999978226741806
ZNF469,HS_LE,1,0,0,0,0,0,,,1,13,0.07692307692307693,0.4960236321913708,0.9999978226741806
ZNF503,BA_DUCT,1,0,0,0,0,0,,,1,143,0.006993006993006993,0.9994810640072951,0.9999978226741806
ZNF503,HS_DUCT,1,0,0,0,0,0,,,1,20,0.05,0.6515952774385323,0.9999978226741806
ZNF503,HS_TEB,1,0,0,0,0,0,,,1,102,0.00980392156862745,0.995434308371935,0.9999978226741806
ZNF524,HS_HE,1,0,0,0,0,0,,,1,41,0.024390243902439025,0.8849872072043152,0.9999978226741806
ZNF575,AP_HE,1,0,0,0,0,0,,,1,33,0.030303030303030304,0.8245406215361494,0.9999978226741806
ZNF608,HS_TEB,1,0,0,1,0,1,Pmaip1,,0,99,0.010101010101010102,0.9946478656238503,0.9999978226741806
ZNF618,AP_TEB,1,0,0,0,0,0,,,1,87,0.011494252873563218,0.9898958948167829,0.9999978226741806
ZNF618,HS_DUCT,1,0,0,0,0,0,,,1,18,0.05555555555555555,0.6128336449783045,0.9999978226741806
ZNF670,HS_LE,1,0,0,0,0,0,,,1,50,0.02,0.928502113175572,0.9999978226741806
ZNF680,AP_TEB,1,0,0,0,0,0,,,1,90,0.011111111111111112,0.9913797120824829,0.9999978226741806
ZNF681,HS_LE,1,0,0,0,0,0,,,1,37,0.02702702702702703,0.8579402119892936,0.9999978226741806
ZNF695,HS_TEB,1,0,0,1,0,1,Pmaip1,,0,79,0.012658227848101266,0.9845695019892351,0.9999978226741806
ZNF703,HS_HE,1,0,0,0,0,0,,,1,34,0.029411764705882353,0.8335621617129495,0.9999978226741806
ZNF704,BA_DUCT,1,0,0,0,0,0,,,1,119,0.008403361344537815,0.9981456952947598,0.9999978226741806
ZNF714,AP_TEB,1,0,0,0,0,0,,,1,146,0.00684931506849315,0.9995574826852569,0.9999978226741806
ZNF714,HS_LE,1,0,0,0,0,0,,,1,58,0.017241379310344827,0.9531514542251285,0.9999978226741806
ZNF718,HS_LE,1,0,0,0,0,0,,,1,27,0.037037037037037035,0.7591769719337726,0.9999978226741806
ZNF750,HS_DUCT,1,0,0,0,0,0,,,1,21,0.047619047619047616,0.6694969955709769,0.9999978226741806
ZNF750,HS_HE,1,0,0,0,0,0,,,1,61,0.01639344262295082,0.9600214569771751,0.9999978226741806
ZNF792,HS_TEB,1,0,0,0,1,-1,,Bcl2,0,98,0.01020408163265306,0.9943567231730495,0.9999978226741806
ZNF853,AP_TEB,1,0,0,0,0,0,,,1,37,0.02702702702702703,0.8579402119892936,0.9999978226741806
ZNF853,BA_DUCT,1,0,0,0,0,0,,,1,49,0.02040816326530612,0.9246232645705605,0.9999978226741806
ZSCAN18,BA_LE,1,0,0,0,0,0,,,1,82,0.012195121951219513,0.9868346203195439,0.9999978226741806
ZSCAN18,BA_TEB,1,0,0,0,0,0,,,1,83,0.012048192771084338,0.9875132693607183,0.9999978226741806
ZXDA,AP_HE,1,0,0,0,0,0,,,1,33,0.030303030303030304,0.8245406215361494,0.9999978226741806
ZXDB,AP_HE,1,0,0,0,0,0,,,1,36,0.027777777777777776,0.8502387851218602,0.9999978226741806
