set_name,source,tier,category_primary,category,method,fgsea_eligible,gsva_eligible,size_mouse,size_human,n_unmapped_to_human,n_unmapped_from_human,description,notes
MITOCARTA_ALL,MitoCarta3.0 (Sheet 4) + legacy convention from 08_mitoPPS_analysis.R,primary,MitoCarta,All,gsva,FALSE,TRUE,1140,1083,58,NA,MitoCarta3.0 (Sheet 4) + legacy convention from 08_mitoPPS_analysis.R | All | gsva,Full MitoCarta3.0 inventory (Sheet 2): 1140 = 1037 pathway-annotated + 103 unassigned
MITOCARTA_NUCLEAR_ENCODED,MitoCarta3.0 (Sheet 4) + legacy convention from 08_mitoPPS_analysis.R,primary,MitoCarta,Nuclear_encoded,gsva,FALSE,TRUE,1127,1070,58,NA,MitoCarta3.0 (Sheet 4) + legacy convention from 08_mitoPPS_analysis.R | Nuclear_encoded | gsva,Full inventory (Sheet 2) minus 13 mt-* genes
MITOCARTA_MTDNA_ENCODED,MitoCarta3.0 (Sheet 4) + legacy convention from 08_mitoPPS_analysis.R,primary,MitoCarta,mtDNA_encoded,gsva,FALSE,TRUE,13,13,0,NA,MitoCarta3.0 (Sheet 4) + legacy convention from 08_mitoPPS_analysis.R | mtDNA_encoded | gsva,Built from Sheet 4 with mt-* genes removed (legacy convention)
MITOCARTA_UNASSIGNED,MitoCarta3.0 (Sheet 4) + legacy convention from 08_mitoPPS_analysis.R,primary,MitoCarta,Unassigned,both,TRUE,TRUE,103,93,10,NA,MitoCarta3.0 (Sheet 4) + legacy convention from 08_mitoPPS_analysis.R | Unassigned | both,Inventory genes with MitoPathways == 0 (no pathway); absent from Sheet 4
MITOCARTA_OXPHOS,MitoCarta3.0 (Sheet 4) + legacy convention from 08_mitoPPS_analysis.R,primary,MitoCarta,OXPHOS_nu,both,TRUE,TRUE,155,137,20,NA,MitoCarta3.0 (Sheet 4) + legacy convention from 08_mitoPPS_analysis.R | OXPHOS_nu | both,Built from Sheet 4 with mt-* genes removed (legacy convention)
MITOCARTA_OXPHOS_NU,MitoCarta3.0 (Sheet 4) + legacy convention from 08_mitoPPS_analysis.R,primary,MitoCarta,OXPHOS_nu,both,TRUE,TRUE,155,137,20,NA,MitoCarta3.0 (Sheet 4) + legacy convention from 08_mitoPPS_analysis.R | OXPHOS_nu | both,Built from Sheet 4 with mt-* genes removed (legacy convention)
MITOCARTA_OXPHOS_MT,MitoCarta3.0 (Sheet 4) + legacy convention from 08_mitoPPS_analysis.R,primary,MitoCarta,OXPHOS_mt,gsva,FALSE,TRUE,13,13,0,NA,MitoCarta3.0 (Sheet 4) + legacy convention from 08_mitoPPS_analysis.R | OXPHOS_mt | gsva,Built from Sheet 4 with mt-* genes removed (legacy convention)
MITOCARTA_APOPTOSIS_PRO,MitoCarta3.0 (Sheet 4) + legacy convention from 08_mitoPPS_analysis.R,curated,MitoCarta,Apoptosis_PRO|Apoptosis,both,TRUE,TRUE,25,23,2,NA,MitoCarta3.0 (Sheet 4) + legacy convention from 08_mitoPPS_analysis.R | Apoptosis_PRO|Apoptosis | both,Inlined gene list from 08_mitoPPS_analysis.R lines 285-295
MITOCARTA_APOPTOSIS_ANTI,MitoCarta3.0 (Sheet 4) + legacy convention from 08_mitoPPS_analysis.R,curated,MitoCarta,Apoptosis_ANTI|Apoptosis,gsva,FALSE,TRUE,9,8,1,NA,MitoCarta3.0 (Sheet 4) + legacy convention from 08_mitoPPS_analysis.R | Apoptosis_ANTI|Apoptosis | gsva,Inlined gene list from 08_mitoPPS_analysis.R lines 285-295
MITOCARTA_ABC_TRANSPORTERS,MitoCarta3.0 (Sheet 4) + legacy convention from 08_mitoPPS_analysis.R,primary,MitoCarta,MitoCarta pathway,gsva,FALSE,TRUE,8,8,0,NA,MitoCarta3.0 (Sheet 4) + legacy convention from 08_mitoPPS_analysis.R | MitoCarta pathway | gsva,Built from Sheet 4 with mt-* genes removed (legacy convention)
MITOCARTA_AMINO_ACID_METABOLISM,MitoCarta3.0 (Sheet 4) + legacy convention from 08_mitoPPS_analysis.R,primary,MitoCarta,MitoCarta pathway,both,TRUE,TRUE,90,90,1,NA,MitoCarta3.0 (Sheet 4) + legacy convention from 08_mitoPPS_analysis.R | MitoCarta pathway | both,Built from Sheet 4 with mt-* genes removed (legacy convention)
MITOCARTA_APOPTOSIS,MitoCarta3.0 (Sheet 4) + legacy convention from 08_mitoPPS_analysis.R,curated,MitoCarta,MitoCarta pathway,both,TRUE,TRUE,34,31,3,NA,MitoCarta3.0 (Sheet 4) + legacy convention from 08_mitoPPS_analysis.R | MitoCarta pathway | both,Inlined gene list from 08_mitoPPS_analysis.R lines 285-295
MITOCARTA_AUTOPHAGY,MitoCarta3.0 (Sheet 4) + legacy convention from 08_mitoPPS_analysis.R,primary,MitoCarta,MitoCarta pathway,both,TRUE,TRUE,18,18,0,NA,MitoCarta3.0 (Sheet 4) + legacy convention from 08_mitoPPS_analysis.R | MitoCarta pathway | both,Built from Sheet 4 with mt-* genes removed (legacy convention)
MITOCARTA_BIOTIN_UTILIZING_PROTEINS,MitoCarta3.0 (Sheet 4) + legacy convention from 08_mitoPPS_analysis.R,primary,MitoCarta,MitoCarta pathway,gsva,FALSE,TRUE,5,5,0,NA,MitoCarta3.0 (Sheet 4) + legacy convention from 08_mitoPPS_analysis.R | MitoCarta pathway | gsva,Built from Sheet 4 with mt-* genes removed (legacy convention)
MITOCARTA_BRANCHED_CHAIN_AMINO_ACID_DEHYDROGENASE_COMPLEX,MitoCarta3.0 (Sheet 4) + legacy convention from 08_mitoPPS_analysis.R,primary,MitoCarta,MitoCarta pathway,gsva,FALSE,TRUE,6,6,0,NA,MitoCarta3.0 (Sheet 4) + legacy convention from 08_mitoPPS_analysis.R | MitoCarta pathway | gsva,Built from Sheet 4 with mt-* genes removed (legacy convention)
MITOCARTA_BRANCHED_CHAIN_AMINO_ACID_METABOLISM,MitoCarta3.0 (Sheet 4) + legacy convention from 08_mitoPPS_analysis.R,primary,MitoCarta,MitoCarta pathway,both,TRUE,TRUE,25,25,0,NA,MitoCarta3.0 (Sheet 4) + legacy convention from 08_mitoPPS_analysis.R | MitoCarta pathway | both,Built from Sheet 4 with mt-* genes removed (legacy convention)
MITOCARTA_CALCIUM_CYCLE,MitoCarta3.0 (Sheet 4) + legacy convention from 08_mitoPPS_analysis.R,primary,MitoCarta,MitoCarta pathway,gsva,FALSE,TRUE,9,9,0,NA,MitoCarta3.0 (Sheet 4) + legacy convention from 08_mitoPPS_analysis.R | MitoCarta pathway | gsva,Built from Sheet 4 with mt-* genes removed (legacy convention)
MITOCARTA_CALCIUM_HOMEOSTASIS,MitoCarta3.0 (Sheet 4) + legacy convention from 08_mitoPPS_analysis.R,primary,MitoCarta,MitoCarta pathway,both,TRUE,TRUE,23,23,0,NA,MitoCarta3.0 (Sheet 4) + legacy convention from 08_mitoPPS_analysis.R | MitoCarta pathway | both,Built from Sheet 4 with mt-* genes removed (legacy convention)
MITOCARTA_CALCIUM_UNIPORTER,MitoCarta3.0 (Sheet 4) + legacy convention from 08_mitoPPS_analysis.R,primary,MitoCarta,MitoCarta pathway,gsva,FALSE,TRUE,6,6,0,NA,MitoCarta3.0 (Sheet 4) + legacy convention from 08_mitoPPS_analysis.R | MitoCarta pathway | gsva,Built from Sheet 4 with mt-* genes removed (legacy convention)
MITOCARTA_CAMP_PKA_SIGNALING,MitoCarta3.0 (Sheet 4) + legacy convention from 08_mitoPPS_analysis.R,primary,MitoCarta,MitoCarta pathway,gsva,FALSE,TRUE,6,6,0,NA,MitoCarta3.0 (Sheet 4) + legacy convention from 08_mitoPPS_analysis.R | MitoCarta pathway | gsva,Built from Sheet 4 with mt-* genes removed (legacy convention)
MITOCARTA_CARBOHYDRATE_METABOLISM,MitoCarta3.0 (Sheet 4) + legacy convention from 08_mitoPPS_analysis.R,primary,MitoCarta,MitoCarta pathway,both,TRUE,TRUE,73,73,0,NA,MitoCarta3.0 (Sheet 4) + legacy convention from 08_mitoPPS_analysis.R | MitoCarta pathway | both,Built from Sheet 4 with mt-* genes removed (legacy convention)
MITOCARTA_CARDIOLIPIN_SYNTHESIS,MitoCarta3.0 (Sheet 4) + legacy convention from 08_mitoPPS_analysis.R,primary,MitoCarta,MitoCarta pathway,both,TRUE,TRUE,16,15,1,NA,MitoCarta3.0 (Sheet 4) + legacy convention from 08_mitoPPS_analysis.R | MitoCarta pathway | both,Built from Sheet 4 with mt-* genes removed (legacy convention)
MITOCARTA_CARNITINE_SHUTTLE,MitoCarta3.0 (Sheet 4) + legacy convention from 08_mitoPPS_analysis.R,primary,MitoCarta,MitoCarta pathway,gsva,FALSE,TRUE,5,5,0,NA,MitoCarta3.0 (Sheet 4) + legacy convention from 08_mitoPPS_analysis.R | MitoCarta pathway | gsva,Built from Sheet 4 with mt-* genes removed (legacy convention)
MITOCARTA_CARNITINE_SYNTHESIS_AND_TRANSPORT,MitoCarta3.0 (Sheet 4) + legacy convention from 08_mitoPPS_analysis.R,primary,MitoCarta,MitoCarta pathway,gsva,FALSE,TRUE,6,5,1,NA,MitoCarta3.0 (Sheet 4) + legacy convention from 08_mitoPPS_analysis.R | MitoCarta pathway | gsva,Built from Sheet 4 with mt-* genes removed (legacy convention)
MITOCARTA_CHAPERONES,MitoCarta3.0 (Sheet 4) + legacy convention from 08_mitoPPS_analysis.R,primary,MitoCarta,MitoCarta pathway,both,TRUE,TRUE,17,14,3,NA,MitoCarta3.0 (Sheet 4) + legacy convention from 08_mitoPPS_analysis.R | MitoCarta pathway | both,Built from Sheet 4 with mt-* genes removed (legacy convention)
MITOCARTA_CHOLESTEROL_BILE_ACID_STEROID_SYNTHESIS,MitoCarta3.0 (Sheet 4) + legacy convention from 08_mitoPPS_analysis.R,primary,MitoCarta,MitoCarta pathway,gsva,FALSE,TRUE,14,10,4,NA,MitoCarta3.0 (Sheet 4) + legacy convention from 08_mitoPPS_analysis.R | MitoCarta pathway | gsva,Built from Sheet 4 with mt-* genes removed (legacy convention)
MITOCARTA_CHOLINE_AND_BETAINE_METABOLISM,MitoCarta3.0 (Sheet 4) + legacy convention from 08_mitoPPS_analysis.R,primary,MitoCarta,MitoCarta pathway,gsva,FALSE,TRUE,7,7,0,NA,MitoCarta3.0 (Sheet 4) + legacy convention from 08_mitoPPS_analysis.R | MitoCarta pathway | gsva,Built from Sheet 4 with mt-* genes removed (legacy convention)
MITOCARTA_CI_ASSEMBLY_FACTORS,MitoCarta3.0 (Sheet 4) + legacy convention from 08_mitoPPS_analysis.R,primary,MitoCarta,MitoCarta pathway,both,TRUE,TRUE,21,21,0,NA,MitoCarta3.0 (Sheet 4) + legacy convention from 08_mitoPPS_analysis.R | MitoCarta pathway | both,Built from Sheet 4 with mt-* genes removed (legacy convention)
MITOCARTA_CI_SUBUNITS,MitoCarta3.0 (Sheet 4) + legacy convention from 08_mitoPPS_analysis.R,primary,MitoCarta,MitoCarta pathway,both,TRUE,TRUE,36,36,0,NA,MitoCarta3.0 (Sheet 4) + legacy convention from 08_mitoPPS_analysis.R | MitoCarta pathway | both,Built from Sheet 4 with mt-* genes removed (legacy convention)
MITOCARTA_CIII_ASSEMBLY_FACTORS,MitoCarta3.0 (Sheet 4) + legacy convention from 08_mitoPPS_analysis.R,primary,MitoCarta,MitoCarta pathway,gsva,FALSE,TRUE,6,6,0,NA,MitoCarta3.0 (Sheet 4) + legacy convention from 08_mitoPPS_analysis.R | MitoCarta pathway | gsva,Built from Sheet 4 with mt-* genes removed (legacy convention)
MITOCARTA_CIII_SUBUNITS,MitoCarta3.0 (Sheet 4) + legacy convention from 08_mitoPPS_analysis.R,primary,MitoCarta,MitoCarta pathway,gsva,FALSE,TRUE,9,10,0,NA,MitoCarta3.0 (Sheet 4) + legacy convention from 08_mitoPPS_analysis.R | MitoCarta pathway | gsva,Built from Sheet 4 with mt-* genes removed (legacy convention)
MITOCARTA_CIV_ASSEMBLY_FACTORS,MitoCarta3.0 (Sheet 4) + legacy convention from 08_mitoPPS_analysis.R,primary,MitoCarta,MitoCarta pathway,both,TRUE,TRUE,29,29,0,NA,MitoCarta3.0 (Sheet 4) + legacy convention from 08_mitoPPS_analysis.R | MitoCarta pathway | both,Built from Sheet 4 with mt-* genes removed (legacy convention)
MITOCARTA_CIV_SUBUNITS,MitoCarta3.0 (Sheet 4) + legacy convention from 08_mitoPPS_analysis.R,primary,MitoCarta,MitoCarta pathway,both,TRUE,TRUE,18,16,2,NA,MitoCarta3.0 (Sheet 4) + legacy convention from 08_mitoPPS_analysis.R | MitoCarta pathway | both,Built from Sheet 4 with mt-* genes removed (legacy convention)
MITOCARTA_COENZYME_A_METABOLISM,MitoCarta3.0 (Sheet 4) + legacy convention from 08_mitoPPS_analysis.R,primary,MitoCarta,MitoCarta pathway,gsva,FALSE,TRUE,5,4,1,NA,MitoCarta3.0 (Sheet 4) + legacy convention from 08_mitoPPS_analysis.R | MitoCarta pathway | gsva,Built from Sheet 4 with mt-* genes removed (legacy convention)
MITOCARTA_COENZYME_Q_METABOLISM,MitoCarta3.0 (Sheet 4) + legacy convention from 08_mitoPPS_analysis.R,primary,MitoCarta,MitoCarta pathway,gsva,FALSE,TRUE,13,13,0,NA,MitoCarta3.0 (Sheet 4) + legacy convention from 08_mitoPPS_analysis.R | MitoCarta pathway | gsva,Built from Sheet 4 with mt-* genes removed (legacy convention)
MITOCARTA_COMPLEX_I,MitoCarta3.0 (Sheet 4) + legacy convention from 08_mitoPPS_analysis.R,primary,MitoCarta,MitoCarta pathway,both,TRUE,TRUE,57,57,0,NA,MitoCarta3.0 (Sheet 4) + legacy convention from 08_mitoPPS_analysis.R | MitoCarta pathway | both,Built from Sheet 4 with mt-* genes removed (legacy convention)
MITOCARTA_COMPLEX_II,MitoCarta3.0 (Sheet 4) + legacy convention from 08_mitoPPS_analysis.R,primary,MitoCarta,MitoCarta pathway,gsva,FALSE,TRUE,8,8,0,NA,MitoCarta3.0 (Sheet 4) + legacy convention from 08_mitoPPS_analysis.R | MitoCarta pathway | gsva,Built from Sheet 4 with mt-* genes removed (legacy convention)
MITOCARTA_COMPLEX_III,MitoCarta3.0 (Sheet 4) + legacy convention from 08_mitoPPS_analysis.R,primary,MitoCarta,MitoCarta pathway,both,TRUE,TRUE,15,16,0,NA,MitoCarta3.0 (Sheet 4) + legacy convention from 08_mitoPPS_analysis.R | MitoCarta pathway | both,Built from Sheet 4 with mt-* genes removed (legacy convention)
MITOCARTA_COMPLEX_IV,MitoCarta3.0 (Sheet 4) + legacy convention from 08_mitoPPS_analysis.R,primary,MitoCarta,MitoCarta pathway,both,TRUE,TRUE,47,45,2,NA,MitoCarta3.0 (Sheet 4) + legacy convention from 08_mitoPPS_analysis.R | MitoCarta pathway | both,Built from Sheet 4 with mt-* genes removed (legacy convention)
MITOCARTA_COMPLEX_V,MitoCarta3.0 (Sheet 4) + legacy convention from 08_mitoPPS_analysis.R,primary,MitoCarta,MitoCarta pathway,both,TRUE,TRUE,24,7,17,NA,MitoCarta3.0 (Sheet 4) + legacy convention from 08_mitoPPS_analysis.R | MitoCarta pathway | both,Built from Sheet 4 with mt-* genes removed (legacy convention)
MITOCARTA_COPPER_METABOLISM,MitoCarta3.0 (Sheet 4) + legacy convention from 08_mitoPPS_analysis.R,primary,MitoCarta,MitoCarta pathway,gsva,FALSE,TRUE,7,7,0,NA,MitoCarta3.0 (Sheet 4) + legacy convention from 08_mitoPPS_analysis.R | MitoCarta pathway | gsva,Built from Sheet 4 with mt-* genes removed (legacy convention)
MITOCARTA_CRISTAE_FORMATION,MitoCarta3.0 (Sheet 4) + legacy convention from 08_mitoPPS_analysis.R,primary,MitoCarta,MitoCarta pathway,gsva,FALSE,TRUE,11,8,3,NA,MitoCarta3.0 (Sheet 4) + legacy convention from 08_mitoPPS_analysis.R | MitoCarta pathway | gsva,Built from Sheet 4 with mt-* genes removed (legacy convention)
MITOCARTA_CV_ASSEMBLY_FACTORS,MitoCarta3.0 (Sheet 4) + legacy convention from 08_mitoPPS_analysis.R,primary,MitoCarta,MitoCarta pathway,gsva,FALSE,TRUE,5,5,0,NA,MitoCarta3.0 (Sheet 4) + legacy convention from 08_mitoPPS_analysis.R | MitoCarta pathway | gsva,Built from Sheet 4 with mt-* genes removed (legacy convention)
MITOCARTA_CV_SUBUNITS,MitoCarta3.0 (Sheet 4) + legacy convention from 08_mitoPPS_analysis.R,primary,MitoCarta,MitoCarta pathway,both,TRUE,TRUE,19,2,17,NA,MitoCarta3.0 (Sheet 4) + legacy convention from 08_mitoPPS_analysis.R | MitoCarta pathway | both,Built from Sheet 4 with mt-* genes removed (legacy convention)
MITOCARTA_DETOXIFICATION,MitoCarta3.0 (Sheet 4) + legacy convention from 08_mitoPPS_analysis.R,primary,MitoCarta,MitoCarta pathway,both,TRUE,TRUE,51,48,3,NA,MitoCarta3.0 (Sheet 4) + legacy convention from 08_mitoPPS_analysis.R | MitoCarta pathway | both,Built from Sheet 4 with mt-* genes removed (legacy convention)
MITOCARTA_EF_HAND_PROTEINS,MitoCarta3.0 (Sheet 4) + legacy convention from 08_mitoPPS_analysis.R,primary,MitoCarta,MitoCarta pathway,gsva,FALSE,TRUE,11,11,0,NA,MitoCarta3.0 (Sheet 4) + legacy convention from 08_mitoPPS_analysis.R | MitoCarta pathway | gsva,Built from Sheet 4 with mt-* genes removed (legacy convention)
MITOCARTA_ELECTRON_CARRIERS,MitoCarta3.0 (Sheet 4) + legacy convention from 08_mitoPPS_analysis.R,primary,MitoCarta,MitoCarta pathway,both,TRUE,TRUE,15,14,1,NA,MitoCarta3.0 (Sheet 4) + legacy convention from 08_mitoPPS_analysis.R | MitoCarta pathway | both,Built from Sheet 4 with mt-* genes removed (legacy convention)
MITOCARTA_FATTY_ACID_OXIDATION,MitoCarta3.0 (Sheet 4) + legacy convention from 08_mitoPPS_analysis.R,primary,MitoCarta,MitoCarta pathway,both,TRUE,TRUE,45,43,1,NA,MitoCarta3.0 (Sheet 4) + legacy convention from 08_mitoPPS_analysis.R | MitoCarta pathway | both,Built from Sheet 4 with mt-* genes removed (legacy convention)
MITOCARTA_FE_S_CLUSTER_BIOSYNTHESIS,MitoCarta3.0 (Sheet 4) + legacy convention from 08_mitoPPS_analysis.R,primary,MitoCarta,MitoCarta pathway,both,TRUE,TRUE,23,22,1,NA,MitoCarta3.0 (Sheet 4) + legacy convention from 08_mitoPPS_analysis.R | MitoCarta pathway | both,Built from Sheet 4 with mt-* genes removed (legacy convention)
MITOCARTA_FE_S_CONTAINING_PROTEINS,MitoCarta3.0 (Sheet 4) + legacy convention from 08_mitoPPS_analysis.R,primary,MitoCarta,MitoCarta pathway,both,TRUE,TRUE,31,30,1,NA,MitoCarta3.0 (Sheet 4) + legacy convention from 08_mitoPPS_analysis.R | MitoCarta pathway | both,Built from Sheet 4 with mt-* genes removed (legacy convention)
MITOCARTA_FISSION,MitoCarta3.0 (Sheet 4) + legacy convention from 08_mitoPPS_analysis.R,primary,MitoCarta,MitoCarta pathway,both,TRUE,TRUE,15,15,0,NA,MitoCarta3.0 (Sheet 4) + legacy convention from 08_mitoPPS_analysis.R | MitoCarta pathway | both,Built from Sheet 4 with mt-* genes removed (legacy convention)
MITOCARTA_FOLATE_AND_1_C_METABOLISM,MitoCarta3.0 (Sheet 4) + legacy convention from 08_mitoPPS_analysis.R,primary,MitoCarta,MitoCarta pathway,both,TRUE,TRUE,22,21,0,NA,MitoCarta3.0 (Sheet 4) + legacy convention from 08_mitoPPS_analysis.R | MitoCarta pathway | both,Built from Sheet 4 with mt-* genes removed (legacy convention)
MITOCARTA_FUSION,MitoCarta3.0 (Sheet 4) + legacy convention from 08_mitoPPS_analysis.R,primary,MitoCarta,MitoCarta pathway,gsva,FALSE,TRUE,9,9,0,NA,MitoCarta3.0 (Sheet 4) + legacy convention from 08_mitoPPS_analysis.R | MitoCarta pathway | gsva,Built from Sheet 4 with mt-* genes removed (legacy convention)
MITOCARTA_GABA_METABOLISM,MitoCarta3.0 (Sheet 4) + legacy convention from 08_mitoPPS_analysis.R,primary,MitoCarta,MitoCarta pathway,gsva,FALSE,TRUE,6,6,1,NA,MitoCarta3.0 (Sheet 4) + legacy convention from 08_mitoPPS_analysis.R | MitoCarta pathway | gsva,Built from Sheet 4 with mt-* genes removed (legacy convention)
MITOCARTA_GLUCONEOGENESIS,MitoCarta3.0 (Sheet 4) + legacy convention from 08_mitoPPS_analysis.R,primary,MitoCarta,MitoCarta pathway,gsva,FALSE,TRUE,9,9,0,NA,MitoCarta3.0 (Sheet 4) + legacy convention from 08_mitoPPS_analysis.R | MitoCarta pathway | gsva,Built from Sheet 4 with mt-* genes removed (legacy convention)
MITOCARTA_GLUTAMATE_METABOLISM,MitoCarta3.0 (Sheet 4) + legacy convention from 08_mitoPPS_analysis.R,primary,MitoCarta,MitoCarta pathway,gsva,FALSE,TRUE,7,8,0,NA,MitoCarta3.0 (Sheet 4) + legacy convention from 08_mitoPPS_analysis.R | MitoCarta pathway | gsva,Built from Sheet 4 with mt-* genes removed (legacy convention)
MITOCARTA_GLYCINE_METABOLISM,MitoCarta3.0 (Sheet 4) + legacy convention from 08_mitoPPS_analysis.R,primary,MitoCarta,MitoCarta pathway,both,TRUE,TRUE,15,15,0,NA,MitoCarta3.0 (Sheet 4) + legacy convention from 08_mitoPPS_analysis.R | MitoCarta pathway | both,Built from Sheet 4 with mt-* genes removed (legacy convention)
MITOCARTA_GLYOXYLATE_METABOLISM,MitoCarta3.0 (Sheet 4) + legacy convention from 08_mitoPPS_analysis.R,primary,MitoCarta,MitoCarta pathway,gsva,FALSE,TRUE,8,8,0,NA,MitoCarta3.0 (Sheet 4) + legacy convention from 08_mitoPPS_analysis.R | MitoCarta pathway | gsva,Built from Sheet 4 with mt-* genes removed (legacy convention)
MITOCARTA_HEME_SYNTHESIS_AND_PROCESSING,MitoCarta3.0 (Sheet 4) + legacy convention from 08_mitoPPS_analysis.R,primary,MitoCarta,MitoCarta pathway,both,TRUE,TRUE,16,15,1,NA,MitoCarta3.0 (Sheet 4) + legacy convention from 08_mitoPPS_analysis.R | MitoCarta pathway | both,Built from Sheet 4 with mt-* genes removed (legacy convention)
MITOCARTA_HEME_CONTAINING_PROTEINS,MitoCarta3.0 (Sheet 4) + legacy convention from 08_mitoPPS_analysis.R,primary,MitoCarta,MitoCarta pathway,gsva,FALSE,TRUE,10,9,1,NA,MitoCarta3.0 (Sheet 4) + legacy convention from 08_mitoPPS_analysis.R | MitoCarta pathway | gsva,Built from Sheet 4 with mt-* genes removed (legacy convention)
MITOCARTA_IMMUNE_RESPONSE,MitoCarta3.0 (Sheet 4) + legacy convention from 08_mitoPPS_analysis.R,primary,MitoCarta,MitoCarta pathway,gsva,FALSE,TRUE,6,4,2,NA,MitoCarta3.0 (Sheet 4) + legacy convention from 08_mitoPPS_analysis.R | MitoCarta pathway | gsva,Built from Sheet 4 with mt-* genes removed (legacy convention)
MITOCARTA_IMPORT_MOTOR,MitoCarta3.0 (Sheet 4) + legacy convention from 08_mitoPPS_analysis.R,primary,MitoCarta,MitoCarta pathway,gsva,FALSE,TRUE,6,6,0,NA,MitoCarta3.0 (Sheet 4) + legacy convention from 08_mitoPPS_analysis.R | MitoCarta pathway | gsva,Built from Sheet 4 with mt-* genes removed (legacy convention)
MITOCARTA_INTRAMITOCHONDRIAL_MEMBRANE_INTERACTIONS,MitoCarta3.0 (Sheet 4) + legacy convention from 08_mitoPPS_analysis.R,primary,MitoCarta,MitoCarta pathway,gsva,FALSE,TRUE,8,8,0,NA,MitoCarta3.0 (Sheet 4) + legacy convention from 08_mitoPPS_analysis.R | MitoCarta pathway | gsva,Built from Sheet 4 with mt-* genes removed (legacy convention)
MITOCARTA_IRON_HOMEOSTASIS,MitoCarta3.0 (Sheet 4) + legacy convention from 08_mitoPPS_analysis.R,primary,MitoCarta,MitoCarta pathway,gsva,FALSE,TRUE,5,5,0,NA,MitoCarta3.0 (Sheet 4) + legacy convention from 08_mitoPPS_analysis.R | MitoCarta pathway | gsva,Built from Sheet 4 with mt-* genes removed (legacy convention)
MITOCARTA_ITACONATE_METABOLISM,MitoCarta3.0 (Sheet 4) + legacy convention from 08_mitoPPS_analysis.R,primary,MitoCarta,MitoCarta pathway,gsva,FALSE,TRUE,6,6,0,NA,MitoCarta3.0 (Sheet 4) + legacy convention from 08_mitoPPS_analysis.R | MitoCarta pathway | gsva,Built from Sheet 4 with mt-* genes removed (legacy convention)
MITOCARTA_KETONE_METABOLISM,MitoCarta3.0 (Sheet 4) + legacy convention from 08_mitoPPS_analysis.R,primary,MitoCarta,MitoCarta pathway,gsva,FALSE,TRUE,8,8,0,NA,MitoCarta3.0 (Sheet 4) + legacy convention from 08_mitoPPS_analysis.R | MitoCarta pathway | gsva,Built from Sheet 4 with mt-* genes removed (legacy convention)
MITOCARTA_LIPID_METABOLISM,MitoCarta3.0 (Sheet 4) + legacy convention from 08_mitoPPS_analysis.R,primary,MitoCarta,MitoCarta pathway,both,TRUE,TRUE,126,115,8,NA,MitoCarta3.0 (Sheet 4) + legacy convention from 08_mitoPPS_analysis.R | MitoCarta pathway | both,Built from Sheet 4 with mt-* genes removed (legacy convention)
MITOCARTA_LYSINE_METABOLISM,MitoCarta3.0 (Sheet 4) + legacy convention from 08_mitoPPS_analysis.R,primary,MitoCarta,MitoCarta pathway,both,TRUE,TRUE,16,16,0,NA,MitoCarta3.0 (Sheet 4) + legacy convention from 08_mitoPPS_analysis.R | MitoCarta pathway | both,Built from Sheet 4 with mt-* genes removed (legacy convention)
MITOCARTA_MALATE_ASPARTATE_SHUTTLE,MitoCarta3.0 (Sheet 4) + legacy convention from 08_mitoPPS_analysis.R,primary,MitoCarta,MitoCarta pathway,gsva,FALSE,TRUE,6,6,0,NA,MitoCarta3.0 (Sheet 4) + legacy convention from 08_mitoPPS_analysis.R | MitoCarta pathway | gsva,Built from Sheet 4 with mt-* genes removed (legacy convention)
MITOCARTA_METABOLISM,MitoCarta3.0 (Sheet 4) + legacy convention from 08_mitoPPS_analysis.R,primary,MitoCarta,MitoCarta pathway,both,TRUE,TRUE,462,447,15,NA,MitoCarta3.0 (Sheet 4) + legacy convention from 08_mitoPPS_analysis.R | MitoCarta pathway | both,Built from Sheet 4 with mt-* genes removed (legacy convention)
MITOCARTA_METALS_AND_COFACTORS,MitoCarta3.0 (Sheet 4) + legacy convention from 08_mitoPPS_analysis.R,primary,MitoCarta,MitoCarta pathway,both,TRUE,TRUE,118,114,5,NA,MitoCarta3.0 (Sheet 4) + legacy convention from 08_mitoPPS_analysis.R | MitoCarta pathway | both,Built from Sheet 4 with mt-* genes removed (legacy convention)
MITOCARTA_MICOS_COMPLEX,MitoCarta3.0 (Sheet 4) + legacy convention from 08_mitoPPS_analysis.R,primary,MitoCarta,MitoCarta pathway,gsva,FALSE,TRUE,7,7,0,NA,MitoCarta3.0 (Sheet 4) + legacy convention from 08_mitoPPS_analysis.R | MitoCarta pathway | gsva,Built from Sheet 4 with mt-* genes removed (legacy convention)
MITOCARTA_MITOCHONDRIAL_CENTRAL_DOGMA,MitoCarta3.0 (Sheet 4) + legacy convention from 08_mitoPPS_analysis.R,primary,MitoCarta,MitoCarta pathway,both,TRUE,TRUE,230,225,4,NA,MitoCarta3.0 (Sheet 4) + legacy convention from 08_mitoPPS_analysis.R | MitoCarta pathway | both,Built from Sheet 4 with mt-* genes removed (legacy convention)
MITOCARTA_MITOCHONDRIAL_DYNAMICS_AND_SURVEILLANCE,MitoCarta3.0 (Sheet 4) + legacy convention from 08_mitoPPS_analysis.R,primary,MitoCarta,MitoCarta pathway,both,TRUE,TRUE,102,96,6,NA,MitoCarta3.0 (Sheet 4) + legacy convention from 08_mitoPPS_analysis.R | MitoCarta pathway | both,Built from Sheet 4 with mt-* genes removed (legacy convention)
MITOCARTA_MITOCHONDRIAL_PERMEABILITY_TRANSITION_PORE,MitoCarta3.0 (Sheet 4) + legacy convention from 08_mitoPPS_analysis.R,primary,MitoCarta,MitoCarta pathway,gsva,FALSE,TRUE,6,6,0,NA,MitoCarta3.0 (Sheet 4) + legacy convention from 08_mitoPPS_analysis.R | MitoCarta pathway | gsva,Built from Sheet 4 with mt-* genes removed (legacy convention)
MITOCARTA_MITOCHONDRIAL_RIBOSOME,MitoCarta3.0 (Sheet 4) + legacy convention from 08_mitoPPS_analysis.R,primary,MitoCarta,MitoCarta pathway,both,TRUE,TRUE,83,83,0,NA,MitoCarta3.0 (Sheet 4) + legacy convention from 08_mitoPPS_analysis.R | MitoCarta pathway | both,Built from Sheet 4 with mt-* genes removed (legacy convention)
MITOCARTA_MITOCHONDRIAL_RIBOSOME_ASSEMBLY,MitoCarta3.0 (Sheet 4) + legacy convention from 08_mitoPPS_analysis.R,primary,MitoCarta,MitoCarta pathway,both,TRUE,TRUE,24,23,1,NA,MitoCarta3.0 (Sheet 4) + legacy convention from 08_mitoPPS_analysis.R | MitoCarta pathway | both,Built from Sheet 4 with mt-* genes removed (legacy convention)
MITOCARTA_MITOPHAGY,MitoCarta3.0 (Sheet 4) + legacy convention from 08_mitoPPS_analysis.R,primary,MitoCarta,MitoCarta pathway,gsva,FALSE,TRUE,14,14,0,NA,MitoCarta3.0 (Sheet 4) + legacy convention from 08_mitoPPS_analysis.R | MitoCarta pathway | gsva,Built from Sheet 4 with mt-* genes removed (legacy convention)
MITOCARTA_MOLYBDENUM_COFACTOR_SYNTHESIS_AND_PROTEINS,MitoCarta3.0 (Sheet 4) + legacy convention from 08_mitoPPS_analysis.R,primary,MitoCarta,MitoCarta pathway,gsva,FALSE,TRUE,5,5,0,NA,MitoCarta3.0 (Sheet 4) + legacy convention from 08_mitoPPS_analysis.R | MitoCarta pathway | gsva,Built from Sheet 4 with mt-* genes removed (legacy convention)
MITOCARTA_MT_RRNA_MODIFICATIONS,MitoCarta3.0 (Sheet 4) + legacy convention from 08_mitoPPS_analysis.R,primary,MitoCarta,MitoCarta pathway,both,TRUE,TRUE,17,16,1,NA,MitoCarta3.0 (Sheet 4) + legacy convention from 08_mitoPPS_analysis.R | MitoCarta pathway | both,Built from Sheet 4 with mt-* genes removed (legacy convention)
MITOCARTA_MT_TRNA_MODIFICATIONS,MitoCarta3.0 (Sheet 4) + legacy convention from 08_mitoPPS_analysis.R,primary,MitoCarta,MitoCarta pathway,both,TRUE,TRUE,21,21,0,NA,MitoCarta3.0 (Sheet 4) + legacy convention from 08_mitoPPS_analysis.R | MitoCarta pathway | both,Built from Sheet 4 with mt-* genes removed (legacy convention)
MITOCARTA_MT_TRNA_SYNTHETASES,MitoCarta3.0 (Sheet 4) + legacy convention from 08_mitoPPS_analysis.R,primary,MitoCarta,MitoCarta pathway,both,TRUE,TRUE,22,20,2,NA,MitoCarta3.0 (Sheet 4) + legacy convention from 08_mitoPPS_analysis.R | MitoCarta pathway | both,Built from Sheet 4 with mt-* genes removed (legacy convention)
MITOCARTA_MTDNA_MAINTENANCE,MitoCarta3.0 (Sheet 4) + legacy convention from 08_mitoPPS_analysis.R,primary,MitoCarta,MitoCarta pathway,both,TRUE,TRUE,31,30,0,NA,MitoCarta3.0 (Sheet 4) + legacy convention from 08_mitoPPS_analysis.R | MitoCarta pathway | both,Built from Sheet 4 with mt-* genes removed (legacy convention)
MITOCARTA_MTDNA_NUCLEOID,MitoCarta3.0 (Sheet 4) + legacy convention from 08_mitoPPS_analysis.R,primary,MitoCarta,MitoCarta pathway,gsva,FALSE,TRUE,11,10,0,NA,MitoCarta3.0 (Sheet 4) + legacy convention from 08_mitoPPS_analysis.R | MitoCarta pathway | gsva,Built from Sheet 4 with mt-* genes removed (legacy convention)
MITOCARTA_MTDNA_REPAIR,MitoCarta3.0 (Sheet 4) + legacy convention from 08_mitoPPS_analysis.R,primary,MitoCarta,MitoCarta pathway,gsva,FALSE,TRUE,9,9,0,NA,MitoCarta3.0 (Sheet 4) + legacy convention from 08_mitoPPS_analysis.R | MitoCarta pathway | gsva,Built from Sheet 4 with mt-* genes removed (legacy convention)
MITOCARTA_MTDNA_REPLICATION,MitoCarta3.0 (Sheet 4) + legacy convention from 08_mitoPPS_analysis.R,primary,MitoCarta,MitoCarta pathway,gsva,FALSE,TRUE,14,14,0,NA,MitoCarta3.0 (Sheet 4) + legacy convention from 08_mitoPPS_analysis.R | MitoCarta pathway | gsva,Built from Sheet 4 with mt-* genes removed (legacy convention)
MITOCARTA_MTRNA_GRANULES,MitoCarta3.0 (Sheet 4) + legacy convention from 08_mitoPPS_analysis.R,primary,MitoCarta,MitoCarta pathway,both,TRUE,TRUE,28,28,0,NA,MitoCarta3.0 (Sheet 4) + legacy convention from 08_mitoPPS_analysis.R | MitoCarta pathway | both,Built from Sheet 4 with mt-* genes removed (legacy convention)
MITOCARTA_MTRNA_METABOLISM,MitoCarta3.0 (Sheet 4) + legacy convention from 08_mitoPPS_analysis.R,primary,MitoCarta,MitoCarta pathway,both,TRUE,TRUE,76,74,1,NA,MitoCarta3.0 (Sheet 4) + legacy convention from 08_mitoPPS_analysis.R | MitoCarta pathway | both,Built from Sheet 4 with mt-* genes removed (legacy convention)
MITOCARTA_MTRNA_STABILITY_AND_DECAY,MitoCarta3.0 (Sheet 4) + legacy convention from 08_mitoPPS_analysis.R,primary,MitoCarta,MitoCarta pathway,both,TRUE,TRUE,17,17,0,NA,MitoCarta3.0 (Sheet 4) + legacy convention from 08_mitoPPS_analysis.R | MitoCarta pathway | both,Built from Sheet 4 with mt-* genes removed (legacy convention)
MITOCARTA_NAD_BIOSYNTHESIS_AND_METABOLISM,MitoCarta3.0 (Sheet 4) + legacy convention from 08_mitoPPS_analysis.R,primary,MitoCarta,MitoCarta pathway,gsva,FALSE,TRUE,13,14,0,NA,MitoCarta3.0 (Sheet 4) + legacy convention from 08_mitoPPS_analysis.R | MitoCarta pathway | gsva,Built from Sheet 4 with mt-* genes removed (legacy convention)
MITOCARTA_NUCLEOTIDE_IMPORT,MitoCarta3.0 (Sheet 4) + legacy convention from 08_mitoPPS_analysis.R,primary,MitoCarta,MitoCarta pathway,gsva,FALSE,TRUE,9,9,0,NA,MitoCarta3.0 (Sheet 4) + legacy convention from 08_mitoPPS_analysis.R | MitoCarta pathway | gsva,Built from Sheet 4 with mt-* genes removed (legacy convention)
MITOCARTA_NUCLEOTIDE_METABOLISM,MitoCarta3.0 (Sheet 4) + legacy convention from 08_mitoPPS_analysis.R,primary,MitoCarta,MitoCarta pathway,both,TRUE,TRUE,36,38,0,NA,MitoCarta3.0 (Sheet 4) + legacy convention from 08_mitoPPS_analysis.R | MitoCarta pathway | both,Built from Sheet 4 with mt-* genes removed (legacy convention)
MITOCARTA_NUCLEOTIDE_SYNTHESIS_AND_PROCESSING,MitoCarta3.0 (Sheet 4) + legacy convention from 08_mitoPPS_analysis.R,primary,MitoCarta,MitoCarta pathway,both,TRUE,TRUE,22,23,0,NA,MitoCarta3.0 (Sheet 4) + legacy convention from 08_mitoPPS_analysis.R | MitoCarta pathway | both,Built from Sheet 4 with mt-* genes removed (legacy convention)
MITOCARTA_ORGANELLE_CONTACT_SITES,MitoCarta3.0 (Sheet 4) + legacy convention from 08_mitoPPS_analysis.R,primary,MitoCarta,MitoCarta pathway,gsva,FALSE,TRUE,13,13,0,NA,MitoCarta3.0 (Sheet 4) + legacy convention from 08_mitoPPS_analysis.R | MitoCarta pathway | gsva,Built from Sheet 4 with mt-* genes removed (legacy convention)
MITOCARTA_OXPHOS_ASSEMBLY_FACTORS,MitoCarta3.0 (Sheet 4) + legacy convention from 08_mitoPPS_analysis.R,primary,MitoCarta,MitoCarta pathway,both,TRUE,TRUE,67,68,0,NA,MitoCarta3.0 (Sheet 4) + legacy convention from 08_mitoPPS_analysis.R | MitoCarta pathway | both,Built from Sheet 4 with mt-* genes removed (legacy convention)
MITOCARTA_OXPHOS_SUBUNITS,MitoCarta3.0 (Sheet 4) + legacy convention from 08_mitoPPS_analysis.R,primary,MitoCarta,MitoCarta pathway,both,TRUE,TRUE,89,70,20,NA,MitoCarta3.0 (Sheet 4) + legacy convention from 08_mitoPPS_analysis.R | MitoCarta pathway | both,Built from Sheet 4 with mt-* genes removed (legacy convention)
MITOCARTA_PHOSPHOLIPID_METABOLISM,MitoCarta3.0 (Sheet 4) + legacy convention from 08_mitoPPS_analysis.R,primary,MitoCarta,MitoCarta pathway,both,TRUE,TRUE,24,24,0,NA,MitoCarta3.0 (Sheet 4) + legacy convention from 08_mitoPPS_analysis.R | MitoCarta pathway | both,Built from Sheet 4 with mt-* genes removed (legacy convention)
MITOCARTA_POLYCISTRONIC_MTRNA_PROCESSING,MitoCarta3.0 (Sheet 4) + legacy convention from 08_mitoPPS_analysis.R,primary,MitoCarta,MitoCarta pathway,gsva,FALSE,TRUE,13,13,0,NA,MitoCarta3.0 (Sheet 4) + legacy convention from 08_mitoPPS_analysis.R | MitoCarta pathway | gsva,Built from Sheet 4 with mt-* genes removed (legacy convention)
MITOCARTA_PREPROTEIN_CLEAVAGE,MitoCarta3.0 (Sheet 4) + legacy convention from 08_mitoPPS_analysis.R,primary,MitoCarta,MitoCarta pathway,gsva,FALSE,TRUE,8,8,0,NA,MitoCarta3.0 (Sheet 4) + legacy convention from 08_mitoPPS_analysis.R | MitoCarta pathway | gsva,Built from Sheet 4 with mt-* genes removed (legacy convention)
MITOCARTA_PROLINE_METABOLISM,MitoCarta3.0 (Sheet 4) + legacy convention from 08_mitoPPS_analysis.R,primary,MitoCarta,MitoCarta pathway,gsva,FALSE,TRUE,6,6,0,NA,MitoCarta3.0 (Sheet 4) + legacy convention from 08_mitoPPS_analysis.R | MitoCarta pathway | gsva,Built from Sheet 4 with mt-* genes removed (legacy convention)
MITOCARTA_PROTEASES,MitoCarta3.0 (Sheet 4) + legacy convention from 08_mitoPPS_analysis.R,primary,MitoCarta,MitoCarta pathway,both,TRUE,TRUE,29,28,1,NA,MitoCarta3.0 (Sheet 4) + legacy convention from 08_mitoPPS_analysis.R | MitoCarta pathway | both,Built from Sheet 4 with mt-* genes removed (legacy convention)
MITOCARTA_PROTEIN_HOMEOSTASIS,MitoCarta3.0 (Sheet 4) + legacy convention from 08_mitoPPS_analysis.R,primary,MitoCarta,MitoCarta pathway,both,TRUE,TRUE,53,49,4,NA,MitoCarta3.0 (Sheet 4) + legacy convention from 08_mitoPPS_analysis.R | MitoCarta pathway | both,Built from Sheet 4 with mt-* genes removed (legacy convention)
MITOCARTA_PROTEIN_IMPORT_AND_SORTING,MitoCarta3.0 (Sheet 4) + legacy convention from 08_mitoPPS_analysis.R,primary,MitoCarta,MitoCarta pathway,both,TRUE,TRUE,49,47,3,NA,MitoCarta3.0 (Sheet 4) + legacy convention from 08_mitoPPS_analysis.R | MitoCarta pathway | both,Built from Sheet 4 with mt-* genes removed (legacy convention)
MITOCARTA_PROTEIN_IMPORT_SORTING_AND_HOMEOSTASIS,MitoCarta3.0 (Sheet 4) + legacy convention from 08_mitoPPS_analysis.R,primary,MitoCarta,MitoCarta pathway,both,TRUE,TRUE,88,84,5,NA,MitoCarta3.0 (Sheet 4) + legacy convention from 08_mitoPPS_analysis.R | MitoCarta pathway | both,Built from Sheet 4 with mt-* genes removed (legacy convention)
MITOCARTA_PYRUVATE_METABOLISM,MitoCarta3.0 (Sheet 4) + legacy convention from 08_mitoPPS_analysis.R,primary,MitoCarta,MitoCarta pathway,both,TRUE,TRUE,16,16,0,NA,MitoCarta3.0 (Sheet 4) + legacy convention from 08_mitoPPS_analysis.R | MitoCarta pathway | both,Built from Sheet 4 with mt-* genes removed (legacy convention)
MITOCARTA_Q_LINKED_REACTIONS_OTHER,MitoCarta3.0 (Sheet 4) + legacy convention from 08_mitoPPS_analysis.R,primary,MitoCarta,MitoCarta pathway,gsva,FALSE,TRUE,11,11,0,NA,MitoCarta3.0 (Sheet 4) + legacy convention from 08_mitoPPS_analysis.R | MitoCarta pathway | gsva,Built from Sheet 4 with mt-* genes removed (legacy convention)
MITOCARTA_ROS_AND_GLUTATHIONE_METABOLISM,MitoCarta3.0 (Sheet 4) + legacy convention from 08_mitoPPS_analysis.R,primary,MitoCarta,MitoCarta pathway,both,TRUE,TRUE,27,25,2,NA,MitoCarta3.0 (Sheet 4) + legacy convention from 08_mitoPPS_analysis.R | MitoCarta pathway | both,Built from Sheet 4 with mt-* genes removed (legacy convention)
MITOCARTA_SELENOPROTEINS,MitoCarta3.0 (Sheet 4) + legacy convention from 08_mitoPPS_analysis.R,primary,MitoCarta,MitoCarta pathway,gsva,FALSE,TRUE,5,5,0,NA,MitoCarta3.0 (Sheet 4) + legacy convention from 08_mitoPPS_analysis.R | MitoCarta pathway | gsva,Built from Sheet 4 with mt-* genes removed (legacy convention)
MITOCARTA_SERINE_METABOLISM,MitoCarta3.0 (Sheet 4) + legacy convention from 08_mitoPPS_analysis.R,primary,MitoCarta,MitoCarta pathway,gsva,FALSE,TRUE,5,5,0,NA,MitoCarta3.0 (Sheet 4) + legacy convention from 08_mitoPPS_analysis.R | MitoCarta pathway | gsva,Built from Sheet 4 with mt-* genes removed (legacy convention)
MITOCARTA_SIDEROFLEXINS,MitoCarta3.0 (Sheet 4) + legacy convention from 08_mitoPPS_analysis.R,primary,MitoCarta,MitoCarta pathway,gsva,FALSE,TRUE,5,5,0,NA,MitoCarta3.0 (Sheet 4) + legacy convention from 08_mitoPPS_analysis.R | MitoCarta pathway | gsva,Built from Sheet 4 with mt-* genes removed (legacy convention)
MITOCARTA_SIGNALING,MitoCarta3.0 (Sheet 4) + legacy convention from 08_mitoPPS_analysis.R,primary,MitoCarta,MitoCarta pathway,both,TRUE,TRUE,47,45,2,NA,MitoCarta3.0 (Sheet 4) + legacy convention from 08_mitoPPS_analysis.R | MitoCarta pathway | both,Built from Sheet 4 with mt-* genes removed (legacy convention)
MITOCARTA_SLC25A_FAMILY,MitoCarta3.0 (Sheet 4) + legacy convention from 08_mitoPPS_analysis.R,primary,MitoCarta,MitoCarta pathway,both,TRUE,TRUE,51,51,1,NA,MitoCarta3.0 (Sheet 4) + legacy convention from 08_mitoPPS_analysis.R | MitoCarta pathway | both,Built from Sheet 4 with mt-* genes removed (legacy convention)
MITOCARTA_SMALL_MOLECULE_TRANSPORT,MitoCarta3.0 (Sheet 4) + legacy convention from 08_mitoPPS_analysis.R,primary,MitoCarta,MitoCarta pathway,both,TRUE,TRUE,85,85,1,NA,MitoCarta3.0 (Sheet 4) + legacy convention from 08_mitoPPS_analysis.R | MitoCarta pathway | both,Built from Sheet 4 with mt-* genes removed (legacy convention)
MITOCARTA_SULFUR_METABOLISM,MitoCarta3.0 (Sheet 4) + legacy convention from 08_mitoPPS_analysis.R,primary,MitoCarta,MitoCarta pathway,gsva,FALSE,TRUE,11,11,0,NA,MitoCarta3.0 (Sheet 4) + legacy convention from 08_mitoPPS_analysis.R | MitoCarta pathway | gsva,Built from Sheet 4 with mt-* genes removed (legacy convention)
MITOCARTA_TCA_CYCLE,MitoCarta3.0 (Sheet 4) + legacy convention from 08_mitoPPS_analysis.R,primary,MitoCarta,MitoCarta pathway,both,TRUE,TRUE,20,20,0,NA,MitoCarta3.0 (Sheet 4) + legacy convention from 08_mitoPPS_analysis.R | MitoCarta pathway | both,Built from Sheet 4 with mt-* genes removed (legacy convention)
MITOCARTA_TCA_ASSOCIATED,MitoCarta3.0 (Sheet 4) + legacy convention from 08_mitoPPS_analysis.R,primary,MitoCarta,MitoCarta pathway,both,TRUE,TRUE,15,15,0,NA,MitoCarta3.0 (Sheet 4) + legacy convention from 08_mitoPPS_analysis.R | MitoCarta pathway | both,Built from Sheet 4 with mt-* genes removed (legacy convention)
MITOCARTA_TIM23_PRESEQUENCE_PATHWAY,MitoCarta3.0 (Sheet 4) + legacy convention from 08_mitoPPS_analysis.R,primary,MitoCarta,MitoCarta pathway,gsva,FALSE,TRUE,6,7,0,NA,MitoCarta3.0 (Sheet 4) + legacy convention from 08_mitoPPS_analysis.R | MitoCarta pathway | gsva,Built from Sheet 4 with mt-* genes removed (legacy convention)
MITOCARTA_TOM,MitoCarta3.0 (Sheet 4) + legacy convention from 08_mitoPPS_analysis.R,primary,MitoCarta,MitoCarta pathway,gsva,FALSE,TRUE,9,8,1,NA,MitoCarta3.0 (Sheet 4) + legacy convention from 08_mitoPPS_analysis.R | MitoCarta pathway | gsva,Built from Sheet 4 with mt-* genes removed (legacy convention)
MITOCARTA_TRAFFICKING,MitoCarta3.0 (Sheet 4) + legacy convention from 08_mitoPPS_analysis.R,primary,MitoCarta,MitoCarta pathway,gsva,FALSE,TRUE,7,7,0,NA,MitoCarta3.0 (Sheet 4) + legacy convention from 08_mitoPPS_analysis.R | MitoCarta pathway | gsva,Built from Sheet 4 with mt-* genes removed (legacy convention)
MITOCARTA_TRANSCRIPTION,MitoCarta3.0 (Sheet 4) + legacy convention from 08_mitoPPS_analysis.R,primary,MitoCarta,MitoCarta pathway,gsva,FALSE,TRUE,9,8,0,NA,MitoCarta3.0 (Sheet 4) + legacy convention from 08_mitoPPS_analysis.R | MitoCarta pathway | gsva,Built from Sheet 4 with mt-* genes removed (legacy convention)
MITOCARTA_TRANSLATION,MitoCarta3.0 (Sheet 4) + legacy convention from 08_mitoPPS_analysis.R,primary,MitoCarta,MitoCarta pathway,both,TRUE,TRUE,155,151,4,NA,MitoCarta3.0 (Sheet 4) + legacy convention from 08_mitoPPS_analysis.R | MitoCarta pathway | both,Built from Sheet 4 with mt-* genes removed (legacy convention)
MITOCARTA_TRANSLATION_FACTORS,MitoCarta3.0 (Sheet 4) + legacy convention from 08_mitoPPS_analysis.R,primary,MitoCarta,MitoCarta pathway,both,TRUE,TRUE,16,15,1,NA,MitoCarta3.0 (Sheet 4) + legacy convention from 08_mitoPPS_analysis.R | MitoCarta pathway | both,Built from Sheet 4 with mt-* genes removed (legacy convention)
MITOCARTA_TYPE_II_FATTY_ACID_SYNTHESIS,MitoCarta3.0 (Sheet 4) + legacy convention from 08_mitoPPS_analysis.R,primary,MitoCarta,MitoCarta pathway,gsva,FALSE,TRUE,9,8,1,NA,MitoCarta3.0 (Sheet 4) + legacy convention from 08_mitoPPS_analysis.R | MitoCarta pathway | gsva,Built from Sheet 4 with mt-* genes removed (legacy convention)
MITOCARTA_UREA_CYCLE,MitoCarta3.0 (Sheet 4) + legacy convention from 08_mitoPPS_analysis.R,primary,MitoCarta,MitoCarta pathway,gsva,FALSE,TRUE,8,8,0,NA,MitoCarta3.0 (Sheet 4) + legacy convention from 08_mitoPPS_analysis.R | MitoCarta pathway | gsva,Built from Sheet 4 with mt-* genes removed (legacy convention)
MITOCARTA_VITAMIN_A_METABOLISM,MitoCarta3.0 (Sheet 4) + legacy convention from 08_mitoPPS_analysis.R,primary,MitoCarta,MitoCarta pathway,gsva,FALSE,TRUE,5,6,0,NA,MitoCarta3.0 (Sheet 4) + legacy convention from 08_mitoPPS_analysis.R | MitoCarta pathway | gsva,Built from Sheet 4 with mt-* genes removed (legacy convention)
MITOCARTA_VITAMIN_METABOLISM,MitoCarta3.0 (Sheet 4) + legacy convention from 08_mitoPPS_analysis.R,primary,MitoCarta,MitoCarta pathway,both,TRUE,TRUE,50,48,2,NA,MitoCarta3.0 (Sheet 4) + legacy convention from 08_mitoPPS_analysis.R | MitoCarta pathway | both,Built from Sheet 4 with mt-* genes removed (legacy convention)
MITOCARTA_XENOBIOTIC_METABOLISM,MitoCarta3.0 (Sheet 4) + legacy convention from 08_mitoPPS_analysis.R,primary,MitoCarta,MitoCarta pathway,both,TRUE,TRUE,23,22,1,NA,MitoCarta3.0 (Sheet 4) + legacy convention from 08_mitoPPS_analysis.R | MitoCarta pathway | both,Built from Sheet 4 with mt-* genes removed (legacy convention)
MYC_ALFANO_MYC_TARGETS,Felsher MYC compendium GMX (myc_mouse snapshot),primary,MYC_signatures,Felsher compendium,both,TRUE,TRUE,226,227,0,NA,Felsher MYC compendium GMX (myc_mouse snapshot) | Felsher compendium | both,Extracted verbatim from data/raw/from_myc_mouse/gene_sets_list.rds; snapshot used deframe() lookup so paralog coverage may be partial — see drift report in console
MYC_BILD_MYC_ONCOGENIC_SIGNATURE,Felsher MYC compendium GMX (myc_mouse snapshot),primary,MYC_signatures,Felsher compendium,both,TRUE,TRUE,173,195,0,NA,Felsher MYC compendium GMX (myc_mouse snapshot) | Felsher compendium | both,Extracted verbatim from data/raw/from_myc_mouse/gene_sets_list.rds; snapshot used deframe() lookup so paralog coverage may be partial — see drift report in console
MYC_COLLER_MYC_TARGETS_UP,Felsher MYC compendium GMX (myc_mouse snapshot),primary,MYC_signatures,Felsher compendium,both,TRUE,TRUE,23,25,0,NA,Felsher MYC compendium GMX (myc_mouse snapshot) | Felsher compendium | both,Extracted verbatim from data/raw/from_myc_mouse/gene_sets_list.rds; snapshot used deframe() lookup so paralog coverage may be partial — see drift report in console
MYC_dang_myc_core_genes,Felsher MYC compendium GMX (myc_mouse snapshot),primary,MYC_signatures,Felsher compendium,both,TRUE,TRUE,48,48,0,NA,Felsher MYC compendium GMX (myc_mouse snapshot) | Felsher compendium | both,Extracted verbatim from data/raw/from_myc_mouse/gene_sets_list.rds; snapshot used deframe() lookup so paralog coverage may be partial — see drift report in console
MYC_DANG_MYC_TARGETS_UP,Felsher MYC compendium GMX (myc_mouse snapshot),primary,MYC_signatures,Felsher compendium,both,TRUE,TRUE,132,134,0,NA,Felsher MYC compendium GMX (myc_mouse snapshot) | Felsher compendium | both,Extracted verbatim from data/raw/from_myc_mouse/gene_sets_list.rds; snapshot used deframe() lookup so paralog coverage may be partial — see drift report in console
MYC_DANG_REGULATED_BY_MYC_UP,Felsher MYC compendium GMX (myc_mouse snapshot),primary,MYC_signatures,Felsher compendium,both,TRUE,TRUE,69,71,0,NA,Felsher MYC compendium GMX (myc_mouse snapshot) | Felsher compendium | both,Extracted verbatim from data/raw/from_myc_mouse/gene_sets_list.rds; snapshot used deframe() lookup so paralog coverage may be partial — see drift report in console
MYC_ELLWOOD_MYC_TARGETS_UP,Felsher MYC compendium GMX (myc_mouse snapshot),primary,MYC_signatures,Felsher compendium,gsva,FALSE,TRUE,12,12,0,NA,Felsher MYC compendium GMX (myc_mouse snapshot) | Felsher compendium | gsva,Extracted verbatim from data/raw/from_myc_mouse/gene_sets_list.rds; snapshot used deframe() lookup so paralog coverage may be partial — see drift report in console
MYC_jung_myc_activity_signature,Felsher MYC compendium GMX (myc_mouse snapshot),primary,MYC_signatures,Felsher compendium,both,TRUE,TRUE,17,17,0,NA,Felsher MYC compendium GMX (myc_mouse snapshot) | Felsher compendium | both,Extracted verbatim from data/raw/from_myc_mouse/gene_sets_list.rds; snapshot used deframe() lookup so paralog coverage may be partial — see drift report in console
MYC_MENSSEN_MYC_TARGETS,Felsher MYC compendium GMX (myc_mouse snapshot),primary,MYC_signatures,Felsher compendium,both,TRUE,TRUE,45,46,0,NA,Felsher MYC compendium GMX (myc_mouse snapshot) | Felsher compendium | both,Extracted verbatim from data/raw/from_myc_mouse/gene_sets_list.rds; snapshot used deframe() lookup so paralog coverage may be partial — see drift report in console
MYC_PID_MYC_ACTIV_PATHWAY,Felsher MYC compendium GMX (myc_mouse snapshot),primary,MYC_signatures,Felsher compendium,both,TRUE,TRUE,74,75,0,NA,Felsher MYC compendium GMX (myc_mouse snapshot) | Felsher compendium | both,Extracted verbatim from data/raw/from_myc_mouse/gene_sets_list.rds; snapshot used deframe() lookup so paralog coverage may be partial — see drift report in console
MYC_PID_MYC_PATHWAY,Felsher MYC compendium GMX (myc_mouse snapshot),primary,MYC_signatures,Felsher compendium,both,TRUE,TRUE,23,23,0,NA,Felsher MYC compendium GMX (myc_mouse snapshot) | Felsher compendium | both,Extracted verbatim from data/raw/from_myc_mouse/gene_sets_list.rds; snapshot used deframe() lookup so paralog coverage may be partial — see drift report in console
MYC_SCHUHMACHER_MYC_TARGETS_UP,Felsher MYC compendium GMX (myc_mouse snapshot),primary,MYC_signatures,Felsher compendium,both,TRUE,TRUE,74,75,0,NA,Felsher MYC compendium GMX (myc_mouse snapshot) | Felsher compendium | both,Extracted verbatim from data/raw/from_myc_mouse/gene_sets_list.rds; snapshot used deframe() lookup so paralog coverage may be partial — see drift report in console
MYC_YU_MYC_TARGETS_UP,Felsher MYC compendium GMX (myc_mouse snapshot),primary,MYC_signatures,Felsher compendium,both,TRUE,TRUE,39,39,0,NA,Felsher MYC compendium GMX (myc_mouse snapshot) | Felsher compendium | both,Extracted verbatim from data/raw/from_myc_mouse/gene_sets_list.rds; snapshot used deframe() lookup so paralog coverage may be partial — see drift report in console
MYC_MYC_UP.V1_UP,Felsher MYC compendium GMX (myc_mouse snapshot),primary,MYC_signatures,Felsher compendium,both,TRUE,TRUE,159,161,0,NA,Felsher MYC compendium GMX (myc_mouse snapshot) | Felsher compendium | both,Extracted verbatim from data/raw/from_myc_mouse/gene_sets_list.rds; snapshot used deframe() lookup so paralog coverage may be partial — see drift report in console
MYC_MUHAR_MYC_SIGNATURE,Felsher MYC compendium GMX (myc_mouse snapshot),primary,MYC_signatures,Felsher compendium,both,TRUE,TRUE,88,89,0,NA,Felsher MYC compendium GMX (myc_mouse snapshot) | Felsher compendium | both,Extracted verbatim from data/raw/from_myc_mouse/gene_sets_list.rds; snapshot used deframe() lookup so paralog coverage may be partial — see drift report in console
MYC_HALLMARK_MYC_TARGETS_V2,Felsher MYC compendium GMX (myc_mouse snapshot),primary,MYC_signatures,Felsher compendium,both,TRUE,TRUE,54,54,0,NA,Felsher MYC compendium GMX (myc_mouse snapshot) | Felsher compendium | both,Extracted verbatim from data/raw/from_myc_mouse/gene_sets_list.rds; snapshot used deframe() lookup so paralog coverage may be partial — see drift report in console
MYC_felsher_integrative_signature,Felsher integrative signature (myc_mouse snapshot),primary,MYC_signatures,Felsher integrative,both,TRUE,TRUE,61,62,0,NA,Felsher integrative signature (myc_mouse snapshot) | Felsher integrative | both,Extracted verbatim from data/raw/from_myc_mouse/gene_sets_list.rds; snapshot used deframe() lookup so paralog coverage may be partial — see drift report in console
MG_ALV_C0_GARCIASOLA,GARCIASOLA,mammary_atlas,Mammary_development,0,both,TRUE,TRUE,200,158,41,NA,Garcia-Sola-et-al 2021 Alv-trajectory cluster markers | Suppl3 | integrated | both,NA
MG_ALV_C10_GARCIASOLA,GARCIASOLA,mammary_atlas,Mammary_development,10,both,TRUE,TRUE,200,167,35,NA,Garcia-Sola-et-al 2021 Alv-trajectory cluster markers | Suppl3 | integrated | both,NA
MG_ALV_C1_GARCIASOLA,GARCIASOLA,mammary_atlas,Mammary_development,1,both,TRUE,TRUE,200,161,41,NA,Garcia-Sola-et-al 2021 Alv-trajectory cluster markers | Suppl3 | integrated | both,NA
MG_ALV_C2_GARCIASOLA,GARCIASOLA,mammary_atlas,Mammary_development,2,both,TRUE,TRUE,200,187,15,NA,Garcia-Sola-et-al 2021 Alv-trajectory cluster markers | Suppl3 | integrated | both,NA
MG_ALV_C3_GARCIASOLA,GARCIASOLA,mammary_atlas,Mammary_development,3,both,TRUE,TRUE,200,167,35,NA,Garcia-Sola-et-al 2021 Alv-trajectory cluster markers | Suppl3 | integrated | both,NA
MG_ALV_C4_GARCIASOLA,GARCIASOLA,mammary_atlas,Mammary_development,4,both,TRUE,TRUE,200,183,19,NA,Garcia-Sola-et-al 2021 Alv-trajectory cluster markers | Suppl3 | integrated | both,NA
MG_ALV_C5_GARCIASOLA,GARCIASOLA,mammary_atlas,Mammary_development,5,both,TRUE,TRUE,200,168,34,NA,Garcia-Sola-et-al 2021 Alv-trajectory cluster markers | Suppl3 | integrated | both,NA
MG_ALV_C6_GARCIASOLA,GARCIASOLA,mammary_atlas,Mammary_development,6,both,TRUE,TRUE,200,182,16,NA,Garcia-Sola-et-al 2021 Alv-trajectory cluster markers | Suppl3 | integrated | both,NA
MG_ALV_C7_GARCIASOLA,GARCIASOLA,mammary_atlas,Mammary_development,7,both,TRUE,TRUE,200,182,19,NA,Garcia-Sola-et-al 2021 Alv-trajectory cluster markers | Suppl3 | integrated | both,NA
MG_ALV_C8_GARCIASOLA,GARCIASOLA,mammary_atlas,Mammary_development,8,both,TRUE,TRUE,200,182,20,NA,Garcia-Sola-et-al 2021 Alv-trajectory cluster markers | Suppl3 | integrated | both,NA
MG_ALV_C9_GARCIASOLA,GARCIASOLA,mammary_atlas,Mammary_development,9,both,TRUE,TRUE,200,177,27,NA,Garcia-Sola-et-al 2021 Alv-trajectory cluster markers | Suppl3 | integrated | both,NA
MG_ALV_SAEKI_GSVA,SAEKI,mammary_atlas,Mammary_development,Luminal alveolar (S2 pseudotime),gsva,TRUE,TRUE,500,453,50,NA,Saeki-et-al 2021 scGSVA differentiation-status signatures | Suppl6 | integrated | gsva,NA
MG_AP_GRAY,GRAY,mammary_atlas,Mammary_development,Alveolar progenitor,gsva,TRUE,TRUE,120,112,9,NA,Gray-Brugge major type signature set | Suppl1 | adult | gsva,NA
MG_BASALPRO_SAEKI,SAEKI,mammary_atlas,Mammary_development,MaSC/basal progenitor,both,TRUE,TRUE,230,208,26,NA,Saeki-et-al 2021 integrated cluster markers | Suppl4 | integrated | both,NA
MG_BASAL_BALANCER_GIRADDI,GIRADDI,mammary_atlas,Mammary_development,Basal balancer signature,gsva,FALSE,TRUE,937,876,68,NA,Giraddi-et-al 2018 NMF signature | Suppl3 | adult | gsva,NA
MG_BASAL_BASAL_GARCIASOLA,GARCIASOLA,mammary_atlas,Mammary_development,Basal_Basal,both,TRUE,TRUE,200,187,14,NA,Garcia-Sola-et-al 2021 cell-type cluster markers | Suppl1 | integrated | both,NA
MG_BASAL_CD61NEG_HENRY,HENRY,mammary_atlas,Mammary_development,Basal CD61- MECs,both,TRUE,TRUE,63,50,13,NA,Henry-et-al 2021 consensus lineage signatures | Suppl1 | adult | both,NA
MG_BASAL_CD61POS_HENRY,HENRY,mammary_atlas,Mammary_development,Basal CD61+ MECs,both,TRUE,TRUE,46,44,3,NA,Henry-et-al 2021 consensus lineage signatures | Suppl1 | adult | both,NA
MG_BASAL_CLOSED_CHUNG_ATAC,CHUNG,mammary_atlas,Mammary_development,Basal_closed,gsva,TRUE,TRUE,100,93,9,NA,Chung-et-al 2019 ATAC-seq cluster-specific open/closed genes | Suppl3 | developmental | gsva,NA
MG_BASAL_GIRADDI,GIRADDI,mammary_atlas,Mammary_development,Adult basal NMF signature,gsva,TRUE,TRUE,187,168,20,NA,Giraddi-et-al 2018 NMF signature | Suppl3 | adult | gsva,NA
MG_BASAL_GRAY,GRAY,mammary_atlas,Mammary_development,Basal,gsva,FALSE,TRUE,603,559,46,NA,Gray-Brugge major type signature set | Suppl1 | adult | gsva,NA
MG_BASAL_MYOEPITHELIAL_GARCIASOLA,GARCIASOLA,mammary_atlas,Mammary_development,Basal_Myoepithelial,both,TRUE,TRUE,200,182,19,NA,Garcia-Sola-et-al 2021 cell-type cluster markers | Suppl1 | integrated | both,NA
MG_BASAL_OPEN_CHUNG_ATAC,CHUNG,mammary_atlas,Mammary_development,Basal_open,gsva,TRUE,TRUE,300,278,22,NA,Chung-et-al 2019 ATAC-seq cluster-specific open/closed genes | Suppl3 | developmental | gsva,NA
MG_BASAL_PAL2017,PAL2017,mammary_atlas,Mammary_development,Basal,both,TRUE,TRUE,200,183,17,NA,Pal-Visvader-2017 Basal-Luminal signature set | Suppl3 | adult | both,NA
MG_BASAL_PAL2017_CIV,PAL2017,mammary_atlas,Mammary_development,Basal,both,TRUE,TRUE,26,26,0,NA,Pal-Visvader-2017 Adult-Pubertal clusters signature set | Suppl4 | adult | both,NA
MG_BASAL_PAL2017_CVI,PAL2017,mammary_atlas,Mammary_development,Basal,both,TRUE,TRUE,43,43,0,NA,Pal-Visvader-2017 Adult-Pubertal clusters signature set | Suppl4 | pubertal | both,NA
MG_BASAL_PAL2017_CVII,PAL2017,mammary_atlas,Mammary_development,Basal,both,TRUE,TRUE,30,29,1,NA,Pal-Visvader-2017 Adult-Pubertal clusters signature set | Suppl4 | adult | both,NA
MG_BASAL_SAEKI,SAEKI,mammary_atlas,Mammary_development,Basal,both,TRUE,TRUE,303,279,26,NA,Saeki-et-al 2021 integrated cluster markers | Suppl4 | integrated | both,NA
MG_BASAL_SAEKI_GSVA,SAEKI,mammary_atlas,Mammary_development,Basal (S4 pseudotime),gsva,TRUE,TRUE,240,220,23,NA,Saeki-et-al 2021 scGSVA differentiation-status signatures | Suppl6 | integrated | gsva,NA
MG_BMYO_CONSENSUS,CONSENSUS,mammary_atlas,Mammary_development,BASAL consensus (BMYO),both,TRUE,TRUE,195,181,15,NA,"Cross-source majority-vote consensus (>= 3/6 sources) | mature BASAL state -> BMYO (Gray-2025 vocabulary, doi:10.1016/j.devcel.2025.06.032) | sources: GARCIASOLA, GIRADDI, GRAY, HENRY, PAL2017, SAEKI | both",NA
MG_CLUSTER6_OPEN_CHUNG_ATAC,CHUNG,mammary_atlas,Mammary_development,Cluster6_open,gsva,TRUE,TRUE,50,48,2,NA,Chung-et-al 2019 ATAC-seq cluster-specific open/closed genes | Suppl3 | developmental | gsva,NA
MG_CLUSTER_1_SCHEELE,SCHEELE,mammary_atlas,Mammary_development,StemID cluster 1 (hormone-sensing),gsva,TRUE,TRUE,137,122,16,NA,Scheele-et-al 2017 StemID pubertal cluster markers | Suppl1 | pubertal | gsva,NA
MG_CLUSTER_2_SCHEELE,SCHEELE,mammary_atlas,Mammary_development,StemID cluster 2 (alveolar),gsva,TRUE,TRUE,45,39,6,NA,Scheele-et-al 2017 StemID pubertal cluster markers | Suppl1 | pubertal | gsva,NA
MG_CLUSTER_3_SCHEELE,SCHEELE,mammary_atlas,Mammary_development,StemID cluster 3 (alveolar),gsva,TRUE,TRUE,113,86,27,NA,Scheele-et-al 2017 StemID pubertal cluster markers | Suppl1 | pubertal | gsva,NA
MG_CLUSTER_4_SCHEELE,SCHEELE,mammary_atlas,Mammary_development,StemID cluster 4 (stromal),gsva,TRUE,TRUE,182,169,14,NA,Scheele-et-al 2017 StemID pubertal cluster markers | Suppl1 | pubertal | gsva,NA
MG_CLUSTER_5_SCHEELE,SCHEELE,mammary_atlas,Mammary_development,StemID cluster 5 (luminal),gsva,TRUE,TRUE,47,44,3,NA,Scheele-et-al 2017 StemID pubertal cluster markers | Suppl1 | pubertal | gsva,NA
MG_CLUSTER_6_SCHEELE,SCHEELE,mammary_atlas,Mammary_development,StemID cluster 6 (basal),gsva,TRUE,TRUE,26,20,6,NA,Scheele-et-al 2017 StemID pubertal cluster markers | Suppl1 | pubertal | gsva,NA
MG_CLUSTER_7_SCHEELE,SCHEELE,mammary_atlas,Mammary_development,StemID cluster 7 (proliferating),gsva,TRUE,TRUE,109,101,10,NA,Scheele-et-al 2017 StemID pubertal cluster markers | Suppl1 | pubertal | gsva,NA
MG_CLUSTER_8_SCHEELE,SCHEELE,mammary_atlas,Mammary_development,StemID cluster 8 (mixed/secretory),gsva,TRUE,TRUE,38,25,13,NA,Scheele-et-al 2017 StemID pubertal cluster markers | Suppl1 | pubertal | gsva,NA
MG_CLUSTER_9_SCHEELE,SCHEELE,mammary_atlas,Mammary_development,StemID cluster 9 (basal),gsva,TRUE,TRUE,42,39,3,NA,Scheele-et-al 2017 StemID pubertal cluster markers | Suppl1 | pubertal | gsva,NA
MG_CLUSTER_III_PAL2017,PAL2017,mammary_atlas,Mammary_development,Timeline cluster III,both,FALSE,TRUE,14,12,2,NA,Pal-Visvader 2017 all timeline cluster signatures | Suppl2 | embryonic/pubertal | both,NA
MG_CLUSTER_II_PAL2017,PAL2017,mammary_atlas,Mammary_development,Timeline cluster II,both,TRUE,TRUE,41,38,3,NA,Pal-Visvader 2017 all timeline cluster signatures | Suppl2 | embryonic | both,NA
MG_CLUSTER_IV_PAL2017,PAL2017,mammary_atlas,Mammary_development,Timeline cluster IV,both,TRUE,TRUE,38,36,2,NA,Pal-Visvader 2017 all timeline cluster signatures | Suppl2 | pubertal | both,NA
MG_CLUSTER_I_PAL2017,PAL2017,mammary_atlas,Mammary_development,Timeline cluster I,both,FALSE,TRUE,8,8,0,NA,Pal-Visvader 2017 all timeline cluster signatures | Suppl2 | embryonic | both,NA
MG_CLUSTER_VI_PAL2017,PAL2017,mammary_atlas,Mammary_development,Timeline cluster VI,both,TRUE,TRUE,23,18,5,NA,Pal-Visvader 2017 all timeline cluster signatures | Suppl2 | adult/pregnancy | both,NA
MG_CLUSTER_V_PAL2017,PAL2017,mammary_atlas,Mammary_development,Timeline cluster V,both,TRUE,TRUE,29,27,2,NA,Pal-Visvader 2017 all timeline cluster signatures | Suppl2 | adult | both,NA
MG_FETAL_BA_LIKE_OPEN_CHUNG_ATAC,CHUNG,mammary_atlas,Mammary_development,fetal_Ba-like_open,gsva,TRUE,TRUE,46,44,2,NA,Chung-et-al 2019 ATAC-seq cluster-specific open/closed genes | Suppl3 | developmental | gsva,NA
MG_FETAL_CLOSED_CHUNG_ATAC,CHUNG,mammary_atlas,Mammary_development,Fetal_closed,gsva,TRUE,TRUE,300,280,24,NA,Chung-et-al 2019 ATAC-seq cluster-specific open/closed genes | Suppl3 | developmental | gsva,NA
MG_FETAL_LP_LIKE_OPEN_CHUNG_ATAC,CHUNG,mammary_atlas,Mammary_development,fetal_LP-like_open,gsva,TRUE,TRUE,19,17,2,NA,Chung-et-al 2019 ATAC-seq cluster-specific open/closed genes | Suppl3 | developmental | gsva,NA
MG_FETAL_OPEN_CHUNG_ATAC,CHUNG,mammary_atlas,Mammary_development,Fetal_open,gsva,TRUE,TRUE,300,282,19,NA,Chung-et-al 2019 ATAC-seq cluster-specific open/closed genes | Suppl3 | developmental | gsva,NA
MG_FMASC_5A_GIRADDI,GIRADDI,mammary_atlas,Mammary_development,fMaSC subcluster 5a (Group 5a),gsva,FALSE,TRUE,1253,1172,88,NA,Giraddi-et-al 2018 NMF signature | Suppl3 | embryonic | gsva,NA
MG_FMASC_5B_GIRADDI,GIRADDI,mammary_atlas,Mammary_development,fMaSC subcluster 5b (Group 5b),gsva,FALSE,TRUE,683,622,66,NA,Giraddi-et-al 2018 NMF signature | Suppl3 | embryonic | gsva,NA
MG_FMASC_GIRADDI,GIRADDI,mammary_atlas,Mammary_development,fMaSC NMF signature,gsva,FALSE,TRUE,857,796,64,NA,Giraddi-et-al 2018 NMF signature | Suppl3 | embryonic | gsva,NA
MG_HEVSLE_AP_GRAY_DN,GRAY,mammary_atlas,Mammary_development,HE vs LE (AP),both,TRUE,TRUE,150,127,26,NA,Gray-Brugge lineage subtype signature set | Suppl2 | adult | both,NA
MG_HEVSLE_AP_GRAY_UP,GRAY,mammary_atlas,Mammary_development,HE vs LE (AP),both,TRUE,TRUE,150,136,14,NA,Gray-Brugge lineage subtype signature set | Suppl2 | adult | both,NA
MG_HEVSLE_BA_GRAY_DN,GRAY,mammary_atlas,Mammary_development,HE vs LE (BA),both,TRUE,TRUE,150,137,13,NA,Gray-Brugge lineage subtype signature set | Suppl2 | adult | both,NA
MG_HEVSLE_BA_GRAY_UP,GRAY,mammary_atlas,Mammary_development,HE vs LE (BA),both,TRUE,TRUE,150,138,12,NA,Gray-Brugge lineage subtype signature set | Suppl2 | adult | both,NA
MG_HEVSLE_HS_GRAY_DN,GRAY,mammary_atlas,Mammary_development,HE vs LE (HS),both,TRUE,TRUE,150,114,38,NA,Gray-Brugge lineage subtype signature set | Suppl2 | adult | both,NA
MG_HEVSLE_HS_GRAY_UP,GRAY,mammary_atlas,Mammary_development,HE vs LE (HS),both,TRUE,TRUE,150,132,17,NA,Gray-Brugge lineage subtype signature set | Suppl2 | adult | both,NA
MG_HOR_SAEKI_GSVA,SAEKI,mammary_atlas,Mammary_development,Luminal hormone-sensing (S1 pseudotime),gsva,TRUE,TRUE,200,174,29,NA,Saeki-et-al 2021 scGSVA differentiation-status signatures | Suppl6 | integrated | gsva,NA
MG_HS_C0_GARCIASOLA,GARCIASOLA,mammary_atlas,Mammary_development,0,both,TRUE,TRUE,200,157,44,NA,Garcia-Sola-et-al 2021 HS-trajectory cluster markers | Suppl2 | integrated | both,NA
MG_HS_C1_GARCIASOLA,GARCIASOLA,mammary_atlas,Mammary_development,1,both,TRUE,TRUE,200,157,47,NA,Garcia-Sola-et-al 2021 HS-trajectory cluster markers | Suppl2 | integrated | both,NA
MG_HS_C2_GARCIASOLA,GARCIASOLA,mammary_atlas,Mammary_development,2,both,TRUE,TRUE,186,159,32,NA,Garcia-Sola-et-al 2021 HS-trajectory cluster markers | Suppl2 | integrated | both,NA
MG_HS_C3_GARCIASOLA,GARCIASOLA,mammary_atlas,Mammary_development,3,both,TRUE,TRUE,200,174,24,NA,Garcia-Sola-et-al 2021 HS-trajectory cluster markers | Suppl2 | integrated | both,NA
MG_HS_C4_GARCIASOLA,GARCIASOLA,mammary_atlas,Mammary_development,4,both,TRUE,TRUE,200,185,17,NA,Garcia-Sola-et-al 2021 HS-trajectory cluster markers | Suppl2 | integrated | both,NA
MG_HS_C5_GARCIASOLA,GARCIASOLA,mammary_atlas,Mammary_development,5,both,TRUE,TRUE,200,178,24,NA,Garcia-Sola-et-al 2021 HS-trajectory cluster markers | Suppl2 | integrated | both,NA
MG_HS_C6_GARCIASOLA,GARCIASOLA,mammary_atlas,Mammary_development,6,both,TRUE,TRUE,200,169,33,NA,Garcia-Sola-et-al 2021 HS-trajectory cluster markers | Suppl2 | integrated | both,NA
MG_HS_C7_GARCIASOLA,GARCIASOLA,mammary_atlas,Mammary_development,7,both,TRUE,TRUE,200,181,20,NA,Garcia-Sola-et-al 2021 HS-trajectory cluster markers | Suppl2 | integrated | both,NA
MG_HS_C8_GARCIASOLA,GARCIASOLA,mammary_atlas,Mammary_development,8,both,TRUE,TRUE,200,184,20,NA,Garcia-Sola-et-al 2021 HS-trajectory cluster markers | Suppl2 | integrated | both,NA
MG_HS_C9_GARCIASOLA,GARCIASOLA,mammary_atlas,Mammary_development,9,both,TRUE,TRUE,200,180,25,NA,Garcia-Sola-et-al 2021 HS-trajectory cluster markers | Suppl2 | integrated | both,NA
MG_HS_GRAY,GRAY,mammary_atlas,Mammary_development,Hormone-sensing,gsva,FALSE,TRUE,556,467,90,NA,Gray-Brugge major type signature set | Suppl1 | adult | gsva,NA
MG_IMMUNE_GIRADDI,GIRADDI,mammary_atlas,Mammary_development,Immune NMF signature,gsva,TRUE,TRUE,282,257,22,NA,Giraddi-et-al 2018 NMF signature | Suppl3 | developmental | gsva,NA
MG_INMUNO_GARCIASOLA,GARCIASOLA,mammary_atlas,Mammary_development,Inmuno,both,TRUE,TRUE,200,176,26,NA,Garcia-Sola-et-al 2021 cell-type cluster markers | Suppl1 | integrated | both,NA
MG_LALV_SAEKI,SAEKI,mammary_atlas,Mammary_development,Luminal alveolar (mature),both,TRUE,TRUE,212,193,19,NA,Saeki-et-al 2021 integrated cluster markers | Suppl4 | integrated | both,NA
MG_LAPRO_SAEKI,SAEKI,mammary_atlas,Mammary_development,Luminal alveolar progenitor,both,TRUE,TRUE,232,208,26,NA,Saeki-et-al 2021 integrated cluster markers | Suppl4 | integrated | both,NA
MG_LASP_CONSENSUS,CONSENSUS,mammary_atlas,Mammary_development,ALV consensus (LASP),both,TRUE,TRUE,222,201,20,NA,"Cross-source majority-vote consensus (>= 2/4 sources) | mature ALV state -> LASP (Gray-2025 vocabulary, doi:10.1016/j.devcel.2025.06.032) | sources: GARCIASOLA, GRAY, HENRY, SAEKI | both",NA
MG_LHOR_SAEKI,SAEKI,mammary_atlas,Mammary_development,Luminal hormone-sensing (mature),both,TRUE,TRUE,215,187,27,NA,Saeki-et-al 2021 integrated cluster markers | Suppl4 | integrated | both,NA
MG_LHPRO_SAEKI,SAEKI,mammary_atlas,Mammary_development,Luminal hormone-sensing progenitor,both,TRUE,TRUE,210,189,24,NA,Saeki-et-al 2021 integrated cluster markers | Suppl4 | integrated | both,NA
MG_LHS_CONSENSUS,CONSENSUS,mammary_atlas,Mammary_development,HR consensus (LHS),both,TRUE,TRUE,254,231,23,NA,"Cross-source majority-vote consensus (>= 2/4 sources) | mature HR state -> LHS (Gray-2025 vocabulary, doi:10.1016/j.devcel.2025.06.032) | sources: GARCIASOLA, GRAY, HENRY, SAEKI | force-included: Esr1 | both",NA
MG_LP_CLOSED_CHUNG_ATAC,CHUNG,mammary_atlas,Mammary_development,LP_closed,gsva,TRUE,TRUE,300,275,26,NA,Chung-et-al 2019 ATAC-seq cluster-specific open/closed genes | Suppl3 | developmental | gsva,NA
MG_LP_OPEN_CHUNG_ATAC,CHUNG,mammary_atlas,Mammary_development,LP_open,gsva,TRUE,TRUE,300,284,16,NA,Chung-et-al 2019 ATAC-seq cluster-specific open/closed genes | Suppl3 | developmental | gsva,NA
MG_LP_PAL2017_CIII,PAL2017,mammary_atlas,Mammary_development,Luminal progenitor (CD55+),both,TRUE,TRUE,15,15,0,NA,Pal-Visvader-2017 Adult-Pubertal clusters signature set | Suppl4 | pubertal | both,NA
MG_LUMINAL_ALVPROG_GARCIASOLA,GARCIASOLA,mammary_atlas,Mammary_development,Luminal_AlvProg,both,TRUE,TRUE,200,171,30,NA,Garcia-Sola-et-al 2021 cell-type cluster markers | Suppl1 | integrated | both,NA
MG_LUMINAL_ALVSEC_GARCIASOLA,GARCIASOLA,mammary_atlas,Mammary_development,Luminal_AlvSec,both,TRUE,TRUE,200,169,32,NA,Garcia-Sola-et-al 2021 cell-type cluster markers | Suppl1 | integrated | both,NA
MG_LUMINAL_BALANCER_GIRADDI,GIRADDI,mammary_atlas,Mammary_development,Luminal balancer signature,gsva,TRUE,TRUE,477,440,38,NA,Giraddi-et-al 2018 NMF signature | Suppl3 | adult | gsva,NA
MG_LUMINAL_CD133NEG_HENRY,HENRY,mammary_atlas,Mammary_development,Luminal CD133- MECs,both,TRUE,TRUE,48,38,11,NA,Henry-et-al 2021 consensus lineage signatures | Suppl1 | adult | both,NA
MG_LUMINAL_CD133POS_HENRY,HENRY,mammary_atlas,Mammary_development,Luminal CD133+ MECs,both,TRUE,TRUE,40,35,4,NA,Henry-et-al 2021 consensus lineage signatures | Suppl1 | adult | both,NA
MG_LUMINAL_CD61POS_HENRY,HENRY,mammary_atlas,Mammary_development,Luminal CD61+ MECs,both,TRUE,TRUE,63,59,5,NA,Henry-et-al 2021 consensus lineage signatures | Suppl1 | adult | both,NA
MG_LUMINAL_GIRADDI,GIRADDI,mammary_atlas,Mammary_development,Adult luminal NMF signature,gsva,TRUE,TRUE,303,272,31,NA,Giraddi-et-al 2018 NMF signature | Suppl3 | adult | gsva,NA
MG_LUMINAL_HORMSENSDIF_GARCIASOLA,GARCIASOLA,mammary_atlas,Mammary_development,Luminal_HormSensDif,both,TRUE,TRUE,200,178,22,NA,Garcia-Sola-et-al 2021 cell-type cluster markers | Suppl1 | integrated | both,NA
MG_LUMINAL_HORMSENSINT_GARCIASOLA,GARCIASOLA,mammary_atlas,Mammary_development,Luminal_HormSensInt,both,TRUE,TRUE,200,179,23,NA,Garcia-Sola-et-al 2021 cell-type cluster markers | Suppl1 | integrated | both,NA
MG_LUMINAL_HORMSENSPROG_GARCIASOLA,GARCIASOLA,mammary_atlas,Mammary_development,Luminal_HormSensProg,both,TRUE,TRUE,200,181,20,NA,Garcia-Sola-et-al 2021 cell-type cluster markers | Suppl1 | integrated | both,NA
MG_LUMINAL_PAL2017,PAL2017,mammary_atlas,Mammary_development,Luminal,both,TRUE,TRUE,200,182,19,NA,Pal-Visvader-2017 Basal-Luminal signature set | Suppl3 | adult | both,NA
MG_LUMINAL_PAL2017_CI,PAL2017,mammary_atlas,Mammary_development,Luminal (Luminal1),both,TRUE,TRUE,31,28,3,NA,Pal-Visvader-2017 Adult-Pubertal clusters signature set | Suppl4 | pubertal | both,NA
MG_LUMINAL_PAL2017_CII,PAL2017,mammary_atlas,Mammary_development,Luminal (Luminal2),both,TRUE,TRUE,23,20,3,NA,Pal-Visvader-2017 Adult-Pubertal clusters signature set | Suppl4 | adult | both,NA
MG_LUMINAL_PROGENITOR_GARCIASOLA,GARCIASOLA,mammary_atlas,Mammary_development,Luminal_Progenitor,both,TRUE,TRUE,200,184,16,NA,Garcia-Sola-et-al 2021 cell-type cluster markers | Suppl1 | integrated | both,NA
MG_MASC_CD1DPOS_HENRY,HENRY,mammary_atlas,Mammary_development,CD1d+ MaSCs,both,TRUE,TRUE,63,48,15,NA,Henry-et-al 2021 consensus lineage signatures | Suppl1 | adult | both,NA
MG_MATRIX_GIRADDI,GIRADDI,mammary_atlas,Mammary_development,Matrix (stromal) NMF signature,gsva,TRUE,TRUE,259,248,11,NA,Giraddi-et-al 2018 NMF signature | Suppl3 | developmental | gsva,NA
MG_MEC_C10_HENRY,HENRY,mammary_atlas,Mammary_development,mEC cluster 10 (luminal alveolar),both,TRUE,TRUE,199,181,19,NA,Henry-et-al 2021 mEC cluster markers | Suppl2 | adult | both,NA
MG_MEC_C11_HENRY,HENRY,mammary_atlas,Mammary_development,mEC cluster 11,both,TRUE,TRUE,32,26,6,NA,Henry-et-al 2021 mEC cluster markers | Suppl2 | adult | both,NA
MG_MEC_C12_HENRY,HENRY,mammary_atlas,Mammary_development,mEC cluster 12,both,TRUE,TRUE,200,176,29,NA,Henry-et-al 2021 mEC cluster markers | Suppl2 | adult | both,NA
MG_MEC_C13_HENRY,HENRY,mammary_atlas,Mammary_development,mEC cluster 13,both,TRUE,TRUE,200,188,12,NA,Henry-et-al 2021 mEC cluster markers | Suppl2 | adult | both,NA
MG_MEC_C14_HENRY,HENRY,mammary_atlas,Mammary_development,mEC cluster 14,both,TRUE,TRUE,200,181,18,NA,Henry-et-al 2021 mEC cluster markers | Suppl2 | adult | both,NA
MG_MEC_C15_HENRY,HENRY,mammary_atlas,Mammary_development,mEC cluster 15,both,TRUE,TRUE,157,141,18,NA,Henry-et-al 2021 mEC cluster markers | Suppl2 | adult | both,NA
MG_MEC_C1_HENRY,HENRY,mammary_atlas,Mammary_development,mEC cluster 1 (basal),both,TRUE,TRUE,200,180,21,NA,Henry-et-al 2021 mEC cluster markers | Suppl2 | adult | both,NA
MG_MEC_C2_HENRY,HENRY,mammary_atlas,Mammary_development,mEC cluster 2 (luminal alveolar),both,TRUE,TRUE,112,97,15,NA,Henry-et-al 2021 mEC cluster markers | Suppl2 | adult | both,NA
MG_MEC_C3_HENRY,HENRY,mammary_atlas,Mammary_development,mEC cluster 3 (luminal hormone-sensing),both,TRUE,TRUE,200,177,24,NA,Henry-et-al 2021 mEC cluster markers | Suppl2 | adult | both,NA
MG_MEC_C4_HENRY,HENRY,mammary_atlas,Mammary_development,mEC cluster 4 (luminal alveolar),both,TRUE,TRUE,116,106,9,NA,Henry-et-al 2021 mEC cluster markers | Suppl2 | adult | both,NA
MG_MEC_C5_HENRY,HENRY,mammary_atlas,Mammary_development,mEC cluster 5 (luminal alveolar),both,TRUE,TRUE,144,130,13,NA,Henry-et-al 2021 mEC cluster markers | Suppl2 | adult | both,NA
MG_MEC_C6_HENRY,HENRY,mammary_atlas,Mammary_development,mEC cluster 6 (luminal hormone-sensing),both,TRUE,TRUE,181,169,13,NA,Henry-et-al 2021 mEC cluster markers | Suppl2 | adult | both,NA
MG_MEC_C7_HENRY,HENRY,mammary_atlas,Mammary_development,mEC cluster 7 (luminal hormone-sensing),both,TRUE,TRUE,70,64,6,NA,Henry-et-al 2021 mEC cluster markers | Suppl2 | adult | both,NA
MG_MEC_C8_HENRY,HENRY,mammary_atlas,Mammary_development,mEC cluster 8 (basal),both,TRUE,TRUE,199,182,15,NA,Henry-et-al 2021 mEC cluster markers | Suppl2 | adult | both,NA
MG_MEC_C9_HENRY,HENRY,mammary_atlas,Mammary_development,mEC cluster 9 (luminal hormone-sensing),both,TRUE,TRUE,195,183,15,NA,Henry-et-al 2021 mEC cluster markers | Suppl2 | adult | both,NA
MG_MIXED_PAL2017_CV,PAL2017,mammary_atlas,Mammary_development,Mixed-lineage,both,TRUE,TRUE,57,54,3,NA,Pal-Visvader-2017 Adult-Pubertal clusters signature set | Suppl4 | pubertal | both,NA
MG_ML_CLOSED_CHUNG_ATAC,CHUNG,mammary_atlas,Mammary_development,ML_closed,gsva,TRUE,TRUE,300,274,25,NA,Chung-et-al 2019 ATAC-seq cluster-specific open/closed genes | Suppl3 | developmental | gsva,NA
MG_ML_OPEN_CHUNG_ATAC,CHUNG,mammary_atlas,Mammary_development,ML_open,gsva,TRUE,TRUE,300,279,25,NA,Chung-et-al 2019 ATAC-seq cluster-specific open/closed genes | Suppl3 | developmental | gsva,NA
MG_MMPR_6A_GIRADDI,GIRADDI,mammary_atlas,Mammary_development,MMPr subcluster 6a (Group 6a),gsva,FALSE,TRUE,1022,941,82,NA,Giraddi-et-al 2018 NMF signature | Suppl3 | postnatal | gsva,NA
MG_MMPR_6B_GIRADDI,GIRADDI,mammary_atlas,Mammary_development,MMPr subcluster 6b (Group 6b),gsva,FALSE,TRUE,1049,980,77,NA,Giraddi-et-al 2018 NMF signature | Suppl3 | postnatal | gsva,NA
MG_MMPR_GIRADDI,GIRADDI,mammary_atlas,Mammary_development,MMPr NMF signature,gsva,TRUE,TRUE,234,211,24,NA,Giraddi-et-al 2018 NMF signature | Suppl3 | postnatal | gsva,NA
MG_MNEC_C10_HENRY,HENRY,mammary_atlas,Mammary_development,mNEC cluster 10,both,TRUE,TRUE,200,175,29,NA,Henry-et-al 2021 mNEC cluster markers | Suppl5 | adult | both,NA
MG_MNEC_C11_HENRY,HENRY,mammary_atlas,Mammary_development,mNEC cluster 11,both,TRUE,TRUE,200,188,12,NA,Henry-et-al 2021 mNEC cluster markers | Suppl5 | adult | both,NA
MG_MNEC_C12_HENRY,HENRY,mammary_atlas,Mammary_development,mNEC cluster 12,both,TRUE,TRUE,200,182,17,NA,Henry-et-al 2021 mNEC cluster markers | Suppl5 | adult | both,NA
MG_MNEC_C13_HENRY,HENRY,mammary_atlas,Mammary_development,mNEC cluster 13,both,TRUE,TRUE,156,140,18,NA,Henry-et-al 2021 mNEC cluster markers | Suppl5 | adult | both,NA
MG_MNEC_C14_HENRY,HENRY,mammary_atlas,Mammary_development,mNEC cluster 14,both,TRUE,TRUE,85,74,13,NA,Henry-et-al 2021 mNEC cluster markers | Suppl5 | adult | both,NA
MG_MNEC_C15_HENRY,HENRY,mammary_atlas,Mammary_development,mNEC cluster 15,both,TRUE,TRUE,157,141,18,NA,Henry-et-al 2021 mNEC cluster markers | Suppl5 | adult | both,NA
MG_MNEC_C1_HENRY,HENRY,mammary_atlas,Mammary_development,mNEC cluster 1,both,TRUE,TRUE,200,187,14,NA,Henry-et-al 2021 mNEC cluster markers | Suppl5 | adult | both,NA
MG_MNEC_C2_HENRY,HENRY,mammary_atlas,Mammary_development,mNEC cluster 2,both,TRUE,TRUE,200,164,38,NA,Henry-et-al 2021 mNEC cluster markers | Suppl5 | adult | both,NA
MG_MNEC_C3_HENRY,HENRY,mammary_atlas,Mammary_development,mNEC cluster 3,both,TRUE,TRUE,200,163,40,NA,Henry-et-al 2021 mNEC cluster markers | Suppl5 | adult | both,NA
MG_MNEC_C4_HENRY,HENRY,mammary_atlas,Mammary_development,mNEC cluster 4,both,TRUE,TRUE,200,182,19,NA,Henry-et-al 2021 mNEC cluster markers | Suppl5 | adult | both,NA
MG_MNEC_C5_HENRY,HENRY,mammary_atlas,Mammary_development,mNEC cluster 5,both,TRUE,TRUE,200,184,19,NA,Henry-et-al 2021 mNEC cluster markers | Suppl5 | adult | both,NA
MG_MNEC_C6_HENRY,HENRY,mammary_atlas,Mammary_development,mNEC cluster 6,both,TRUE,TRUE,54,48,5,NA,Henry-et-al 2021 mNEC cluster markers | Suppl5 | adult | both,NA
MG_MNEC_C7_HENRY,HENRY,mammary_atlas,Mammary_development,mNEC cluster 7,both,TRUE,TRUE,200,183,15,NA,Henry-et-al 2021 mNEC cluster markers | Suppl5 | adult | both,NA
MG_MNEC_C8_HENRY,HENRY,mammary_atlas,Mammary_development,mNEC cluster 8,both,TRUE,TRUE,200,192,11,NA,Henry-et-al 2021 mNEC cluster markers | Suppl5 | adult | both,NA
MG_MNEC_C9_HENRY,HENRY,mammary_atlas,Mammary_development,mNEC cluster 9,both,TRUE,TRUE,168,155,12,NA,Henry-et-al 2021 mNEC cluster markers | Suppl5 | adult | both,NA
MG_SIG_EGFR_REACTOME,MSIGDB,mammary_atlas,Mammary_development,signalling: EGF/ERBB,both,TRUE,TRUE,29,29,0,NA,EGF/ERBB signalling axis | MSigDB REACTOME_SIGNALING_BY_EGFR (C2 CP:REACTOME) | both,NA
MG_SIG_EGF_WP,MSIGDB,mammary_atlas,Mammary_development,signalling: EGF/ERBB,both,TRUE,TRUE,99,97,2,NA,EGF/ERBB signalling axis | MSigDB WP_EGFEGFR_SIGNALING (C2 CP:WIKIPATHWAYS) | both,NA
MG_SIG_ERBB1_PID,MSIGDB,mammary_atlas,Mammary_development,signalling: EGF/ERBB,both,TRUE,TRUE,67,65,2,NA,EGF/ERBB signalling axis | MSigDB PID_ERBB1_DOWNSTREAM_PATHWAY (C2 CP:PID) | both,NA
MG_SIG_ERBB_KEGG,MSIGDB,mammary_atlas,Mammary_development,signalling: EGF/ERBB,both,TRUE,TRUE,52,52,0,NA,EGF/ERBB signalling axis | MSigDB KEGG_ERBB_SIGNALING_PATHWAY (C2 CP:KEGG_LEGACY) | both,NA
MG_SIG_ER_HALLMARK_EARLY,MSIGDB,mammary_atlas,Mammary_development,signalling: Estrogen/ER,both,TRUE,TRUE,200,196,4,NA,Estrogen/ER signalling axis | MSigDB HALLMARK_ESTROGEN_RESPONSE_EARLY (H ) | both,NA
MG_SIG_ER_HALLMARK_LATE,MSIGDB,mammary_atlas,Mammary_development,signalling: Estrogen/ER,both,TRUE,TRUE,206,194,6,NA,Estrogen/ER signalling axis | MSigDB HALLMARK_ESTROGEN_RESPONSE_LATE (H ) | both,NA
MG_SIG_ER_REACTOME,MSIGDB,mammary_atlas,Mammary_development,signalling: Estrogen/ER,both,TRUE,TRUE,61,61,2,NA,Estrogen/ER signalling axis | MSigDB REACTOME_ESTROGEN_DEPENDENT_GENE_EXPRESSION (C2 CP:REACTOME) | both,NA
MG_SIG_ER_WP,MSIGDB,mammary_atlas,Mammary_development,signalling: Estrogen/ER,both,TRUE,TRUE,19,19,0,NA,Estrogen/ER signalling axis | MSigDB WP_ESTROGEN_SIGNALING (C2 CP:WIKIPATHWAYS) | both,NA
MG_SIG_FGFR2_REACTOME,MSIGDB,mammary_atlas,Mammary_development,signalling: FGF,both,TRUE,TRUE,38,40,0,NA,FGF signalling axis | MSigDB REACTOME_SIGNALING_BY_FGFR2 (C2 CP:REACTOME) | both,NA
MG_SIG_FGF_PID,MSIGDB,mammary_atlas,Mammary_development,signalling: FGF,both,TRUE,TRUE,36,36,0,NA,FGF signalling axis | MSigDB PID_FGF_PATHWAY (C2 CP:PID) | both,NA
MG_SIG_FGF_REACTOME,MSIGDB,mammary_atlas,Mammary_development,signalling: FGF,both,TRUE,TRUE,43,45,0,NA,FGF signalling axis | MSigDB REACTOME_SIGNALING_BY_FGFR (C2 CP:REACTOME) | both,NA
MG_SIG_GH_REACTOME,MSIGDB,mammary_atlas,Mammary_development,signalling: IGF/GH,both,TRUE,TRUE,17,17,0,NA,IGF/GH signalling axis | MSigDB REACTOME_GROWTH_HORMONE_RECEPTOR_SIGNALING (C2 CP:REACTOME) | both,NA
MG_SIG_HH_GLI_PID,MSIGDB,mammary_atlas,Mammary_development,signalling: Hedgehog,both,TRUE,TRUE,27,27,0,NA,Hedgehog signalling axis | MSigDB PID_HEDGEHOG_GLI_PATHWAY (C2 CP:PID) | both,NA
MG_SIG_HH_HALLMARK,MSIGDB,mammary_atlas,Mammary_development,signalling: Hedgehog,both,TRUE,TRUE,36,36,0,NA,Hedgehog signalling axis | MSigDB HALLMARK_HEDGEHOG_SIGNALING (H ) | both,NA
MG_SIG_HH_KEGG,MSIGDB,mammary_atlas,Mammary_development,signalling: Hedgehog,both,TRUE,TRUE,19,19,0,NA,Hedgehog signalling axis | MSigDB KEGG_HEDGEHOG_SIGNALING_PATHWAY (C2 CP:KEGG_LEGACY) | both,NA
MG_SIG_HH_REACTOME,MSIGDB,mammary_atlas,Mammary_development,signalling: Hedgehog,both,TRUE,TRUE,55,54,1,NA,Hedgehog signalling axis | MSigDB REACTOME_SIGNALING_BY_HEDGEHOG (C2 CP:REACTOME) | both,NA
MG_SIG_IGF1_PID,MSIGDB,mammary_atlas,Mammary_development,signalling: IGF/GH,both,TRUE,TRUE,20,20,0,NA,IGF/GH signalling axis | MSigDB PID_IGF1_PATHWAY (C2 CP:PID) | both,NA
MG_SIG_IGF1_REACTOME,MSIGDB,mammary_atlas,Mammary_development,signalling: IGF/GH,both,TRUE,TRUE,27,27,0,NA,IGF/GH signalling axis | MSigDB REACTOME_SIGNALING_BY_TYPE_1_INSULIN_LIKE_GROWTH_FACTOR_1_RECEPTOR_IGF1R (C2 CP:REACTOME) | both,NA
MG_SIG_JAKSTAT_KEGG,MSIGDB,mammary_atlas,Mammary_development,signalling: JAK2/STAT5 (Prolactin),both,TRUE,TRUE,95,94,1,NA,JAK2/STAT5 (Prolactin) signalling axis | MSigDB KEGG_JAK_STAT_SIGNALING_PATHWAY (C2 CP:KEGG_LEGACY) | both,NA
MG_SIG_NOTCH_HALLMARK,MSIGDB,mammary_atlas,Mammary_development,signalling: Notch,both,TRUE,TRUE,32,32,0,NA,Notch signalling axis | MSigDB HALLMARK_NOTCH_SIGNALING (H ) | both,NA
MG_SIG_NOTCH_HESHEY_PID,MSIGDB,mammary_atlas,Mammary_development,signalling: Notch,both,TRUE,TRUE,29,29,0,NA,Notch signalling axis | MSigDB PID_HES_HEY_PATHWAY (C2 CP:PID) | both,NA
MG_SIG_NOTCH_KEGG,MSIGDB,mammary_atlas,Mammary_development,signalling: Notch,both,TRUE,TRUE,31,30,1,NA,Notch signalling axis | MSigDB KEGG_NOTCH_SIGNALING_PATHWAY (C2 CP:KEGG_LEGACY) | both,NA
MG_SIG_NOTCH_REACTOME,MSIGDB,mammary_atlas,Mammary_development,signalling: Notch,both,TRUE,TRUE,114,111,3,NA,Notch signalling axis | MSigDB REACTOME_SIGNALING_BY_NOTCH (C2 CP:REACTOME) | both,NA
MG_SIG_PI3K_AKT_HALLMARK,MSIGDB,mammary_atlas,Mammary_development,signalling: IGF/GH,both,TRUE,TRUE,105,103,2,NA,IGF/GH signalling axis | MSigDB HALLMARK_PI3K_AKT_MTOR_SIGNALING (H ) | both,NA
MG_SIG_PRL_PID,MSIGDB,mammary_atlas,Mammary_development,signalling: JAK2/STAT5 (Prolactin),both,FALSE,TRUE,14,14,0,NA,JAK2/STAT5 (Prolactin) signalling axis | MSigDB PID_PRL_SIGNALING_EVENTS_PATHWAY (C2 CP:PID) | both,NA
MG_SIG_PRL_WP,MSIGDB,mammary_atlas,Mammary_development,signalling: JAK2/STAT5 (Prolactin),both,TRUE,TRUE,63,61,2,NA,JAK2/STAT5 (Prolactin) signalling axis | MSigDB WP_PROLACTIN_SIGNALING (C2 CP:WIKIPATHWAYS) | both,NA
MG_SIG_RANKL_BIOCARTA,MSIGDB,mammary_atlas,Mammary_development,signalling: Progesterone/RANKL,both,FALSE,TRUE,12,12,0,NA,Progesterone/RANKL signalling axis | MSigDB BIOCARTA_RANKL_PATHWAY (C2 CP:BIOCARTA) | both,NA
MG_SIG_RANKL_WP,MSIGDB,mammary_atlas,Mammary_development,signalling: Progesterone/RANKL,both,TRUE,TRUE,42,42,0,NA,Progesterone/RANKL signalling axis | MSigDB WP_RANKLRANK_SIGNALING (C2 CP:WIKIPATHWAYS) | both,NA
MG_SIG_SMAD23_PID,MSIGDB,mammary_atlas,Mammary_development,signalling: TGF-beta/STAT3,both,TRUE,TRUE,54,54,0,NA,TGF-beta/STAT3 signalling axis | MSigDB PID_SMAD2_3NUCLEAR_PATHWAY (C2 CP:PID) | both,NA
MG_SIG_STAT3_HALLMARK,MSIGDB,mammary_atlas,Mammary_development,signalling: TGF-beta/STAT3,both,TRUE,TRUE,88,83,3,NA,TGF-beta/STAT3 signalling axis | MSigDB HALLMARK_IL6_JAK_STAT3_SIGNALING (H ) | both,NA
MG_SIG_STAT5_HALLMARK,MSIGDB,mammary_atlas,Mammary_development,signalling: JAK2/STAT5 (Prolactin),both,TRUE,TRUE,199,194,5,NA,JAK2/STAT5 (Prolactin) signalling axis | MSigDB HALLMARK_IL2_STAT5_SIGNALING (H ) | both,NA
MG_SIG_TGFB_HALLMARK,MSIGDB,mammary_atlas,Mammary_development,signalling: TGF-beta/STAT3,both,TRUE,TRUE,54,54,1,NA,TGF-beta/STAT3 signalling axis | MSigDB HALLMARK_TGF_BETA_SIGNALING (H ) | both,NA
MG_SIG_TGFB_KEGG,MSIGDB,mammary_atlas,Mammary_development,signalling: TGF-beta/STAT3,both,TRUE,TRUE,56,55,1,NA,TGF-beta/STAT3 signalling axis | MSigDB KEGG_TGF_BETA_SIGNALING_PATHWAY (C2 CP:KEGG_LEGACY) | both,NA
MG_SIG_TGFB_REACTOME,MSIGDB,mammary_atlas,Mammary_development,signalling: TGF-beta/STAT3,both,TRUE,TRUE,99,100,0,NA,TGF-beta/STAT3 signalling axis | MSigDB REACTOME_SIGNALING_BY_TGFB_FAMILY_MEMBERS (C2 CP:REACTOME) | both,NA
MG_SIG_WNT_HALLMARK,MSIGDB,mammary_atlas,Mammary_development,signalling: Wnt/beta-catenin,both,TRUE,TRUE,42,41,1,NA,Wnt/beta-catenin signalling axis | MSigDB HALLMARK_WNT_BETA_CATENIN_SIGNALING (H ) | both,NA
MG_SIG_WNT_KEGG,MSIGDB,mammary_atlas,Mammary_development,signalling: Wnt/beta-catenin,both,TRUE,TRUE,75,75,0,NA,Wnt/beta-catenin signalling axis | MSigDB KEGG_WNT_SIGNALING_PATHWAY (C2 CP:KEGG_LEGACY) | both,NA
MG_SIG_WNT_REACTOME,MSIGDB,mammary_atlas,Mammary_development,signalling: Wnt/beta-catenin,both,TRUE,TRUE,121,119,2,NA,Wnt/beta-catenin signalling axis | MSigDB REACTOME_SIGNALING_BY_WNT (C2 CP:REACTOME) | both,NA
MG_STEM_GARCIASOLA,GARCIASOLA,mammary_atlas,Mammary_development,Stem,both,TRUE,TRUE,200,181,18,NA,Garcia-Sola-et-al 2021 cell-type cluster markers | Suppl1 | integrated | both,NA
MG_STEM_SAEKI_GSVA,SAEKI,mammary_atlas,Mammary_development,Stem (S5 pseudotime),gsva,TRUE,TRUE,160,145,19,NA,Saeki-et-al 2021 scGSVA differentiation-status signatures | Suppl6 | integrated | gsva,NA
MG_TEB_VS_DUCTAL_AP_GRAY_DN,GRAY,mammary_atlas,Mammary_development,TEB vs ductal (AP),both,TRUE,TRUE,150,125,27,NA,Gray-Brugge TEB vs Ductal signature sets | Suppl4 | puberty | both,NA
MG_TEB_VS_DUCTAL_AP_GRAY_UP,GRAY,mammary_atlas,Mammary_development,TEB vs ductal (AP),both,TRUE,TRUE,150,140,11,NA,Gray-Brugge TEB vs Ductal signature sets | Suppl4 | puberty | both,NA
MG_TEB_VS_DUCTAL_BA_GRAY_DN,GRAY,mammary_atlas,Mammary_development,TEB vs ductal (BA),both,TRUE,TRUE,150,136,14,NA,Gray-Brugge TEB vs Ductal signature sets | Suppl4 | puberty | both,NA
MG_TEB_VS_DUCTAL_BA_GRAY_UP,GRAY,mammary_atlas,Mammary_development,TEB vs ductal (BA),both,TRUE,TRUE,150,144,7,NA,Gray-Brugge TEB vs Ductal signature sets | Suppl4 | puberty | both,NA
MG_TEB_VS_DUCTAL_HS_GRAY_DN,GRAY,mammary_atlas,Mammary_development,TEB vs ductal (HS),both,TRUE,TRUE,150,118,32,NA,Gray-Brugge TEB vs Ductal signature sets | Suppl4 | puberty | both,NA
MG_TEB_VS_DUCTAL_HS_GRAY_UP,GRAY,mammary_atlas,Mammary_development,TEB vs ductal (HS),both,TRUE,TRUE,150,141,9,NA,Gray-Brugge TEB vs Ductal signature sets | Suppl4 | puberty | both,NA
METABRIC_MB1_BICLUSTER_GROUP1,METABRIC bicluster/hi.cv/metab gene lists (group1/group2),user_curated,Mammary_development,Human BC subtype,both,TRUE,TRUE,470,448,0,NA,METABRIC bicluster/hi.cv/metab gene lists (group1/group2) | Human BC subtype | both,Human symbols mapped to mouse via 03_ortholog_utilities::human_to_mouse (one-to-many expanded)
METABRIC_MB1_BICLUSTER_GROUP2,METABRIC bicluster/hi.cv/metab gene lists (group1/group2),user_curated,Mammary_development,Human BC subtype,both,TRUE,TRUE,369,369,0,NA,METABRIC bicluster/hi.cv/metab gene lists (group1/group2) | Human BC subtype | both,Human symbols mapped to mouse via 03_ortholog_utilities::human_to_mouse (one-to-many expanded)
METABRIC_MB1_HI_CV_GROUP1,METABRIC bicluster/hi.cv/metab gene lists (group1/group2),user_curated,Mammary_development,Human BC subtype,both,TRUE,TRUE,419,401,0,NA,METABRIC bicluster/hi.cv/metab gene lists (group1/group2) | Human BC subtype | both,Human symbols mapped to mouse via 03_ortholog_utilities::human_to_mouse (one-to-many expanded)
METABRIC_MB1_HI_CV_GROUP2,METABRIC bicluster/hi.cv/metab gene lists (group1/group2),user_curated,Mammary_development,Human BC subtype,gsva,FALSE,TRUE,513,497,0,NA,METABRIC bicluster/hi.cv/metab gene lists (group1/group2) | Human BC subtype | gsva,Human symbols mapped to mouse via 03_ortholog_utilities::human_to_mouse (one-to-many expanded)
METABRIC_MB1_METAB_GROUP1,METABRIC bicluster/hi.cv/metab gene lists (group1/group2),user_curated,Mammary_development,Human BC subtype,gsva,FALSE,TRUE,759,747,0,NA,METABRIC bicluster/hi.cv/metab gene lists (group1/group2) | Human BC subtype | gsva,Human symbols mapped to mouse via 03_ortholog_utilities::human_to_mouse (one-to-many expanded)
METABRIC_MB1_METAB_GROUP2,METABRIC bicluster/hi.cv/metab gene lists (group1/group2),user_curated,Mammary_development,Human BC subtype,gsva,FALSE,TRUE,582,561,0,NA,METABRIC bicluster/hi.cv/metab gene lists (group1/group2) | Human BC subtype | gsva,Human symbols mapped to mouse via 03_ortholog_utilities::human_to_mouse (one-to-many expanded)
METABRIC_MB3_BICLUSTER_GROUP1,METABRIC bicluster/hi.cv/metab gene lists (group1/group2),user_curated,Mammary_development,Human BC subtype,both,TRUE,TRUE,307,305,0,NA,METABRIC bicluster/hi.cv/metab gene lists (group1/group2) | Human BC subtype | both,Human symbols mapped to mouse via 03_ortholog_utilities::human_to_mouse (one-to-many expanded)
METABRIC_MB3_BICLUSTER_GROUP2,METABRIC bicluster/hi.cv/metab gene lists (group1/group2),user_curated,Mammary_development,Human BC subtype,both,TRUE,TRUE,257,255,0,NA,METABRIC bicluster/hi.cv/metab gene lists (group1/group2) | Human BC subtype | both,Human symbols mapped to mouse via 03_ortholog_utilities::human_to_mouse (one-to-many expanded)
METABRIC_MB3_HI_CV_GROUP1,METABRIC bicluster/hi.cv/metab gene lists (group1/group2),user_curated,Mammary_development,Human BC subtype,both,TRUE,TRUE,461,470,0,NA,METABRIC bicluster/hi.cv/metab gene lists (group1/group2) | Human BC subtype | both,Human symbols mapped to mouse via 03_ortholog_utilities::human_to_mouse (one-to-many expanded)
METABRIC_MB3_HI_CV_GROUP2,METABRIC bicluster/hi.cv/metab gene lists (group1/group2),user_curated,Mammary_development,Human BC subtype,both,TRUE,TRUE,304,305,0,NA,METABRIC bicluster/hi.cv/metab gene lists (group1/group2) | Human BC subtype | both,Human symbols mapped to mouse via 03_ortholog_utilities::human_to_mouse (one-to-many expanded)
METABRIC_MB3_METAB_GROUP1,METABRIC bicluster/hi.cv/metab gene lists (group1/group2),user_curated,Mammary_development,Human BC subtype,gsva,FALSE,TRUE,581,574,0,NA,METABRIC bicluster/hi.cv/metab gene lists (group1/group2) | Human BC subtype | gsva,Human symbols mapped to mouse via 03_ortholog_utilities::human_to_mouse (one-to-many expanded)
METABRIC_MB3_METAB_GROUP2,METABRIC bicluster/hi.cv/metab gene lists (group1/group2),user_curated,Mammary_development,Human BC subtype,both,TRUE,TRUE,477,462,0,NA,METABRIC bicluster/hi.cv/metab gene lists (group1/group2) | Human BC subtype | both,Human symbols mapped to mouse via 03_ortholog_utilities::human_to_mouse (one-to-many expanded)
METABRIC_MB2_BICLUSTER_GROUP1,METABRIC bicluster/hi.cv/metab gene lists (group1/group2),user_curated,Mammary_development,Human BC subtype,gsva,FALSE,TRUE,621,615,0,NA,METABRIC bicluster/hi.cv/metab gene lists (group1/group2) | Human BC subtype | gsva,Human symbols mapped to mouse via 03_ortholog_utilities::human_to_mouse (one-to-many expanded)
METABRIC_MB2_BICLUSTER_GROUP2,METABRIC bicluster/hi.cv/metab gene lists (group1/group2),user_curated,Mammary_development,Human BC subtype,both,TRUE,TRUE,156,156,0,NA,METABRIC bicluster/hi.cv/metab gene lists (group1/group2) | Human BC subtype | both,Human symbols mapped to mouse via 03_ortholog_utilities::human_to_mouse (one-to-many expanded)
METABRIC_MB2_HI_CV_GROUP1,METABRIC bicluster/hi.cv/metab gene lists (group1/group2),user_curated,Mammary_development,Human BC subtype,gsva,FALSE,TRUE,626,600,0,NA,METABRIC bicluster/hi.cv/metab gene lists (group1/group2) | Human BC subtype | gsva,Human symbols mapped to mouse via 03_ortholog_utilities::human_to_mouse (one-to-many expanded)
METABRIC_MB2_HI_CV_GROUP2,METABRIC bicluster/hi.cv/metab gene lists (group1/group2),user_curated,Mammary_development,Human BC subtype,both,TRUE,TRUE,270,271,0,NA,METABRIC bicluster/hi.cv/metab gene lists (group1/group2) | Human BC subtype | both,Human symbols mapped to mouse via 03_ortholog_utilities::human_to_mouse (one-to-many expanded)
METABRIC_MB2_METAB_GROUP1,METABRIC bicluster/hi.cv/metab gene lists (group1/group2),user_curated,Mammary_development,Human BC subtype,gsva,FALSE,TRUE,698,677,0,NA,METABRIC bicluster/hi.cv/metab gene lists (group1/group2) | Human BC subtype | gsva,Human symbols mapped to mouse via 03_ortholog_utilities::human_to_mouse (one-to-many expanded)
METABRIC_MB2_METAB_GROUP2,METABRIC bicluster/hi.cv/metab gene lists (group1/group2),user_curated,Mammary_development,Human BC subtype,both,TRUE,TRUE,391,386,0,NA,METABRIC bicluster/hi.cv/metab gene lists (group1/group2) | Human BC subtype | both,Human symbols mapped to mouse via 03_ortholog_utilities::human_to_mouse (one-to-many expanded)
POMMIER_MASC_UP,Pommier et al. mammary developmental gene sets,user_curated,Mammary_development,Mammary cell state,both,TRUE,TRUE,215,215,0,NA,Pommier et al. mammary developmental gene sets | Mammary cell state | both,Human symbols mapped to mouse via 03_ortholog_utilities::human_to_mouse (one-to-many expanded)
POMMIER_MASC_DOWN,Pommier et al. mammary developmental gene sets,user_curated,Mammary_development,Mammary cell state,both,TRUE,TRUE,229,227,0,NA,Pommier et al. mammary developmental gene sets | Mammary cell state | both,Human symbols mapped to mouse via 03_ortholog_utilities::human_to_mouse (one-to-many expanded)
POMMIER_LP_UP,Pommier et al. mammary developmental gene sets,user_curated,Mammary_development,Mammary cell state,both,TRUE,TRUE,101,100,0,NA,Pommier et al. mammary developmental gene sets | Mammary cell state | both,Human symbols mapped to mouse via 03_ortholog_utilities::human_to_mouse (one-to-many expanded)
POMMIER_LP_DOWN,Pommier et al. mammary developmental gene sets,user_curated,Mammary_development,Mammary cell state,both,TRUE,TRUE,22,21,0,NA,Pommier et al. mammary developmental gene sets | Mammary cell state | both,Human symbols mapped to mouse via 03_ortholog_utilities::human_to_mouse (one-to-many expanded)
POMMIER_ML_UP,Pommier et al. mammary developmental gene sets,user_curated,Mammary_development,Mammary cell state,both,TRUE,TRUE,325,316,0,NA,Pommier et al. mammary developmental gene sets | Mammary cell state | both,Human symbols mapped to mouse via 03_ortholog_utilities::human_to_mouse (one-to-many expanded)
POMMIER_ML_DOWN,Pommier et al. mammary developmental gene sets,user_curated,Mammary_development,Mammary cell state,both,TRUE,TRUE,100,98,0,NA,Pommier et al. mammary developmental gene sets | Mammary cell state | both,Human symbols mapped to mouse via 03_ortholog_utilities::human_to_mouse (one-to-many expanded)
METAB_ARG_PRO_KEGG,MSIGDB,msigdb,Metabolism,metabolism: Arginine-proline,both,TRUE,TRUE,34,34,1,NA,Arginine-proline | MSigDB KEGG_ARGININE_AND_PROLINE_METABOLISM (CP:KEGG_LEGACY) | both,NA
METAB_BCAA_KEGG,MSIGDB,msigdb,Metabolism,metabolism: Branched-chain AA,both,TRUE,TRUE,34,32,2,NA,Branched-chain AA | MSigDB KEGG_VALINE_LEUCINE_AND_ISOLEUCINE_DEGRADATION (CP:KEGG_LEGACY) | both,NA
METAB_BCAA_REACTOME,MSIGDB,msigdb,Metabolism,metabolism: Branched-chain AA,both,FALSE,TRUE,14,14,0,NA,Branched-chain AA | MSigDB REACTOME_BRANCHED_CHAIN_AMINO_ACID_CATABOLISM (CP:REACTOME) | both,NA
METAB_BCAA_WP,MSIGDB,msigdb,Metabolism,metabolism: Branched-chain AA,both,TRUE,TRUE,15,15,0,NA,Branched-chain AA | MSigDB WP_LEUCINE_ISOLEUCINE_AND_VALINE_METABOLISM (CP:WIKIPATHWAYS) | both,NA
METAB_CHOLESTEROL_HALLMARK,MSIGDB,msigdb,Metabolism,metabolism: Cholesterol,both,TRUE,TRUE,75,74,1,NA,Cholesterol | MSigDB HALLMARK_CHOLESTEROL_HOMEOSTASIS () | both,NA
METAB_CHOLESTEROL_REACTOME,MSIGDB,msigdb,Metabolism,metabolism: Cholesterol,both,TRUE,TRUE,21,21,0,NA,Cholesterol | MSigDB REACTOME_CHOLESTEROL_BIOSYNTHESIS (CP:REACTOME) | both,NA
METAB_CHOLESTEROL_WP,MSIGDB,msigdb,Metabolism,metabolism: Cholesterol,both,TRUE,TRUE,52,52,0,NA,Cholesterol | MSigDB WP_CHOLESTEROL_METABOLISM (CP:WIKIPATHWAYS) | both,NA
METAB_FA_BETAOX_REACTOME,MSIGDB,msigdb,Metabolism,metabolism: Fatty acid beta-oxidation,both,TRUE,TRUE,18,16,2,NA,Fatty acid beta-oxidation | MSigDB REACTOME_MITOCHONDRIAL_FATTY_ACID_BETA_OXIDATION (CP:REACTOME) | both,NA
METAB_FA_HALLMARK,MSIGDB,msigdb,Metabolism,metabolism: Fatty acid metabolism,both,TRUE,TRUE,157,152,8,NA,Fatty acid metabolism | MSigDB HALLMARK_FATTY_ACID_METABOLISM () | both,NA
METAB_FA_KEGG,MSIGDB,msigdb,Metabolism,metabolism: Fatty acid metabolism,both,TRUE,TRUE,35,35,2,NA,Fatty acid metabolism | MSigDB KEGG_FATTY_ACID_METABOLISM (CP:KEGG_LEGACY) | both,NA
METAB_FA_SYNTHESIS_REACTOME,MSIGDB,msigdb,Metabolism,metabolism: Fatty acid synthesis,both,TRUE,TRUE,17,16,1,NA,Fatty acid synthesis | MSigDB REACTOME_FATTY_ACYL_COA_BIOSYNTHESIS (CP:REACTOME) | both,NA
METAB_FA_SYNTHESIS_WP,MSIGDB,msigdb,Metabolism,metabolism: Fatty acid synthesis,both,TRUE,TRUE,18,17,1,NA,Fatty acid synthesis | MSigDB WP_FATTY_ACID_BIOSYNTHESIS (CP:WIKIPATHWAYS) | both,NA
METAB_FOLATE_WP,MSIGDB,msigdb,Metabolism,metabolism: Serine-glycine-1C,both,TRUE,TRUE,52,48,2,NA,Serine-glycine-1C | MSigDB WP_FOLATE_METABOLISM (CP:WIKIPATHWAYS) | both,NA
METAB_GLN_GLU_KEGG,MSIGDB,msigdb,Metabolism,metabolism: Glutamine-glutamate,both,TRUE,TRUE,19,19,1,NA,Glutamine-glutamate | MSigDB KEGG_ALANINE_ASPARTATE_AND_GLUTAMATE_METABOLISM (CP:KEGG_LEGACY) | both,NA
METAB_GLN_GLU_REACTOME,MSIGDB,msigdb,Metabolism,metabolism: Glutamine-glutamate,both,FALSE,TRUE,8,9,0,NA,Glutamine-glutamate | MSigDB REACTOME_GLUTAMATE_AND_GLUTAMINE_METABOLISM (CP:REACTOME) | both,NA
METAB_GLYCEROPHOSPHOLIPID_KEGG,MSIGDB,msigdb,Metabolism,metabolism: Phospholipid,both,TRUE,TRUE,26,26,0,NA,Phospholipid | MSigDB KEGG_GLYCEROPHOSPHOLIPID_METABOLISM (CP:KEGG_LEGACY) | both,NA
METAB_GLYCEROPHOSPHOLIPID_REACTOME,MSIGDB,msigdb,Metabolism,metabolism: Phospholipid,both,TRUE,TRUE,34,34,0,NA,Phospholipid | MSigDB REACTOME_GLYCEROPHOSPHOLIPID_BIOSYNTHESIS (CP:REACTOME) | both,NA
METAB_GLYCOLYSIS_HALLMARK,MSIGDB,msigdb,Metabolism,metabolism: Glycolysis,both,TRUE,TRUE,200,200,4,NA,Glycolysis | MSigDB HALLMARK_GLYCOLYSIS () | both,NA
METAB_GLYCOLYSIS_KEGG,MSIGDB,msigdb,Metabolism,metabolism: Glycolysis,both,TRUE,TRUE,52,53,2,NA,Glycolysis | MSigDB KEGG_GLYCOLYSIS_GLUCONEOGENESIS (CP:KEGG_LEGACY) | both,NA
METAB_GLYCOLYSIS_WP,MSIGDB,msigdb,Metabolism,metabolism: Glycolysis,both,TRUE,TRUE,43,42,2,NA,Glycolysis | MSigDB WP_GLYCOLYSIS_AND_GLUCONEOGENESIS (CP:WIKIPATHWAYS) | both,NA
METAB_MET_CYS_KEGG,MSIGDB,msigdb,Metabolism,metabolism: Methionine-cysteine,both,TRUE,TRUE,15,14,1,NA,Methionine-cysteine | MSigDB KEGG_CYSTEINE_AND_METHIONINE_METABOLISM (CP:KEGG_LEGACY) | both,NA
METAB_NUCLEOTIDE_REACTOME,MSIGDB,msigdb,Metabolism,metabolism: Nucleotide metabolism,both,TRUE,TRUE,56,55,2,NA,Nucleotide metabolism | MSigDB REACTOME_METABOLISM_OF_NUCLEOTIDES (CP:REACTOME) | both,NA
METAB_NUCLEOTIDE_SALVAGE_REACTOME,MSIGDB,msigdb,Metabolism,metabolism: Nucleotide salvage,both,TRUE,TRUE,15,14,1,NA,Nucleotide salvage | MSigDB REACTOME_NUCLEOTIDE_SALVAGE (CP:REACTOME) | both,NA
METAB_NUCLEOTIDE_WP,MSIGDB,msigdb,Metabolism,metabolism: Nucleotide metabolism,both,FALSE,TRUE,14,14,1,NA,Nucleotide metabolism | MSigDB WP_NUCLEOTIDE_METABOLISM (CP:WIKIPATHWAYS) | both,NA
METAB_ONE_CARBON_KEGG,MSIGDB,msigdb,Metabolism,metabolism: Serine-glycine-1C,both,FALSE,TRUE,11,12,0,NA,Serine-glycine-1C | MSigDB KEGG_ONE_CARBON_POOL_BY_FOLATE (CP:KEGG_LEGACY) | both,NA
METAB_OXPHOS_HALLMARK,MSIGDB,msigdb,Metabolism,metabolism: OXPHOS (MSigDB),both,TRUE,TRUE,199,186,15,NA,OXPHOS (MSigDB) | MSigDB HALLMARK_OXIDATIVE_PHOSPHORYLATION () | both,NA
METAB_OXPHOS_KEGG,MSIGDB,msigdb,Metabolism,metabolism: OXPHOS (MSigDB),both,TRUE,TRUE,93,79,15,NA,OXPHOS (MSigDB) | MSigDB KEGG_OXIDATIVE_PHOSPHORYLATION (CP:KEGG_LEGACY) | both,NA
METAB_OXPHOS_REACTOME,MSIGDB,msigdb,Metabolism,metabolism: OXPHOS (MSigDB),both,TRUE,TRUE,79,79,1,NA,OXPHOS (MSigDB) | MSigDB REACTOME_RESPIRATORY_ELECTRON_TRANSPORT (CP:REACTOME) | both,NA
METAB_PHOSPHOLIPID_REACTOME,MSIGDB,msigdb,Metabolism,metabolism: Phospholipid,both,TRUE,TRUE,55,54,1,NA,Phospholipid | MSigDB REACTOME_PHOSPHOLIPID_METABOLISM (CP:REACTOME) | both,NA
METAB_PPP_KEGG,MSIGDB,msigdb,Metabolism,metabolism: Pentose phosphate,both,TRUE,TRUE,20,21,0,NA,Pentose phosphate | MSigDB KEGG_PENTOSE_PHOSPHATE_PATHWAY (CP:KEGG_LEGACY) | both,NA
METAB_PPP_REACTOME,MSIGDB,msigdb,Metabolism,metabolism: Pentose phosphate,both,FALSE,TRUE,9,10,0,NA,Pentose phosphate | MSigDB REACTOME_PENTOSE_PHOSPHATE_PATHWAY (CP:REACTOME) | both,NA
METAB_PURINE_KEGG,MSIGDB,msigdb,Metabolism,metabolism: Purine,both,TRUE,TRUE,80,79,4,NA,Purine | MSigDB KEGG_PURINE_METABOLISM (CP:KEGG_LEGACY) | both,NA
METAB_PYRIMIDINE_KEGG,MSIGDB,msigdb,Metabolism,metabolism: Pyrimidine,both,TRUE,TRUE,62,60,4,NA,Pyrimidine | MSigDB KEGG_PYRIMIDINE_METABOLISM (CP:KEGG_LEGACY) | both,NA
METAB_PYRIMIDINE_WP,MSIGDB,msigdb,Metabolism,metabolism: Pyrimidine,both,TRUE,TRUE,54,52,4,NA,Pyrimidine | MSigDB WP_PYRIMIDINE_METABOLISM (CP:WIKIPATHWAYS) | both,NA
METAB_SER_GLY_KEGG,MSIGDB,msigdb,Metabolism,metabolism: Serine-glycine-1C,both,TRUE,TRUE,18,18,0,NA,Serine-glycine-1C | MSigDB KEGG_GLYCINE_SERINE_AND_THREONINE_METABOLISM (CP:KEGG_LEGACY) | both,NA
METAB_SULFUR_AA_REACTOME,MSIGDB,msigdb,Metabolism,metabolism: Methionine-cysteine,both,FALSE,TRUE,13,13,0,NA,Methionine-cysteine | MSigDB REACTOME_SULFUR_AMINO_ACID_METABOLISM (CP:REACTOME) | both,NA
METAB_TCA_KEGG,MSIGDB,msigdb,Metabolism,metabolism: TCA cycle,both,TRUE,TRUE,27,27,0,NA,TCA cycle | MSigDB KEGG_CITRATE_CYCLE_TCA_CYCLE (CP:KEGG_LEGACY) | both,NA
METAB_TCA_REACTOME,MSIGDB,msigdb,Metabolism,metabolism: TCA cycle,both,TRUE,TRUE,24,24,0,NA,TCA cycle | MSigDB REACTOME_CITRIC_ACID_CYCLE_TCA_CYCLE (CP:REACTOME) | both,NA
METAB_UREA_CYCLE_WP,MSIGDB,msigdb,Metabolism,metabolism: Arginine-proline,both,TRUE,TRUE,17,18,0,NA,Arginine-proline | MSigDB WP_UREA_CYCLE_AND_ASSOCIATED_PATHWAYS (CP:WIKIPATHWAYS) | both,NA
GS_METAB_ABC_TRANSPORTER,GS_metabolic (pre-mapped),user_curated,Metabolism,ABC_TRANSPORTER,both,TRUE,TRUE,43,42,0,NA,GS_metabolic (pre-mapped) | ABC_TRANSPORTER | both,Pre-mapped via the file's own mouse-orthologs sheet; MGI casing recovered from mouse Ensembl IDs via the ortholog table; not re-routed through human_to_mouse()
GS_METAB_AMINO_ACID,GS_metabolic (pre-mapped),user_curated,Metabolism,AMINO_ACID,both,TRUE,TRUE,32,32,0,NA,GS_metabolic (pre-mapped) | AMINO_ACID | both,Pre-mapped via the file's own mouse-orthologs sheet; MGI casing recovered from mouse Ensembl IDs via the ortholog table; not re-routed through human_to_mouse()
GS_METAB_AMINOSUGAR,GS_metabolic (pre-mapped),user_curated,Metabolism,AMINOSUGAR,both,TRUE,TRUE,25,21,0,NA,GS_metabolic (pre-mapped) | AMINOSUGAR | both,Pre-mapped via the file's own mouse-orthologs sheet; MGI casing recovered from mouse Ensembl IDs via the ortholog table; not re-routed through human_to_mouse()
GS_METAB_ANAEROBIC_GLYCOLYSIS,GS_metabolic (pre-mapped),user_curated,Metabolism,ANAEROBIC_GLYCOLYSIS,gsva,FALSE,TRUE,5,5,0,NA,GS_metabolic (pre-mapped) | ANAEROBIC_GLYCOLYSIS | gsva,Pre-mapped via the file's own mouse-orthologs sheet; MGI casing recovered from mouse Ensembl IDs via the ortholog table; not re-routed through human_to_mouse()
GS_METAB_ATPASE,GS_metabolic (pre-mapped),user_curated,Metabolism,ATPASE,gsva,FALSE,TRUE,5,5,0,NA,GS_metabolic (pre-mapped) | ATPASE | gsva,Pre-mapped via the file's own mouse-orthologs sheet; MGI casing recovered from mouse Ensembl IDs via the ortholog table; not re-routed through human_to_mouse()
GS_METAB_BCAAS,GS_metabolic (pre-mapped),user_curated,Metabolism,BCAAS,gsva,FALSE,TRUE,10,10,0,NA,GS_metabolic (pre-mapped) | BCAAS | gsva,Pre-mapped via the file's own mouse-orthologs sheet; MGI casing recovered from mouse Ensembl IDs via the ortholog table; not re-routed through human_to_mouse()
GS_METAB_BILE_ACID,GS_metabolic (pre-mapped),user_curated,Metabolism,BILE_ACID,gsva,FALSE,TRUE,6,6,0,NA,GS_metabolic (pre-mapped) | BILE_ACID | gsva,Pre-mapped via the file's own mouse-orthologs sheet; MGI casing recovered from mouse Ensembl IDs via the ortholog table; not re-routed through human_to_mouse()
GS_METAB_CARBOHYDRATE_STORAGE,GS_metabolic (pre-mapped),user_curated,Metabolism,CARBOHYDRATE_STORAGE,gsva,FALSE,TRUE,12,12,0,NA,GS_metabolic (pre-mapped) | CARBOHYDRATE_STORAGE | gsva,Pre-mapped via the file's own mouse-orthologs sheet; MGI casing recovered from mouse Ensembl IDs via the ortholog table; not re-routed through human_to_mouse()
GS_METAB_CHOLESTEROL,GS_metabolic (pre-mapped),user_curated,Metabolism,CHOLESTEROL,both,TRUE,TRUE,15,15,0,NA,GS_metabolic (pre-mapped) | CHOLESTEROL | both,Pre-mapped via the file's own mouse-orthologs sheet; MGI casing recovered from mouse Ensembl IDs via the ortholog table; not re-routed through human_to_mouse()
GS_METAB_COA,GS_metabolic (pre-mapped),user_curated,Metabolism,COA,both,TRUE,TRUE,16,15,0,NA,GS_metabolic (pre-mapped) | COA | both,Pre-mapped via the file's own mouse-orthologs sheet; MGI casing recovered from mouse Ensembl IDs via the ortholog table; not re-routed through human_to_mouse()
GS_METAB_COFACTOR,GS_metabolic (pre-mapped),user_curated,Metabolism,COFACTOR,both,TRUE,TRUE,23,22,0,NA,GS_metabolic (pre-mapped) | COFACTOR | both,Pre-mapped via the file's own mouse-orthologs sheet; MGI casing recovered from mouse Ensembl IDs via the ortholog table; not re-routed through human_to_mouse()
GS_METAB_COMPLEX_I,GS_metabolic (pre-mapped),user_curated,Metabolism,COMPLEX_I,both,TRUE,TRUE,48,47,0,NA,GS_metabolic (pre-mapped) | COMPLEX_I | both,Pre-mapped via the file's own mouse-orthologs sheet; MGI casing recovered from mouse Ensembl IDs via the ortholog table; not re-routed through human_to_mouse()
GS_METAB_COMPLEX_III,GS_metabolic (pre-mapped),user_curated,Metabolism,COMPLEX_III,gsva,FALSE,TRUE,8,9,0,NA,GS_metabolic (pre-mapped) | COMPLEX_III | gsva,Pre-mapped via the file's own mouse-orthologs sheet; MGI casing recovered from mouse Ensembl IDs via the ortholog table; not re-routed through human_to_mouse()
GS_METAB_COMPLEX_IV,GS_metabolic (pre-mapped),user_curated,Metabolism,COMPLEX_IV,both,TRUE,TRUE,26,25,0,NA,GS_metabolic (pre-mapped) | COMPLEX_IV | both,Pre-mapped via the file's own mouse-orthologs sheet; MGI casing recovered from mouse Ensembl IDs via the ortholog table; not re-routed through human_to_mouse()
GS_METAB_CREATINE,GS_metabolic (pre-mapped),user_curated,Metabolism,CREATINE,gsva,FALSE,TRUE,6,7,0,NA,GS_metabolic (pre-mapped) | CREATINE | gsva,Pre-mapped via the file's own mouse-orthologs sheet; MGI casing recovered from mouse Ensembl IDs via the ortholog table; not re-routed through human_to_mouse()
GS_METAB_CYSTEINE,GS_metabolic (pre-mapped),user_curated,Metabolism,CYSTEINE,gsva,FALSE,TRUE,9,9,0,NA,GS_metabolic (pre-mapped) | CYSTEINE | gsva,Pre-mapped via the file's own mouse-orthologs sheet; MGI casing recovered from mouse Ensembl IDs via the ortholog table; not re-routed through human_to_mouse()
GS_METAB_DETOX,GS_metabolic (pre-mapped),user_curated,Metabolism,DETOX,both,TRUE,TRUE,46,30,0,NA,GS_metabolic (pre-mapped) | DETOX | both,Pre-mapped via the file's own mouse-orthologs sheet; MGI casing recovered from mouse Ensembl IDs via the ortholog table; not re-routed through human_to_mouse()
GS_METAB_FATTY_ACID,GS_metabolic (pre-mapped),user_curated,Metabolism,FATTY_ACID,both,TRUE,TRUE,125,120,0,NA,GS_metabolic (pre-mapped) | FATTY_ACID | both,Pre-mapped via the file's own mouse-orthologs sheet; MGI casing recovered from mouse Ensembl IDs via the ortholog table; not re-routed through human_to_mouse()
GS_METAB_FOLATE,GS_metabolic (pre-mapped),user_curated,Metabolism,FOLATE,gsva,FALSE,TRUE,12,12,0,NA,GS_metabolic (pre-mapped) | FOLATE | gsva,Pre-mapped via the file's own mouse-orthologs sheet; MGI casing recovered from mouse Ensembl IDs via the ortholog table; not re-routed through human_to_mouse()
GS_METAB_GLUTAMATE,GS_metabolic (pre-mapped),user_curated,Metabolism,GLUTAMATE,gsva,FALSE,TRUE,10,11,0,NA,GS_metabolic (pre-mapped) | GLUTAMATE | gsva,Pre-mapped via the file's own mouse-orthologs sheet; MGI casing recovered from mouse Ensembl IDs via the ortholog table; not re-routed through human_to_mouse()
GS_METAB_GLUTATHIONE,GS_metabolic (pre-mapped),user_curated,Metabolism,GLUTATHIONE,both,TRUE,TRUE,30,27,0,NA,GS_metabolic (pre-mapped) | GLUTATHIONE | both,Pre-mapped via the file's own mouse-orthologs sheet; MGI casing recovered from mouse Ensembl IDs via the ortholog table; not re-routed through human_to_mouse()
GS_METAB_GLYCAN,GS_metabolic (pre-mapped),user_curated,Metabolism,GLYCAN,both,TRUE,TRUE,136,138,0,NA,GS_metabolic (pre-mapped) | GLYCAN | both,Pre-mapped via the file's own mouse-orthologs sheet; MGI casing recovered from mouse Ensembl IDs via the ortholog table; not re-routed through human_to_mouse()
GS_METAB_GLYCAN_ANCHOR,GS_metabolic (pre-mapped),user_curated,Metabolism,GLYCAN_ANCHOR,both,TRUE,TRUE,24,24,0,NA,GS_metabolic (pre-mapped) | GLYCAN_ANCHOR | both,Pre-mapped via the file's own mouse-orthologs sheet; MGI casing recovered from mouse Ensembl IDs via the ortholog table; not re-routed through human_to_mouse()
GS_METAB_GLYCAN_DEGRADATION,GS_metabolic (pre-mapped),user_curated,Metabolism,GLYCAN_DEGRADATION,both,TRUE,TRUE,47,48,0,NA,GS_metabolic (pre-mapped) | GLYCAN_DEGRADATION | both,Pre-mapped via the file's own mouse-orthologs sheet; MGI casing recovered from mouse Ensembl IDs via the ortholog table; not re-routed through human_to_mouse()
GS_METAB_GLYCAN_SULFATE,GS_metabolic (pre-mapped),user_curated,Metabolism,GLYCAN_SULFATE,both,TRUE,TRUE,28,26,0,NA,GS_metabolic (pre-mapped) | GLYCAN_SULFATE | both,Pre-mapped via the file's own mouse-orthologs sheet; MGI casing recovered from mouse Ensembl IDs via the ortholog table; not re-routed through human_to_mouse()
GS_METAB_GLYCINE,GS_metabolic (pre-mapped),user_curated,Metabolism,GLYCINE,gsva,FALSE,TRUE,8,7,0,NA,GS_metabolic (pre-mapped) | GLYCINE | gsva,Pre-mapped via the file's own mouse-orthologs sheet; MGI casing recovered from mouse Ensembl IDs via the ortholog table; not re-routed through human_to_mouse()
GS_METAB_GLYCOLYSIS,GS_metabolic (pre-mapped),user_curated,Metabolism,GLYCOLYSIS,both,TRUE,TRUE,41,38,0,NA,GS_metabolic (pre-mapped) | GLYCOLYSIS | both,Pre-mapped via the file's own mouse-orthologs sheet; MGI casing recovered from mouse Ensembl IDs via the ortholog table; not re-routed through human_to_mouse()
GS_METAB_GLYOXYLATE,GS_metabolic (pre-mapped),user_curated,Metabolism,GLYOXYLATE,gsva,FALSE,TRUE,5,5,0,NA,GS_metabolic (pre-mapped) | GLYOXYLATE | gsva,Pre-mapped via the file's own mouse-orthologs sheet; MGI casing recovered from mouse Ensembl IDs via the ortholog table; not re-routed through human_to_mouse()
GS_METAB_HEPARIN_SULFATE,GS_metabolic (pre-mapped),user_curated,Metabolism,HEPARIN_SULFATE,both,TRUE,TRUE,24,24,0,NA,GS_metabolic (pre-mapped) | HEPARIN_SULFATE | both,Pre-mapped via the file's own mouse-orthologs sheet; MGI casing recovered from mouse Ensembl IDs via the ortholog table; not re-routed through human_to_mouse()
GS_METAB_HISTIDINE,GS_metabolic (pre-mapped),user_curated,Metabolism,HISTIDINE,gsva,FALSE,TRUE,7,7,0,NA,GS_metabolic (pre-mapped) | HISTIDINE | gsva,Pre-mapped via the file's own mouse-orthologs sheet; MGI casing recovered from mouse Ensembl IDs via the ortholog table; not re-routed through human_to_mouse()
GS_METAB_HORMONE,GS_metabolic (pre-mapped),user_curated,Metabolism,HORMONE,both,TRUE,TRUE,33,33,0,NA,GS_metabolic (pre-mapped) | HORMONE | both,Pre-mapped via the file's own mouse-orthologs sheet; MGI casing recovered from mouse Ensembl IDs via the ortholog table; not re-routed through human_to_mouse()
GS_METAB_INOSITOL_PHOSPHATE,GS_metabolic (pre-mapped),user_curated,Metabolism,INOSITOL_PHOSPHATE,both,TRUE,TRUE,56,56,0,NA,GS_metabolic (pre-mapped) | INOSITOL_PHOSPHATE | both,Pre-mapped via the file's own mouse-orthologs sheet; MGI casing recovered from mouse Ensembl IDs via the ortholog table; not re-routed through human_to_mouse()
GS_METAB_KETONE_BODIES,GS_metabolic (pre-mapped),user_curated,Metabolism,KETONE_BODIES,gsva,FALSE,TRUE,5,4,0,NA,GS_metabolic (pre-mapped) | KETONE_BODIES | gsva,Pre-mapped via the file's own mouse-orthologs sheet; MGI casing recovered from mouse Ensembl IDs via the ortholog table; not re-routed through human_to_mouse()
GS_METAB_KREBS,GS_metabolic (pre-mapped),user_curated,Metabolism,KREBS,both,TRUE,TRUE,27,26,0,NA,GS_metabolic (pre-mapped) | KREBS | both,Pre-mapped via the file's own mouse-orthologs sheet; MGI casing recovered from mouse Ensembl IDs via the ortholog table; not re-routed through human_to_mouse()
GS_METAB_MEMBRANE_LIPID,GS_metabolic (pre-mapped),user_curated,Metabolism,MEMBRANE_LIPID,both,TRUE,TRUE,111,112,0,NA,GS_metabolic (pre-mapped) | MEMBRANE_LIPID | both,Pre-mapped via the file's own mouse-orthologs sheet; MGI casing recovered from mouse Ensembl IDs via the ortholog table; not re-routed through human_to_mouse()
GS_METAB_METHIONINE,GS_metabolic (pre-mapped),user_curated,Metabolism,METHIONINE,gsva,FALSE,TRUE,7,7,0,NA,GS_metabolic (pre-mapped) | METHIONINE | gsva,Pre-mapped via the file's own mouse-orthologs sheet; MGI casing recovered from mouse Ensembl IDs via the ortholog table; not re-routed through human_to_mouse()
GS_METAB_MEVALONATE,GS_metabolic (pre-mapped),user_curated,Metabolism,MEVALONATE,gsva,FALSE,TRUE,9,8,0,NA,GS_metabolic (pre-mapped) | MEVALONATE | gsva,Pre-mapped via the file's own mouse-orthologs sheet; MGI casing recovered from mouse Ensembl IDs via the ortholog table; not re-routed through human_to_mouse()
GS_METAB_MULTIPURPOSE,GS_metabolic (pre-mapped),user_curated,Metabolism,MULTIPURPOSE,both,TRUE,TRUE,97,95,0,NA,GS_metabolic (pre-mapped) | MULTIPURPOSE | both,Pre-mapped via the file's own mouse-orthologs sheet; MGI casing recovered from mouse Ensembl IDs via the ortholog table; not re-routed through human_to_mouse()
GS_METAB_NAD,GS_metabolic (pre-mapped),user_curated,Metabolism,NAD,both,TRUE,TRUE,16,16,0,NA,GS_metabolic (pre-mapped) | NAD | both,Pre-mapped via the file's own mouse-orthologs sheet; MGI casing recovered from mouse Ensembl IDs via the ortholog table; not re-routed through human_to_mouse()
GS_METAB_NEUROTRANSMITTER,GS_metabolic (pre-mapped),user_curated,Metabolism,NEUROTRANSMITTER,both,TRUE,TRUE,16,16,0,NA,GS_metabolic (pre-mapped) | NEUROTRANSMITTER | both,Pre-mapped via the file's own mouse-orthologs sheet; MGI casing recovered from mouse Ensembl IDs via the ortholog table; not re-routed through human_to_mouse()
GS_METAB_NUCLEOTIDE,GS_metabolic (pre-mapped),user_curated,Metabolism,NUCLEOTIDE,both,TRUE,TRUE,62,60,0,NA,GS_metabolic (pre-mapped) | NUCLEOTIDE | both,Pre-mapped via the file's own mouse-orthologs sheet; MGI casing recovered from mouse Ensembl IDs via the ortholog table; not re-routed through human_to_mouse()
GS_METAB_OTHER,GS_metabolic (pre-mapped),user_curated,Metabolism,OTHER,both,TRUE,TRUE,39,39,0,NA,GS_metabolic (pre-mapped) | OTHER | both,Pre-mapped via the file's own mouse-orthologs sheet; MGI casing recovered from mouse Ensembl IDs via the ortholog table; not re-routed through human_to_mouse()
GS_METAB_OTHER_TRANSPORT,GS_metabolic (pre-mapped),user_curated,Metabolism,OTHER_TRANSPORT,both,TRUE,TRUE,19,19,0,NA,GS_metabolic (pre-mapped) | OTHER_TRANSPORT | both,Pre-mapped via the file's own mouse-orthologs sheet; MGI casing recovered from mouse Ensembl IDs via the ortholog table; not re-routed through human_to_mouse()
GS_METAB_PENTOSE_PHOSPHATE,GS_metabolic (pre-mapped),user_curated,Metabolism,PENTOSE_PHOSPHATE,gsva,FALSE,TRUE,11,11,0,NA,GS_metabolic (pre-mapped) | PENTOSE_PHOSPHATE | gsva,Pre-mapped via the file's own mouse-orthologs sheet; MGI casing recovered from mouse Ensembl IDs via the ortholog table; not re-routed through human_to_mouse()
GS_METAB_POLYAMINE,GS_metabolic (pre-mapped),user_curated,Metabolism,POLYAMINE,gsva,FALSE,TRUE,9,9,0,NA,GS_metabolic (pre-mapped) | POLYAMINE | gsva,Pre-mapped via the file's own mouse-orthologs sheet; MGI casing recovered from mouse Ensembl IDs via the ortholog table; not re-routed through human_to_mouse()
GS_METAB_PORPHYRIN,GS_metabolic (pre-mapped),user_curated,Metabolism,PORPHYRIN,gsva,FALSE,TRUE,13,13,0,NA,GS_metabolic (pre-mapped) | PORPHYRIN | gsva,Pre-mapped via the file's own mouse-orthologs sheet; MGI casing recovered from mouse Ensembl IDs via the ortholog table; not re-routed through human_to_mouse()
GS_METAB_PROLINE,GS_metabolic (pre-mapped),user_curated,Metabolism,PROLINE,gsva,FALSE,TRUE,5,5,0,NA,GS_metabolic (pre-mapped) | PROLINE | gsva,Pre-mapped via the file's own mouse-orthologs sheet; MGI casing recovered from mouse Ensembl IDs via the ortholog table; not re-routed through human_to_mouse()
GS_METAB_PROTON_TRANSPORT,GS_metabolic (pre-mapped),user_curated,Metabolism,PROTON_TRANSPORT,both,TRUE,TRUE,44,44,0,NA,GS_metabolic (pre-mapped) | PROTON_TRANSPORT | both,Pre-mapped via the file's own mouse-orthologs sheet; MGI casing recovered from mouse Ensembl IDs via the ortholog table; not re-routed through human_to_mouse()
GS_METAB_PURINE,GS_metabolic (pre-mapped),user_curated,Metabolism,PURINE,both,TRUE,TRUE,38,38,0,NA,GS_metabolic (pre-mapped) | PURINE | both,Pre-mapped via the file's own mouse-orthologs sheet; MGI casing recovered from mouse Ensembl IDs via the ortholog table; not re-routed through human_to_mouse()
GS_METAB_PYRIMIDINE,GS_metabolic (pre-mapped),user_curated,Metabolism,PYRIMIDINE,both,TRUE,TRUE,27,27,0,NA,GS_metabolic (pre-mapped) | PYRIMIDINE | both,Pre-mapped via the file's own mouse-orthologs sheet; MGI casing recovered from mouse Ensembl IDs via the ortholog table; not re-routed through human_to_mouse()
GS_METAB_REACTIVE_OXYGEN,GS_metabolic (pre-mapped),user_curated,Metabolism,REACTIVE_OXYGEN,gsva,FALSE,TRUE,6,6,0,NA,GS_metabolic (pre-mapped) | REACTIVE_OXYGEN | gsva,Pre-mapped via the file's own mouse-orthologs sheet; MGI casing recovered from mouse Ensembl IDs via the ortholog table; not re-routed through human_to_mouse()
GS_METAB_REDOX,GS_metabolic (pre-mapped),user_curated,Metabolism,REDOX,both,TRUE,TRUE,62,60,0,NA,GS_metabolic (pre-mapped) | REDOX | both,Pre-mapped via the file's own mouse-orthologs sheet; MGI casing recovered from mouse Ensembl IDs via the ortholog table; not re-routed through human_to_mouse()
GS_METAB_SIGNALLING,GS_metabolic (pre-mapped),user_curated,Metabolism,SIGNALLING,both,TRUE,TRUE,56,49,0,NA,GS_metabolic (pre-mapped) | SIGNALLING | both,Pre-mapped via the file's own mouse-orthologs sheet; MGI casing recovered from mouse Ensembl IDs via the ortholog table; not re-routed through human_to_mouse()
GS_METAB_SMALL_MOLECULE_TRANSPORT,GS_metabolic (pre-mapped),user_curated,Metabolism,SMALL_MOLECULE_TRANSPORT,both,TRUE,TRUE,346,335,0,NA,GS_metabolic (pre-mapped) | SMALL_MOLECULE_TRANSPORT | both,Pre-mapped via the file's own mouse-orthologs sheet; MGI casing recovered from mouse Ensembl IDs via the ortholog table; not re-routed through human_to_mouse()
GS_METAB_SPHINGOLIPID,GS_metabolic (pre-mapped),user_curated,Metabolism,SPHINGOLIPID,both,TRUE,TRUE,27,26,0,NA,GS_metabolic (pre-mapped) | SPHINGOLIPID | both,Pre-mapped via the file's own mouse-orthologs sheet; MGI casing recovered from mouse Ensembl IDs via the ortholog table; not re-routed through human_to_mouse()
GS_METAB_SPHINGOSINE,GS_metabolic (pre-mapped),user_curated,Metabolism,SPHINGOSINE,gsva,FALSE,TRUE,6,7,0,NA,GS_metabolic (pre-mapped) | SPHINGOSINE | gsva,Pre-mapped via the file's own mouse-orthologs sheet; MGI casing recovered from mouse Ensembl IDs via the ortholog table; not re-routed through human_to_mouse()
GS_METAB_STEROID,GS_metabolic (pre-mapped),user_curated,Metabolism,STEROID,both,TRUE,TRUE,53,45,0,NA,GS_metabolic (pre-mapped) | STEROID | both,Pre-mapped via the file's own mouse-orthologs sheet; MGI casing recovered from mouse Ensembl IDs via the ortholog table; not re-routed through human_to_mouse()
GS_METAB_SUGAR,GS_metabolic (pre-mapped),user_curated,Metabolism,SUGAR,both,TRUE,TRUE,36,36,0,NA,GS_metabolic (pre-mapped) | SUGAR | both,Pre-mapped via the file's own mouse-orthologs sheet; MGI casing recovered from mouse Ensembl IDs via the ortholog table; not re-routed through human_to_mouse()
GS_METAB_SULFATE,GS_metabolic (pre-mapped),user_curated,Metabolism,SULFATE,both,TRUE,TRUE,21,15,0,NA,GS_metabolic (pre-mapped) | SULFATE | both,Pre-mapped via the file's own mouse-orthologs sheet; MGI casing recovered from mouse Ensembl IDs via the ortholog table; not re-routed through human_to_mouse()
GS_METAB_TRYPTOPHAN,GS_metabolic (pre-mapped),user_curated,Metabolism,TRYPTOPHAN,gsva,FALSE,TRUE,9,9,0,NA,GS_metabolic (pre-mapped) | TRYPTOPHAN | gsva,Pre-mapped via the file's own mouse-orthologs sheet; MGI casing recovered from mouse Ensembl IDs via the ortholog table; not re-routed through human_to_mouse()
GS_METAB_TYROSINE,GS_metabolic (pre-mapped),user_curated,Metabolism,TYROSINE,gsva,FALSE,TRUE,8,8,0,NA,GS_metabolic (pre-mapped) | TYROSINE | gsva,Pre-mapped via the file's own mouse-orthologs sheet; MGI casing recovered from mouse Ensembl IDs via the ortholog table; not re-routed through human_to_mouse()
GS_METAB_UBIQUINONE,GS_metabolic (pre-mapped),user_curated,Metabolism,UBIQUINONE,gsva,FALSE,TRUE,12,12,0,NA,GS_metabolic (pre-mapped) | UBIQUINONE | gsva,Pre-mapped via the file's own mouse-orthologs sheet; MGI casing recovered from mouse Ensembl IDs via the ortholog table; not re-routed through human_to_mouse()
GS_METAB_UREA,GS_metabolic (pre-mapped),user_curated,Metabolism,UREA,gsva,FALSE,TRUE,7,7,0,NA,GS_metabolic (pre-mapped) | UREA | gsva,Pre-mapped via the file's own mouse-orthologs sheet; MGI casing recovered from mouse Ensembl IDs via the ortholog table; not re-routed through human_to_mouse()
GS_METAB_VITAMIN_A,GS_metabolic (pre-mapped),user_curated,Metabolism,VITAMIN_A,both,TRUE,TRUE,21,16,0,NA,GS_metabolic (pre-mapped) | VITAMIN_A | both,Pre-mapped via the file's own mouse-orthologs sheet; MGI casing recovered from mouse Ensembl IDs via the ortholog table; not re-routed through human_to_mouse()
PROLIF_CELL_CYCLE_KEGG,MSIGDB,msigdb,Proliferation,proliferation: Cell cycle (global),both,TRUE,TRUE,91,92,1,NA,Cell cycle (global) | MSigDB KEGG_CELL_CYCLE (CP:KEGG_LEGACY) | both,NA
PROLIF_CELL_CYCLE_REACTOME,MSIGDB,msigdb,Proliferation,proliferation: Cell cycle (global),both,TRUE,TRUE,255,252,6,NA,Cell cycle (global) | MSigDB REACTOME_CELL_CYCLE_MITOTIC (CP:REACTOME) | both,NA
PROLIF_CELL_CYCLE_WP,MSIGDB,msigdb,Proliferation,proliferation: Cell cycle (global),both,TRUE,TRUE,88,89,1,NA,Cell cycle (global) | MSigDB WP_CELL_CYCLE (CP:WIKIPATHWAYS) | both,NA
PROLIF_DNA_REPAIR_HALLMARK,MSIGDB,msigdb,Proliferation,proliferation: DNA repair,both,TRUE,TRUE,150,149,5,NA,DNA repair | MSigDB HALLMARK_DNA_REPAIR () | both,NA
PROLIF_DNA_REPLICATION_KEGG,MSIGDB,msigdb,Proliferation,proliferation: DNA replication,both,TRUE,TRUE,30,29,1,NA,DNA replication | MSigDB KEGG_DNA_REPLICATION (CP:KEGG_LEGACY) | both,NA
PROLIF_DNA_REPLICATION_REACTOME,MSIGDB,msigdb,Proliferation,proliferation: DNA replication,both,TRUE,TRUE,84,81,3,NA,DNA replication | MSigDB REACTOME_DNA_REPLICATION (CP:REACTOME) | both,NA
PROLIF_DNA_REPLICATION_WP,MSIGDB,msigdb,Proliferation,proliferation: DNA replication,both,TRUE,TRUE,33,32,1,NA,DNA replication | MSigDB WP_DNA_REPLICATION (CP:WIKIPATHWAYS) | both,NA
PROLIF_E2F_HALLMARK,MSIGDB,msigdb,Proliferation,proliferation: E2F targets,both,TRUE,TRUE,200,197,4,NA,E2F targets | MSigDB HALLMARK_E2F_TARGETS () | both,NA
PROLIF_G1_S_REACTOME,MSIGDB,msigdb,Proliferation,proliferation: G1/S transition,both,TRUE,TRUE,99,100,0,NA,G1/S transition | MSigDB REACTOME_MITOTIC_G1_PHASE_AND_G1_S_TRANSITION (CP:REACTOME) | both,NA
PROLIF_G1_S_WP,MSIGDB,msigdb,Proliferation,proliferation: G1/S transition,both,TRUE,TRUE,49,49,0,NA,G1/S transition | MSigDB WP_G1_TO_S_CELL_CYCLE_CONTROL (CP:WIKIPATHWAYS) | both,NA
PROLIF_G2M_CHECKPOINT_REACTOME,MSIGDB,msigdb,Proliferation,proliferation: G2/M phases,both,TRUE,TRUE,78,75,3,NA,G2/M phases | MSigDB REACTOME_G2_M_CHECKPOINTS (CP:REACTOME) | both,NA
PROLIF_G2M_HALLMARK,MSIGDB,msigdb,Proliferation,proliferation: G2/M checkpoint,both,TRUE,TRUE,198,196,3,NA,G2/M checkpoint | MSigDB HALLMARK_G2M_CHECKPOINT () | both,NA
PROLIF_G2M_PHASES_REACTOME,MSIGDB,msigdb,Proliferation,proliferation: G2/M phases,both,TRUE,TRUE,93,91,2,NA,G2/M phases | MSigDB REACTOME_MITOTIC_G2_G2_M_PHASES (CP:REACTOME) | both,NA
PROLIF_MITOTIC_SPINDLE_HALLMARK,MSIGDB,msigdb,Proliferation,proliferation: Mitotic spindle,both,TRUE,TRUE,199,197,2,NA,Mitotic spindle | MSigDB HALLMARK_MITOTIC_SPINDLE () | both,NA
TFT_AEBP1_GRAY_BA_DUCT,GRAY_CHEA,tf_regulon,TF_targets,Gray CHEA: BA_DUCT,gsva,TRUE,TRUE,101,101,0,NA,Gray-Brugge CHEA3 upstream-regulator overlapping-gene program | context BA_DUCT | CHEA rank 6 score 31 | Overlapping_Genes human->mouse | gsva,NA
TFT_AEBP1_GRAY_HS_DUCT,GRAY_CHEA,tf_regulon,TF_targets,Gray CHEA: HS_DUCT,gsva,TRUE,TRUE,16,16,0,NA,Gray-Brugge CHEA3 upstream-regulator overlapping-gene program | context HS_DUCT | CHEA rank 6 score 24 | Overlapping_Genes human->mouse | gsva,NA
TFT_AEBP1_GRAY_HS_TEB,GRAY_CHEA,tf_regulon,TF_targets,Gray CHEA: HS_TEB,gsva,TRUE,TRUE,58,58,0,NA,Gray-Brugge CHEA3 upstream-regulator overlapping-gene program | context HS_TEB | CHEA rank 10 score 47 | Overlapping_Genes human->mouse | gsva,NA
TFT_ALX1_GRAY_BA_LE_MITO,GRAY_CHEA_MITO,tf_regulon,TF_targets,Gray CHEA mito-overlap: BA_LE,gsva,TRUE,TRUE,39,39,0,NA,Gray-Brugge CHEA TF program intersected with MitoCarta (Decision-5 mito-overlap) | context BA_LE | 39 mito genes | BH FDR 2.35e-15 | gsva,gray_chea_mito: BH_FDR<0.01 & n_mito>=15
TFT_ARNTL2_GRAY_HS_TEB,GRAY_CHEA,tf_regulon,TF_targets,Gray CHEA: HS_TEB,gsva,TRUE,TRUE,130,128,0,NA,Gray-Brugge CHEA3 upstream-regulator overlapping-gene program | context HS_TEB | CHEA rank 5 score 34.67 | Overlapping_Genes human->mouse | gsva,NA
TFT_ARNT_GRAY_AP_LE_MITO,GRAY_CHEA_MITO,tf_regulon,TF_targets,Gray CHEA mito-overlap: AP_LE,gsva,TRUE,TRUE,36,36,0,NA,Gray-Brugge CHEA TF program intersected with MitoCarta (Decision-5 mito-overlap) | context AP_LE | 36 mito genes | BH FDR 1.17e-12 | gsva,gray_chea_mito: BH_FDR<0.01 & n_mito>=15
TFT_ATF1_GRAY_AP_LE_MITO,GRAY_CHEA_MITO,tf_regulon,TF_targets,Gray CHEA mito-overlap: AP_LE,gsva,TRUE,TRUE,42,42,0,NA,Gray-Brugge CHEA TF program intersected with MitoCarta (Decision-5 mito-overlap) | context AP_LE | 42 mito genes | BH FDR 2.87e-08 | gsva,gray_chea_mito: BH_FDR<0.01 & n_mito>=15
TFT_ATF1_GRAY_BA_LE_MITO,GRAY_CHEA_MITO,tf_regulon,TF_targets,Gray CHEA mito-overlap: BA_LE,gsva,TRUE,TRUE,71,71,0,NA,Gray-Brugge CHEA TF program intersected with MitoCarta (Decision-5 mito-overlap) | context BA_LE | 71 mito genes | BH FDR 4.44e-19 | gsva,gray_chea_mito: BH_FDR<0.01 & n_mito>=15
TFT_ATF1_GRAY_BA_TEB_MITO,GRAY_CHEA_MITO,tf_regulon,TF_targets,Gray CHEA mito-overlap: BA_TEB,gsva,TRUE,TRUE,32,32,0,NA,Gray-Brugge CHEA TF program intersected with MitoCarta (Decision-5 mito-overlap) | context BA_TEB | 32 mito genes | BH FDR 0.000195 | gsva,gray_chea_mito: BH_FDR<0.01 & n_mito>=15
TFT_ATF3_GRAY_AP_HE,GRAY_CHEA,tf_regulon,TF_targets,Gray CHEA: AP_HE,gsva,TRUE,TRUE,99,99,0,NA,Gray-Brugge CHEA3 upstream-regulator overlapping-gene program | context AP_HE | CHEA rank 10 score 35 | Overlapping_Genes human->mouse | gsva,NA
TFT_ATF3_GRAY_BA_HE,GRAY_CHEA,tf_regulon,TF_targets,Gray CHEA: BA_HE,gsva,TRUE,TRUE,145,145,0,NA,Gray-Brugge CHEA3 upstream-regulator overlapping-gene program | context BA_HE | CHEA rank 7 score 27.17 | Overlapping_Genes human->mouse | gsva,NA
TFT_ATOH8_GRAY_BA_DUCT,GRAY_CHEA,tf_regulon,TF_targets,Gray CHEA: BA_DUCT,gsva,TRUE,TRUE,170,170,0,NA,Gray-Brugge CHEA3 upstream-regulator overlapping-gene program | context BA_DUCT | CHEA rank 4 score 30.67 | Overlapping_Genes human->mouse | gsva,NA
TFT_ATOH8_GRAY_HS_DUCT,GRAY_CHEA,tf_regulon,TF_targets,Gray CHEA: HS_DUCT,gsva,TRUE,TRUE,27,27,0,NA,Gray-Brugge CHEA3 upstream-regulator overlapping-gene program | context HS_DUCT | CHEA rank 4 score 15.33 | Overlapping_Genes human->mouse | gsva,NA
TFT_BACH1_CHUNG,DOROTHEA+CHUNG,tf_regulon,TF_targets,Chung chromVAR: ML1 (cluster 3),fgsea,TRUE,TRUE,30,28,0,NA,"Chung 2019 chromVAR predictive TF (ML1, cluster 3) | DoRothEA mouse regulon conf B | fgsea",chung_cluster=3; dorothea_confidence=B
TFT_BACH2_CHUNG,DOROTHEA+CHUNG,tf_regulon,TF_targets,Chung chromVAR: ML1 (cluster 3),fgsea,TRUE,TRUE,50,48,0,NA,"Chung 2019 chromVAR predictive TF (ML1, cluster 3) | DoRothEA mouse regulon conf C | fgsea",chung_cluster=3; dorothea_confidence=C
TFT_BATF_CHUNG,DOROTHEA+CHUNG,tf_regulon,TF_targets,Chung chromVAR: ML1 (cluster 3),fgsea,TRUE,TRUE,48,47,1,NA,"Chung 2019 chromVAR predictive TF (ML1, cluster 3) | DoRothEA mouse regulon conf C | fgsea",chung_cluster=3; dorothea_confidence=C
TFT_BRF2_GRAY_AP_LE_MITO,GRAY_CHEA_MITO,tf_regulon,TF_targets,Gray CHEA mito-overlap: AP_LE,gsva,TRUE,TRUE,36,36,0,NA,Gray-Brugge CHEA TF program intersected with MitoCarta (Decision-5 mito-overlap) | context AP_LE | 36 mito genes | BH FDR 4.73e-15 | gsva,gray_chea_mito: BH_FDR<0.01 & n_mito>=15
TFT_BRF2_GRAY_BA_LE_MITO,GRAY_CHEA_MITO,tf_regulon,TF_targets,Gray CHEA mito-overlap: BA_LE,gsva,TRUE,TRUE,47,47,0,NA,Gray-Brugge CHEA TF program intersected with MitoCarta (Decision-5 mito-overlap) | context BA_LE | 47 mito genes | BH FDR 1.16e-18 | gsva,gray_chea_mito: BH_FDR<0.01 & n_mito>=15
TFT_CDX4_GRAY_BA_LE_MITO,GRAY_CHEA_MITO,tf_regulon,TF_targets,Gray CHEA mito-overlap: BA_LE,gsva,TRUE,TRUE,17,17,0,NA,Gray-Brugge CHEA TF program intersected with MitoCarta (Decision-5 mito-overlap) | context BA_LE | 17 mito genes | BH FDR 0.00104 | gsva,gray_chea_mito: BH_FDR<0.01 & n_mito>=15
TFT_CEBPA_CHUNG,DOROTHEA+CHUNG,tf_regulon,TF_targets,Chung chromVAR: Basal/fetal1 (cluster 1),fgsea,TRUE,TRUE,143,137,1,NA,"Chung 2019 chromVAR predictive TF (Basal/fetal1, cluster 1) | DoRothEA mouse regulon conf A | fgsea",chung_cluster=1; dorothea_confidence=A
TFT_CEBPB_CHUNG,DOROTHEA+CHUNG,tf_regulon,TF_targets,Chung chromVAR: Basal/fetal1 (cluster 1),fgsea,TRUE,TRUE,38,38,0,NA,"Chung 2019 chromVAR predictive TF (Basal/fetal1, cluster 1) | DoRothEA mouse regulon conf A | fgsea",chung_cluster=1; dorothea_confidence=A
TFT_CEBPD_CHUNG,DOROTHEA+CHUNG,tf_regulon,TF_targets,Chung chromVAR: Basal/fetal1 (cluster 1),fgsea,FALSE,TRUE,13,14,0,NA,"Chung 2019 chromVAR predictive TF (Basal/fetal1, cluster 1) | DoRothEA mouse regulon conf B | fgsea",chung_cluster=1; dorothea_confidence=B
TFT_CEBPG_CHUNG,DOROTHEA+CHUNG,tf_regulon,TF_targets,Chung chromVAR: Basal/fetal1 (cluster 1),fgsea,TRUE,TRUE,45,43,2,NA,"Chung 2019 chromVAR predictive TF (Basal/fetal1, cluster 1) | DoRothEA mouse regulon conf C | fgsea",chung_cluster=1; dorothea_confidence=C
TFT_CEBPG_GRAY_BA_LE_MITO,GRAY_CHEA_MITO,tf_regulon,TF_targets,Gray CHEA mito-overlap: BA_LE,gsva,TRUE,TRUE,36,36,0,NA,Gray-Brugge CHEA TF program intersected with MitoCarta (Decision-5 mito-overlap) | context BA_LE | 36 mito genes | BH FDR 4.49e-11 | gsva,gray_chea_mito: BH_FDR<0.01 & n_mito>=15
TFT_CEBPZ_GRAY_AP_LE_MITO,GRAY_CHEA_MITO,tf_regulon,TF_targets,Gray CHEA mito-overlap: AP_LE,gsva,TRUE,TRUE,27,27,0,NA,Gray-Brugge CHEA TF program intersected with MitoCarta (Decision-5 mito-overlap) | context AP_LE | 27 mito genes | BH FDR 0.00448 | gsva,gray_chea_mito: BH_FDR<0.01 & n_mito>=15
TFT_CEBPZ_GRAY_BA_LE_MITO,GRAY_CHEA_MITO,tf_regulon,TF_targets,Gray CHEA mito-overlap: BA_LE,gsva,TRUE,TRUE,45,45,0,NA,Gray-Brugge CHEA TF program intersected with MitoCarta (Decision-5 mito-overlap) | context BA_LE | 45 mito genes | BH FDR 1.85e-09 | gsva,gray_chea_mito: BH_FDR<0.01 & n_mito>=15
TFT_CENPA_GRAY_AP_LE,GRAY_CHEA,tf_regulon,TF_targets,Gray CHEA: AP_LE,gsva,TRUE,TRUE,223,208,0,NA,Gray-Brugge CHEA3 upstream-regulator overlapping-gene program | context AP_LE | CHEA rank 1 score 3.5 | Overlapping_Genes human->mouse | gsva,NA
TFT_CENPA_GRAY_AP_TEB,GRAY_CHEA,tf_regulon,TF_targets,Gray CHEA: AP_TEB,gsva,TRUE,TRUE,141,140,0,NA,Gray-Brugge CHEA3 upstream-regulator overlapping-gene program | context AP_TEB | CHEA rank 2 score 4.5 | Overlapping_Genes human->mouse | gsva,NA
TFT_CENPA_GRAY_BA_LE,GRAY_CHEA,tf_regulon,TF_targets,Gray CHEA: BA_LE,gsva,TRUE,TRUE,224,209,0,NA,Gray-Brugge CHEA3 upstream-regulator overlapping-gene program | context BA_LE | CHEA rank 1 score 2.5 | Overlapping_Genes human->mouse | gsva,NA
TFT_CENPA_GRAY_BA_TEB,GRAY_CHEA,tf_regulon,TF_targets,Gray CHEA: BA_TEB,gsva,TRUE,TRUE,177,173,0,NA,Gray-Brugge CHEA3 upstream-regulator overlapping-gene program | context BA_TEB | CHEA rank 2 score 4 | Overlapping_Genes human->mouse | gsva,NA
TFT_CENPA_GRAY_HS_LE,GRAY_CHEA,tf_regulon,TF_targets,Gray CHEA: HS_LE,gsva,TRUE,TRUE,88,71,0,NA,Gray-Brugge CHEA3 upstream-regulator overlapping-gene program | context HS_LE | CHEA rank 1 score 2.5 | Overlapping_Genes human->mouse | gsva,NA
TFT_CENPA_GRAY_HS_TEB,GRAY_CHEA,tf_regulon,TF_targets,Gray CHEA: HS_TEB,gsva,TRUE,TRUE,57,60,0,NA,Gray-Brugge CHEA3 upstream-regulator overlapping-gene program | context HS_TEB | CHEA rank 1 score 10 | Overlapping_Genes human->mouse | gsva,NA
TFT_CENPBD1_GRAY_BA_LE_MITO,GRAY_CHEA_MITO,tf_regulon,TF_targets,Gray CHEA mito-overlap: BA_LE,gsva,TRUE,TRUE,24,24,0,NA,Gray-Brugge CHEA TF program intersected with MitoCarta (Decision-5 mito-overlap) | context BA_LE | 24 mito genes | BH FDR 1.55e-13 | gsva,gray_chea_mito: BH_FDR<0.01 & n_mito>=15
TFT_CHCHD3_GRAY_AP_LE_MITO,GRAY_CHEA_MITO,tf_regulon,TF_targets,Gray CHEA mito-overlap: AP_LE,gsva,TRUE,TRUE,41,41,0,NA,Gray-Brugge CHEA TF program intersected with MitoCarta (Decision-5 mito-overlap) | context AP_LE | 41 mito genes | BH FDR 1.98e-23 | gsva,gray_chea_mito: BH_FDR<0.01 & n_mito>=15
TFT_CHCHD3_GRAY_BA_LE_MITO,GRAY_CHEA_MITO,tf_regulon,TF_targets,Gray CHEA mito-overlap: BA_LE,gsva,TRUE,TRUE,50,50,0,NA,Gray-Brugge CHEA TF program intersected with MitoCarta (Decision-5 mito-overlap) | context BA_LE | 50 mito genes | BH FDR 1.41e-30 | gsva,gray_chea_mito: BH_FDR<0.01 & n_mito>=15
TFT_CREB1_GRAY_AP_LE_MITO,GRAY_CHEA_MITO,tf_regulon,TF_targets,Gray CHEA mito-overlap: AP_LE,gsva,TRUE,TRUE,44,44,0,NA,Gray-Brugge CHEA TF program intersected with MitoCarta (Decision-5 mito-overlap) | context AP_LE | 44 mito genes | BH FDR 6e-08 | gsva,gray_chea_mito: BH_FDR<0.01 & n_mito>=15
TFT_CREB1_GRAY_BA_LE_MITO,GRAY_CHEA_MITO,tf_regulon,TF_targets,Gray CHEA mito-overlap: BA_LE,gsva,TRUE,TRUE,76,76,0,NA,Gray-Brugge CHEA TF program intersected with MitoCarta (Decision-5 mito-overlap) | context BA_LE | 76 mito genes | BH FDR 2.57e-21 | gsva,gray_chea_mito: BH_FDR<0.01 & n_mito>=15
TFT_CREB3L1_GRAY_BA_LE_MITO,GRAY_CHEA_MITO,tf_regulon,TF_targets,Gray CHEA mito-overlap: BA_LE,gsva,TRUE,TRUE,25,25,0,NA,Gray-Brugge CHEA TF program intersected with MitoCarta (Decision-5 mito-overlap) | context BA_LE | 25 mito genes | BH FDR 0.00137 | gsva,gray_chea_mito: BH_FDR<0.01 & n_mito>=15
TFT_CREB3_GRAY_AP_LE_MITO,GRAY_CHEA_MITO,tf_regulon,TF_targets,Gray CHEA mito-overlap: AP_LE,gsva,TRUE,TRUE,18,18,0,NA,Gray-Brugge CHEA TF program intersected with MitoCarta (Decision-5 mito-overlap) | context AP_LE | 18 mito genes | BH FDR 0.000832 | gsva,gray_chea_mito: BH_FDR<0.01 & n_mito>=15
TFT_CREB3_GRAY_BA_LE_MITO,GRAY_CHEA_MITO,tf_regulon,TF_targets,Gray CHEA mito-overlap: BA_LE,gsva,TRUE,TRUE,34,34,0,NA,Gray-Brugge CHEA TF program intersected with MitoCarta (Decision-5 mito-overlap) | context BA_LE | 34 mito genes | BH FDR 1.14e-09 | gsva,gray_chea_mito: BH_FDR<0.01 & n_mito>=15
TFT_CSRNP1_GRAY_AP_DUCT,GRAY_CHEA,tf_regulon,TF_targets,Gray CHEA: AP_DUCT,gsva,FALSE,TRUE,14,15,0,NA,Gray-Brugge CHEA3 upstream-regulator overlapping-gene program | context AP_DUCT | CHEA rank 5 score 28.5 | Overlapping_Genes human->mouse | gsva,NA
TFT_CSRNP1_GRAY_AP_HE,GRAY_CHEA,tf_regulon,TF_targets,Gray CHEA: AP_HE,gsva,TRUE,TRUE,26,27,0,NA,Gray-Brugge CHEA3 upstream-regulator overlapping-gene program | context AP_HE | CHEA rank 1 score 9.5 | Overlapping_Genes human->mouse | gsva,NA
TFT_CSRNP1_GRAY_BA_HE,GRAY_CHEA,tf_regulon,TF_targets,Gray CHEA: BA_HE,gsva,TRUE,TRUE,41,41,0,NA,Gray-Brugge CHEA3 upstream-regulator overlapping-gene program | context BA_HE | CHEA rank 4 score 16.5 | Overlapping_Genes human->mouse | gsva,NA
TFT_CTCF_CHUNG,DOROTHEA+CHUNG,tf_regulon,TF_targets,Chung chromVAR: ML2 (cluster 4),fgsea,TRUE,TRUE,108,103,0,NA,"Chung 2019 chromVAR predictive TF (ML2, cluster 4) | DoRothEA mouse regulon conf A | fgsea",chung_cluster=4; dorothea_confidence=A
TFT_CTCF_GRAY_AP_LE_MITO,GRAY_CHEA_MITO,tf_regulon,TF_targets,Gray CHEA mito-overlap: AP_LE,gsva,TRUE,TRUE,43,43,0,NA,Gray-Brugge CHEA TF program intersected with MitoCarta (Decision-5 mito-overlap) | context AP_LE | 43 mito genes | BH FDR 3.21e-06 | gsva,gray_chea_mito: BH_FDR<0.01 & n_mito>=15
TFT_CTCF_GRAY_BA_LE_MITO,GRAY_CHEA_MITO,tf_regulon,TF_targets,Gray CHEA mito-overlap: BA_LE,gsva,TRUE,TRUE,76,76,0,NA,Gray-Brugge CHEA TF program intersected with MitoCarta (Decision-5 mito-overlap) | context BA_LE | 76 mito genes | BH FDR 1.41e-15 | gsva,gray_chea_mito: BH_FDR<0.01 & n_mito>=15
TFT_DACH1_GRAY_BA_LE_MITO,GRAY_CHEA_MITO,tf_regulon,TF_targets,Gray CHEA mito-overlap: BA_LE,gsva,TRUE,TRUE,30,30,0,NA,Gray-Brugge CHEA TF program intersected with MitoCarta (Decision-5 mito-overlap) | context BA_LE | 30 mito genes | BH FDR 1.64e-05 | gsva,gray_chea_mito: BH_FDR<0.01 & n_mito>=15
TFT_DMTF1_GRAY_BA_LE_MITO,GRAY_CHEA_MITO,tf_regulon,TF_targets,Gray CHEA mito-overlap: BA_LE,gsva,TRUE,TRUE,25,25,0,NA,Gray-Brugge CHEA TF program intersected with MitoCarta (Decision-5 mito-overlap) | context BA_LE | 25 mito genes | BH FDR 9.28e-11 | gsva,gray_chea_mito: BH_FDR<0.01 & n_mito>=15
TFT_DNMT1_GRAY_AP_LE,GRAY_CHEA,tf_regulon,TF_targets,Gray CHEA: AP_LE,gsva,TRUE,TRUE,205,187,0,NA,Gray-Brugge CHEA3 upstream-regulator overlapping-gene program | context AP_LE | CHEA rank 10 score 35 | Overlapping_Genes human->mouse | gsva,NA
TFT_DNMT1_GRAY_AP_TEB,GRAY_CHEA,tf_regulon,TF_targets,Gray CHEA: AP_TEB,gsva,TRUE,TRUE,133,131,0,NA,Gray-Brugge CHEA3 upstream-regulator overlapping-gene program | context AP_TEB | CHEA rank 9 score 22.5 | Overlapping_Genes human->mouse | gsva,NA
TFT_DRAP1_GRAY_AP_LE_MITO,GRAY_CHEA_MITO,tf_regulon,TF_targets,Gray CHEA mito-overlap: AP_LE,gsva,TRUE,TRUE,20,20,0,NA,Gray-Brugge CHEA TF program intersected with MitoCarta (Decision-5 mito-overlap) | context AP_LE | 20 mito genes | BH FDR 0.00223 | gsva,gray_chea_mito: BH_FDR<0.01 & n_mito>=15
TFT_DRAP1_GRAY_BA_LE_MITO,GRAY_CHEA_MITO,tf_regulon,TF_targets,Gray CHEA mito-overlap: BA_LE,gsva,TRUE,TRUE,28,28,0,NA,Gray-Brugge CHEA TF program intersected with MitoCarta (Decision-5 mito-overlap) | context BA_LE | 28 mito genes | BH FDR 9.86e-07 | gsva,gray_chea_mito: BH_FDR<0.01 & n_mito>=15
TFT_E2F1_CHIPATLAS,CHIPATLAS,tf_regulon,TF_targets,regulon: ChIP-Atlas,fgsea,TRUE,TRUE,500,466,41,NA,"ChIP-Atlas mm10 target genes, TSS+-1kb, top 500 by mean binding score | TF E2F1 | fgsea",chipatlas_mm10_1kb_top500
TFT_E2F1_DOROTHEA_ABC,DOROTHEA,tf_regulon,TF_targets,regulon: DoRothEA A/B/C,fgsea,TRUE,TRUE,307,304,3,NA,"DoRothEA mouse regulon (dorothea_mm), confidence A | TF E2F1 | fgsea",dorothea_confidence=A
TFT_E2F1_GRAY_AP_LE,GRAY_CHEA,tf_regulon,TF_targets,Gray CHEA: AP_LE,gsva,FALSE,TRUE,587,562,0,NA,Gray-Brugge CHEA3 upstream-regulator overlapping-gene program | context AP_LE | CHEA rank 3 score 7.5 | Overlapping_Genes human->mouse | gsva,NA
TFT_E2F1_GRAY_AP_LE_MITO,GRAY_CHEA_MITO,tf_regulon,TF_targets,Gray CHEA mito-overlap: AP_LE,gsva,TRUE,TRUE,70,70,0,NA,Gray-Brugge CHEA TF program intersected with MitoCarta (Decision-5 mito-overlap) | context AP_LE | 70 mito genes | BH FDR 9.42e-10 | gsva,gray_chea_mito: BH_FDR<0.01 & n_mito>=15
TFT_E2F1_GRAY_AP_TEB,GRAY_CHEA,tf_regulon,TF_targets,Gray CHEA: AP_TEB,gsva,TRUE,TRUE,401,399,0,NA,Gray-Brugge CHEA3 upstream-regulator overlapping-gene program | context AP_TEB | CHEA rank 5 score 15.83 | Overlapping_Genes human->mouse | gsva,NA
TFT_E2F1_GRAY_BA_LE,GRAY_CHEA,tf_regulon,TF_targets,Gray CHEA: BA_LE,gsva,FALSE,TRUE,788,766,0,NA,Gray-Brugge CHEA3 upstream-regulator overlapping-gene program | context BA_LE | CHEA rank 4 score 11.5 | Overlapping_Genes human->mouse | gsva,NA
TFT_E2F1_GRAY_BA_LE_MITO,GRAY_CHEA_MITO,tf_regulon,TF_targets,Gray CHEA mito-overlap: BA_LE,gsva,TRUE,TRUE,114,114,0,NA,Gray-Brugge CHEA TF program intersected with MitoCarta (Decision-5 mito-overlap) | context BA_LE | 114 mito genes | BH FDR 3.11e-22 | gsva,gray_chea_mito: BH_FDR<0.01 & n_mito>=15
TFT_E2F1_GRAY_BA_TEB,GRAY_CHEA,tf_regulon,TF_targets,Gray CHEA: BA_TEB,gsva,FALSE,TRUE,611,606,0,NA,Gray-Brugge CHEA3 upstream-regulator overlapping-gene program | context BA_TEB | CHEA rank 3 score 7.5 | Overlapping_Genes human->mouse | gsva,NA
TFT_E2F1_GRAY_BA_TEB_MITO,GRAY_CHEA_MITO,tf_regulon,TF_targets,Gray CHEA mito-overlap: BA_TEB,gsva,TRUE,TRUE,59,59,0,NA,Gray-Brugge CHEA TF program intersected with MitoCarta (Decision-5 mito-overlap) | context BA_TEB | 59 mito genes | BH FDR 2.97e-05 | gsva,gray_chea_mito: BH_FDR<0.01 & n_mito>=15
TFT_E2F1_GRAY_HS_LE,GRAY_CHEA,tf_regulon,TF_targets,Gray CHEA: HS_LE,gsva,TRUE,TRUE,181,160,0,NA,Gray-Brugge CHEA3 upstream-regulator overlapping-gene program | context HS_LE | CHEA rank 3 score 7.17 | Overlapping_Genes human->mouse | gsva,NA
TFT_E2F1_GRAY_HS_TEB,GRAY_CHEA,tf_regulon,TF_targets,Gray CHEA: HS_TEB,gsva,TRUE,TRUE,269,269,0,NA,Gray-Brugge CHEA3 upstream-regulator overlapping-gene program | context HS_TEB | CHEA rank 20 score 69.5 | Overlapping_Genes human->mouse | gsva,NA
TFT_E2F4_GRAY_BA_LE_MITO,GRAY_CHEA_MITO,tf_regulon,TF_targets,Gray CHEA mito-overlap: BA_LE,gsva,TRUE,TRUE,52,52,0,NA,Gray-Brugge CHEA TF program intersected with MitoCarta (Decision-5 mito-overlap) | context BA_LE | 52 mito genes | BH FDR 3.46e-06 | gsva,gray_chea_mito: BH_FDR<0.01 & n_mito>=15
TFT_E2F6_GRAY_AP_LE_MITO,GRAY_CHEA_MITO,tf_regulon,TF_targets,Gray CHEA mito-overlap: AP_LE,gsva,TRUE,TRUE,46,46,0,NA,Gray-Brugge CHEA TF program intersected with MitoCarta (Decision-5 mito-overlap) | context AP_LE | 46 mito genes | BH FDR 8.31e-08 | gsva,gray_chea_mito: BH_FDR<0.01 & n_mito>=15
TFT_E2F6_GRAY_BA_LE_MITO,GRAY_CHEA_MITO,tf_regulon,TF_targets,Gray CHEA mito-overlap: BA_LE,gsva,TRUE,TRUE,55,55,0,NA,Gray-Brugge CHEA TF program intersected with MitoCarta (Decision-5 mito-overlap) | context BA_LE | 55 mito genes | BH FDR 4.15e-09 | gsva,gray_chea_mito: BH_FDR<0.01 & n_mito>=15
TFT_E2F7_GRAY_AP_LE,GRAY_CHEA,tf_regulon,TF_targets,Gray CHEA: AP_LE,gsva,TRUE,TRUE,295,276,0,NA,Gray-Brugge CHEA3 upstream-regulator overlapping-gene program | context AP_LE | CHEA rank 8 score 23 | Overlapping_Genes human->mouse | gsva,NA
TFT_E2F7_GRAY_AP_TEB,GRAY_CHEA,tf_regulon,TF_targets,Gray CHEA: AP_TEB,gsva,TRUE,TRUE,229,228,0,NA,Gray-Brugge CHEA3 upstream-regulator overlapping-gene program | context AP_TEB | CHEA rank 10 score 27 | Overlapping_Genes human->mouse | gsva,NA
TFT_E2F7_GRAY_HS_LE,GRAY_CHEA,tf_regulon,TF_targets,Gray CHEA: HS_LE,gsva,TRUE,TRUE,119,99,0,NA,Gray-Brugge CHEA3 upstream-regulator overlapping-gene program | context HS_LE | CHEA rank 6 score 12.8 | Overlapping_Genes human->mouse | gsva,NA
TFT_E2F7_GRAY_HS_TEB,GRAY_CHEA,tf_regulon,TF_targets,Gray CHEA: HS_TEB,gsva,TRUE,TRUE,159,158,0,NA,Gray-Brugge CHEA3 upstream-regulator overlapping-gene program | context HS_TEB | CHEA rank 4 score 29.6 | Overlapping_Genes human->mouse | gsva,NA
TFT_E2F8_GRAY_BA_LE,GRAY_CHEA,tf_regulon,TF_targets,Gray CHEA: BA_LE,gsva,TRUE,TRUE,262,246,0,NA,Gray-Brugge CHEA3 upstream-regulator overlapping-gene program | context BA_LE | CHEA rank 10 score 34.33 | Overlapping_Genes human->mouse | gsva,NA
TFT_EGR1_CHUNG,DOROTHEA+CHUNG,tf_regulon,TF_targets,Chung chromVAR: Basal/fetal2 (cluster 5),fgsea,TRUE,TRUE,122,120,2,NA,"Chung 2019 chromVAR predictive TF (Basal/fetal2, cluster 5) | DoRothEA mouse regulon conf A | fgsea",chung_cluster=5; dorothea_confidence=A
TFT_EGR1_GRAY_AP_LE_MITO,GRAY_CHEA_MITO,tf_regulon,TF_targets,Gray CHEA mito-overlap: AP_LE,gsva,TRUE,TRUE,47,48,0,NA,Gray-Brugge CHEA TF program intersected with MitoCarta (Decision-5 mito-overlap) | context AP_LE | 47 mito genes | BH FDR 0.000179 | gsva,gray_chea_mito: BH_FDR<0.01 & n_mito>=15
TFT_EGR2_GRAY_AP_DUCT,GRAY_CHEA,tf_regulon,TF_targets,Gray CHEA: AP_DUCT,gsva,TRUE,TRUE,33,33,0,NA,Gray-Brugge CHEA3 upstream-regulator overlapping-gene program | context AP_DUCT | CHEA rank 8 score 36.33 | Overlapping_Genes human->mouse | gsva,NA
TFT_EHF_CHUNG,DOROTHEA+CHUNG,tf_regulon,TF_targets,Chung chromVAR: LP1 (cluster 6),fgsea,TRUE,TRUE,18,17,1,NA,"Chung 2019 chromVAR predictive TF (LP1, cluster 6) | DoRothEA mouse regulon conf C | fgsea",chung_cluster=6; dorothea_confidence=C
TFT_ELF1_CHUNG,DOROTHEA+CHUNG,tf_regulon,TF_targets,Chung chromVAR: LP1 (cluster 6),fgsea,TRUE,TRUE,50,47,3,NA,"Chung 2019 chromVAR predictive TF (LP1, cluster 6) | DoRothEA mouse regulon conf C | fgsea",chung_cluster=6; dorothea_confidence=C
TFT_ELF3_CHUNG,DOROTHEA+CHUNG,tf_regulon,TF_targets,Chung chromVAR: LP1 (cluster 6),fgsea,TRUE,TRUE,51,51,0,NA,"Chung 2019 chromVAR predictive TF (LP1, cluster 6) | DoRothEA mouse regulon conf C | fgsea",chung_cluster=6; dorothea_confidence=C
TFT_ELF3_GRAY_AP_HE,GRAY_CHEA,tf_regulon,TF_targets,Gray CHEA: AP_HE,gsva,TRUE,TRUE,64,63,0,NA,Gray-Brugge CHEA3 upstream-regulator overlapping-gene program | context AP_HE | CHEA rank 9 score 32.5 | Overlapping_Genes human->mouse | gsva,NA
TFT_ELF3_GRAY_HS_HE,GRAY_CHEA,tf_regulon,TF_targets,Gray CHEA: HS_HE,gsva,TRUE,TRUE,101,96,0,NA,Gray-Brugge CHEA3 upstream-regulator overlapping-gene program | context HS_HE | CHEA rank 1 score 1.5 | Overlapping_Genes human->mouse | gsva,NA
TFT_ELF5_CHUNG,DOROTHEA+CHUNG,tf_regulon,TF_targets,Chung chromVAR: LP1 (cluster 6),fgsea,TRUE,TRUE,20,20,0,NA,"Chung 2019 chromVAR predictive TF (LP1, cluster 6) | DoRothEA mouse regulon conf C | fgsea",chung_cluster=6; dorothea_confidence=C
TFT_ELK1_GRAY_AP_LE_MITO,GRAY_CHEA_MITO,tf_regulon,TF_targets,Gray CHEA mito-overlap: AP_LE,gsva,TRUE,TRUE,48,48,0,NA,Gray-Brugge CHEA TF program intersected with MitoCarta (Decision-5 mito-overlap) | context AP_LE | 48 mito genes | BH FDR 1.84e-09 | gsva,gray_chea_mito: BH_FDR<0.01 & n_mito>=15
TFT_ELK1_GRAY_BA_LE_MITO,GRAY_CHEA_MITO,tf_regulon,TF_targets,Gray CHEA mito-overlap: BA_LE,gsva,TRUE,TRUE,70,70,0,NA,Gray-Brugge CHEA TF program intersected with MitoCarta (Decision-5 mito-overlap) | context BA_LE | 70 mito genes | BH FDR 1.42e-16 | gsva,gray_chea_mito: BH_FDR<0.01 & n_mito>=15
TFT_ELK1_GRAY_BA_TEB_MITO,GRAY_CHEA_MITO,tf_regulon,TF_targets,Gray CHEA mito-overlap: BA_TEB,gsva,TRUE,TRUE,33,33,0,NA,Gray-Brugge CHEA TF program intersected with MitoCarta (Decision-5 mito-overlap) | context BA_TEB | 33 mito genes | BH FDR 0.00117 | gsva,gray_chea_mito: BH_FDR<0.01 & n_mito>=15
TFT_ELK1_GRAY_HS_LE_MITO,GRAY_CHEA_MITO,tf_regulon,TF_targets,Gray CHEA mito-overlap: HS_LE,gsva,TRUE,TRUE,16,16,0,NA,Gray-Brugge CHEA TF program intersected with MitoCarta (Decision-5 mito-overlap) | context HS_LE | 16 mito genes | BH FDR 0.00104 | gsva,gray_chea_mito: BH_FDR<0.01 & n_mito>=15
TFT_ELK3_GRAY_HS_TEB,GRAY_CHEA,tf_regulon,TF_targets,Gray CHEA: HS_TEB,gsva,TRUE,TRUE,211,211,0,NA,Gray-Brugge CHEA3 upstream-regulator overlapping-gene program | context HS_TEB | CHEA rank 6 score 35.75 | Overlapping_Genes human->mouse | gsva,NA
TFT_ESR1_CHIPATLAS,CHIPATLAS,tf_regulon,TF_targets,regulon: ChIP-Atlas,fgsea,TRUE,TRUE,500,475,24,NA,"ChIP-Atlas mm10 target genes, TSS+-1kb, top 500 by mean binding score | TF ESR1 | fgsea",chipatlas_mm10_1kb_top500
TFT_ESR1_DOROTHEA_ABC,DOROTHEA,tf_regulon,TF_targets,regulon: DoRothEA A/B/C,fgsea,TRUE,TRUE,149,140,2,NA,"DoRothEA mouse regulon (dorothea_mm), confidence A | TF ESR1 | fgsea",dorothea_confidence=A
TFT_ESR1_GRAY_AP_DUCT,GRAY_CHEA,tf_regulon,TF_targets,Gray CHEA: AP_DUCT,gsva,TRUE,TRUE,51,49,0,NA,Gray-Brugge CHEA3 upstream-regulator overlapping-gene program | context AP_DUCT | CHEA rank 223 score 301 | Overlapping_Genes human->mouse | gsva,NA
TFT_ESR1_GRAY_AP_HE,GRAY_CHEA,tf_regulon,TF_targets,Gray CHEA: AP_HE,gsva,TRUE,TRUE,83,84,0,NA,Gray-Brugge CHEA3 upstream-regulator overlapping-gene program | context AP_HE | CHEA rank 80 score 158.7 | Overlapping_Genes human->mouse | gsva,NA
TFT_ESR1_GRAY_AP_TEB,GRAY_CHEA,tf_regulon,TF_targets,Gray CHEA: AP_TEB,gsva,TRUE,TRUE,226,224,0,NA,Gray-Brugge CHEA3 upstream-regulator overlapping-gene program | context AP_TEB | CHEA rank 165 score 282.7 | Overlapping_Genes human->mouse | gsva,NA
TFT_ESR1_GRAY_BA_DUCT,GRAY_CHEA,tf_regulon,TF_targets,Gray CHEA: BA_DUCT,gsva,TRUE,TRUE,270,270,0,NA,Gray-Brugge CHEA3 upstream-regulator overlapping-gene program | context BA_DUCT | CHEA rank 133 score 184.7 | Overlapping_Genes human->mouse | gsva,NA
TFT_ESR1_GRAY_BA_HE,GRAY_CHEA,tf_regulon,TF_targets,Gray CHEA: BA_HE,gsva,TRUE,TRUE,134,132,0,NA,Gray-Brugge CHEA3 upstream-regulator overlapping-gene program | context BA_HE | CHEA rank 99 score 171.2 | Overlapping_Genes human->mouse | gsva,NA
TFT_ESR1_GRAY_BA_TEB,GRAY_CHEA,tf_regulon,TF_targets,Gray CHEA: BA_TEB,gsva,TRUE,TRUE,181,177,0,NA,Gray-Brugge CHEA3 upstream-regulator overlapping-gene program | context BA_TEB | CHEA rank 105 score 233.8 | Overlapping_Genes human->mouse | gsva,NA
TFT_ESR1_GRAY_HS_DUCT,GRAY_CHEA,tf_regulon,TF_targets,Gray CHEA: HS_DUCT,gsva,TRUE,TRUE,41,38,0,NA,Gray-Brugge CHEA3 upstream-regulator overlapping-gene program | context HS_DUCT | CHEA rank 77 score 178.8 | Overlapping_Genes human->mouse | gsva,NA
TFT_ESR1_GRAY_HS_HE,GRAY_CHEA,tf_regulon,TF_targets,Gray CHEA: HS_HE,gsva,TRUE,TRUE,132,130,0,NA,Gray-Brugge CHEA3 upstream-regulator overlapping-gene program | context HS_HE | CHEA rank 86 score 158.3 | Overlapping_Genes human->mouse | gsva,NA
TFT_ESR1_GRAY_HS_LE,GRAY_CHEA,tf_regulon,TF_targets,Gray CHEA: HS_LE,gsva,TRUE,TRUE,55,52,0,NA,Gray-Brugge CHEA3 upstream-regulator overlapping-gene program | context HS_LE | CHEA rank 226 score 365.2 | Overlapping_Genes human->mouse | gsva,NA
TFT_ESR2_CHUNG,DOROTHEA+CHUNG,tf_regulon,TF_targets,Chung chromVAR: ML2 (cluster 4),fgsea,TRUE,TRUE,15,15,0,NA,"Chung 2019 chromVAR predictive TF (ML2, cluster 4) | DoRothEA mouse regulon conf A | fgsea",chung_cluster=4; dorothea_confidence=A
TFT_ESRRA_CHIPATLAS,CHIPATLAS,tf_regulon,TF_targets,regulon: ChIP-Atlas,fgsea,TRUE,TRUE,500,465,35,NA,"ChIP-Atlas mm10 target genes, TSS+-1kb, top 500 by mean binding score | TF ESRRA | fgsea",chipatlas_mm10_1kb_top500
TFT_ESRRA_DOROTHEA_ABC,DOROTHEA,tf_regulon,TF_targets,regulon: DoRothEA A/B/C,fgsea,TRUE,TRUE,68,66,2,NA,"DoRothEA mouse regulon (dorothea_mm), confidence C | TF ESRRA | fgsea",dorothea_confidence=C
TFT_ESRRA_GRAY_AP_LE,GRAY_CHEA,tf_regulon,TF_targets,Gray CHEA: AP_LE,gsva,TRUE,TRUE,165,161,0,NA,Gray-Brugge CHEA3 upstream-regulator overlapping-gene program | context AP_LE | CHEA rank 196 score 313.4 | Overlapping_Genes human->mouse | gsva,NA
TFT_ESRRA_GRAY_AP_LE_MITO,GRAY_CHEA_MITO,tf_regulon,TF_targets,Gray CHEA mito-overlap: AP_LE,gsva,TRUE,TRUE,47,47,0,NA,Gray-Brugge CHEA TF program intersected with MitoCarta (Decision-5 mito-overlap) | context AP_LE | 47 mito genes | BH FDR 9.13e-21 | gsva,gray_chea_mito: BH_FDR<0.01 & n_mito>=15
TFT_ESRRA_GRAY_HS_HE,GRAY_CHEA,tf_regulon,TF_targets,Gray CHEA: HS_HE,gsva,TRUE,TRUE,72,71,0,NA,Gray-Brugge CHEA3 upstream-regulator overlapping-gene program | context HS_HE | CHEA rank 215 score 314 | Overlapping_Genes human->mouse | gsva,NA
TFT_ESRRG_GRAY_BA_LE_MITO,GRAY_CHEA_MITO,tf_regulon,TF_targets,Gray CHEA mito-overlap: BA_LE,gsva,TRUE,TRUE,20,20,0,NA,Gray-Brugge CHEA TF program intersected with MitoCarta (Decision-5 mito-overlap) | context BA_LE | 20 mito genes | BH FDR 9.22e-07 | gsva,gray_chea_mito: BH_FDR<0.01 & n_mito>=15
TFT_ETV4_GRAY_BA_LE_MITO,GRAY_CHEA_MITO,tf_regulon,TF_targets,Gray CHEA mito-overlap: BA_LE,gsva,TRUE,TRUE,35,35,0,NA,Gray-Brugge CHEA TF program intersected with MitoCarta (Decision-5 mito-overlap) | context BA_LE | 35 mito genes | BH FDR 9.6e-05 | gsva,gray_chea_mito: BH_FDR<0.01 & n_mito>=15
TFT_FAM200B_GRAY_BA_LE_MITO,GRAY_CHEA_MITO,tf_regulon,TF_targets,Gray CHEA mito-overlap: BA_LE,gsva,TRUE,TRUE,29,29,0,NA,Gray-Brugge CHEA TF program intersected with MitoCarta (Decision-5 mito-overlap) | context BA_LE | 29 mito genes | BH FDR 1.53e-16 | gsva,gray_chea_mito: BH_FDR<0.01 & n_mito>=15
TFT_FOSB_GRAY_AP_DUCT,GRAY_CHEA,tf_regulon,TF_targets,Gray CHEA: AP_DUCT,gsva,TRUE,TRUE,24,24,0,NA,Gray-Brugge CHEA3 upstream-regulator overlapping-gene program | context AP_DUCT | CHEA rank 1 score 19.67 | Overlapping_Genes human->mouse | gsva,NA
TFT_FOSB_GRAY_AP_HE,GRAY_CHEA,tf_regulon,TF_targets,Gray CHEA: AP_HE,gsva,TRUE,TRUE,47,47,0,NA,Gray-Brugge CHEA3 upstream-regulator overlapping-gene program | context AP_HE | CHEA rank 2 score 10.33 | Overlapping_Genes human->mouse | gsva,NA
TFT_FOSB_GRAY_BA_DUCT,GRAY_CHEA,tf_regulon,TF_targets,Gray CHEA: BA_DUCT,gsva,TRUE,TRUE,126,124,0,NA,Gray-Brugge CHEA3 upstream-regulator overlapping-gene program | context BA_DUCT | CHEA rank 8 score 36 | Overlapping_Genes human->mouse | gsva,NA
TFT_FOSB_GRAY_BA_HE,GRAY_CHEA,tf_regulon,TF_targets,Gray CHEA: BA_HE,gsva,TRUE,TRUE,84,83,0,NA,Gray-Brugge CHEA3 upstream-regulator overlapping-gene program | context BA_HE | CHEA rank 2 score 8.33 | Overlapping_Genes human->mouse | gsva,NA
TFT_FOSL1_CHUNG,DOROTHEA+CHUNG,tf_regulon,TF_targets,Chung chromVAR: ML1 (cluster 3),fgsea,FALSE,TRUE,10,9,0,NA,"Chung 2019 chromVAR predictive TF (ML1, cluster 3) | DoRothEA mouse regulon conf A | fgsea",chung_cluster=3; dorothea_confidence=A
TFT_FOSL2_GRAY_BA_HE,GRAY_CHEA,tf_regulon,TF_targets,Gray CHEA: BA_HE,gsva,TRUE,TRUE,121,121,0,NA,Gray-Brugge CHEA3 upstream-regulator overlapping-gene program | context BA_HE | CHEA rank 10 score 34.2 | Overlapping_Genes human->mouse | gsva,NA
TFT_FOS_CHUNG,DOROTHEA+CHUNG,tf_regulon,TF_targets,Chung chromVAR: ML1 (cluster 3),fgsea,TRUE,TRUE,101,86,4,NA,"Chung 2019 chromVAR predictive TF (ML1, cluster 3) | DoRothEA mouse regulon conf A | fgsea",chung_cluster=3; dorothea_confidence=A
TFT_FOS_GRAY_AP_DUCT,GRAY_CHEA,tf_regulon,TF_targets,Gray CHEA: AP_DUCT,gsva,TRUE,TRUE,66,64,0,NA,Gray-Brugge CHEA3 upstream-regulator overlapping-gene program | context AP_DUCT | CHEA rank 3 score 23 | Overlapping_Genes human->mouse | gsva,NA
TFT_FOS_GRAY_AP_HE,GRAY_CHEA,tf_regulon,TF_targets,Gray CHEA: AP_HE,gsva,TRUE,TRUE,109,109,0,NA,Gray-Brugge CHEA3 upstream-regulator overlapping-gene program | context AP_HE | CHEA rank 4 score 21.4 | Overlapping_Genes human->mouse | gsva,NA
TFT_FOS_GRAY_BA_HE,GRAY_CHEA,tf_regulon,TF_targets,Gray CHEA: BA_HE,gsva,TRUE,TRUE,122,120,0,NA,Gray-Brugge CHEA3 upstream-regulator overlapping-gene program | context BA_HE | CHEA rank 5 score 20 | Overlapping_Genes human->mouse | gsva,NA
TFT_FOXA1_CHUNG,DOROTHEA+CHUNG,tf_regulon,TF_targets,Chung chromVAR: ML2 (cluster 4),fgsea,TRUE,TRUE,40,25,15,NA,"Chung 2019 chromVAR predictive TF (ML2, cluster 4) | DoRothEA mouse regulon conf A | fgsea",chung_cluster=4; dorothea_confidence=A
TFT_FOXA1_GRAY_BA_LE_MITO,GRAY_CHEA_MITO,tf_regulon,TF_targets,Gray CHEA mito-overlap: BA_LE,gsva,TRUE,TRUE,40,40,0,NA,Gray-Brugge CHEA TF program intersected with MitoCarta (Decision-5 mito-overlap) | context BA_LE | 40 mito genes | BH FDR 7.31e-06 | gsva,gray_chea_mito: BH_FDR<0.01 & n_mito>=15
TFT_FOXA1_GRAY_HS_HE,GRAY_CHEA,tf_regulon,TF_targets,Gray CHEA: HS_HE,gsva,TRUE,TRUE,145,143,0,NA,Gray-Brugge CHEA3 upstream-regulator overlapping-gene program | context HS_HE | CHEA rank 6 score 36.33 | Overlapping_Genes human->mouse | gsva,NA
TFT_FOXA2_CHUNG,DOROTHEA+CHUNG,tf_regulon,TF_targets,Chung chromVAR: ML2 (cluster 4),fgsea,FALSE,TRUE,10,9,1,NA,"Chung 2019 chromVAR predictive TF (ML2, cluster 4) | DoRothEA mouse regulon conf B | fgsea",chung_cluster=4; dorothea_confidence=B
TFT_FOXA2_GRAY_BA_LE_MITO,GRAY_CHEA_MITO,tf_regulon,TF_targets,Gray CHEA mito-overlap: BA_LE,gsva,TRUE,TRUE,55,55,0,NA,Gray-Brugge CHEA TF program intersected with MitoCarta (Decision-5 mito-overlap) | context BA_LE | 55 mito genes | BH FDR 5.38e-09 | gsva,gray_chea_mito: BH_FDR<0.01 & n_mito>=15
TFT_FOXC2_GRAY_HS_DUCT,GRAY_CHEA,tf_regulon,TF_targets,Gray CHEA: HS_DUCT,gsva,TRUE,TRUE,22,22,0,NA,Gray-Brugge CHEA3 upstream-regulator overlapping-gene program | context HS_DUCT | CHEA rank 7 score 34 | Overlapping_Genes human->mouse | gsva,NA
TFT_FOXF1_GRAY_BA_DUCT,GRAY_CHEA,tf_regulon,TF_targets,Gray CHEA: BA_DUCT,gsva,TRUE,TRUE,169,168,0,NA,Gray-Brugge CHEA3 upstream-regulator overlapping-gene program | context BA_DUCT | CHEA rank 2 score 19.67 | Overlapping_Genes human->mouse | gsva,NA
TFT_FOXJ2_CHUNG,DOROTHEA+CHUNG,tf_regulon,TF_targets,Chung chromVAR: ML2 (cluster 4),fgsea,TRUE,TRUE,35,35,0,NA,"Chung 2019 chromVAR predictive TF (ML2, cluster 4) | DoRothEA mouse regulon conf C | fgsea",chung_cluster=4; dorothea_confidence=C
TFT_FOXK2_CHUNG,DOROTHEA+CHUNG,tf_regulon,TF_targets,Chung chromVAR: ML2 (cluster 4),fgsea,TRUE,TRUE,49,48,1,NA,"Chung 2019 chromVAR predictive TF (ML2, cluster 4) | DoRothEA mouse regulon conf C | fgsea",chung_cluster=4; dorothea_confidence=C
TFT_FOXL2_CHUNG,DOROTHEA+CHUNG,tf_regulon,TF_targets,Chung chromVAR: ML2 (cluster 4),fgsea,TRUE,TRUE,21,20,0,NA,"Chung 2019 chromVAR predictive TF (ML2, cluster 4) | DoRothEA mouse regulon conf A | fgsea",chung_cluster=4; dorothea_confidence=A
TFT_FOXM1_CHUNG,DOROTHEA+CHUNG,tf_regulon,TF_targets,Chung chromVAR: ML2 (cluster 4),fgsea,TRUE,TRUE,34,34,0,NA,"Chung 2019 chromVAR predictive TF (ML2, cluster 4) | DoRothEA mouse regulon conf A | fgsea",chung_cluster=4; dorothea_confidence=A
TFT_FOXM1_GRAY_AP_LE,GRAY_CHEA,tf_regulon,TF_targets,Gray CHEA: AP_LE,gsva,TRUE,TRUE,348,329,0,NA,Gray-Brugge CHEA3 upstream-regulator overlapping-gene program | context AP_LE | CHEA rank 2 score 3.67 | Overlapping_Genes human->mouse | gsva,NA
TFT_FOXM1_GRAY_AP_TEB,GRAY_CHEA,tf_regulon,TF_targets,Gray CHEA: AP_TEB,gsva,TRUE,TRUE,228,226,0,NA,Gray-Brugge CHEA3 upstream-regulator overlapping-gene program | context AP_TEB | CHEA rank 1 score 2.5 | Overlapping_Genes human->mouse | gsva,NA
TFT_FOXM1_GRAY_BA_LE,GRAY_CHEA,tf_regulon,TF_targets,Gray CHEA: BA_LE,gsva,TRUE,TRUE,388,369,0,NA,Gray-Brugge CHEA3 upstream-regulator overlapping-gene program | context BA_LE | CHEA rank 2 score 4.5 | Overlapping_Genes human->mouse | gsva,NA
TFT_FOXM1_GRAY_BA_TEB,GRAY_CHEA,tf_regulon,TF_targets,Gray CHEA: BA_TEB,gsva,TRUE,TRUE,324,320,0,NA,Gray-Brugge CHEA3 upstream-regulator overlapping-gene program | context BA_TEB | CHEA rank 1 score 3 | Overlapping_Genes human->mouse | gsva,NA
TFT_FOXM1_GRAY_HS_LE,GRAY_CHEA,tf_regulon,TF_targets,Gray CHEA: HS_LE,gsva,TRUE,TRUE,122,102,0,NA,Gray-Brugge CHEA3 upstream-regulator overlapping-gene program | context HS_LE | CHEA rank 2 score 5.5 | Overlapping_Genes human->mouse | gsva,NA
TFT_FOXM1_GRAY_HS_TEB,GRAY_CHEA,tf_regulon,TF_targets,Gray CHEA: HS_TEB,gsva,TRUE,TRUE,242,243,0,NA,Gray-Brugge CHEA3 upstream-regulator overlapping-gene program | context HS_TEB | CHEA rank 9 score 41.17 | Overlapping_Genes human->mouse | gsva,NA
TFT_FOXO1_CHUNG,DOROTHEA+CHUNG,tf_regulon,TF_targets,Chung chromVAR: ML2 (cluster 4),fgsea,TRUE,TRUE,43,41,1,NA,"Chung 2019 chromVAR predictive TF (ML2, cluster 4) | DoRothEA mouse regulon conf A | fgsea",chung_cluster=4; dorothea_confidence=A
TFT_FOXO3_CHUNG,DOROTHEA+CHUNG,tf_regulon,TF_targets,Chung chromVAR: ML2 (cluster 4),fgsea,TRUE,TRUE,39,37,1,NA,"Chung 2019 chromVAR predictive TF (ML2, cluster 4) | DoRothEA mouse regulon conf A | fgsea",chung_cluster=4; dorothea_confidence=A
TFT_FOXO4_CHUNG,DOROTHEA+CHUNG,tf_regulon,TF_targets,Chung chromVAR: ML2 (cluster 4),fgsea,FALSE,TRUE,14,13,1,NA,"Chung 2019 chromVAR predictive TF (ML2, cluster 4) | DoRothEA mouse regulon conf A | fgsea",chung_cluster=4; dorothea_confidence=A
TFT_FOXP2_CHUNG,DOROTHEA+CHUNG,tf_regulon,TF_targets,Chung chromVAR: ML2 (cluster 4),fgsea,TRUE,TRUE,35,34,1,NA,"Chung 2019 chromVAR predictive TF (ML2, cluster 4) | DoRothEA mouse regulon conf C | fgsea",chung_cluster=4; dorothea_confidence=C
TFT_FOXP2_GRAY_BA_LE_MITO,GRAY_CHEA_MITO,tf_regulon,TF_targets,Gray CHEA mito-overlap: BA_LE,gsva,TRUE,TRUE,34,34,0,NA,Gray-Brugge CHEA TF program intersected with MitoCarta (Decision-5 mito-overlap) | context BA_LE | 34 mito genes | BH FDR 0.00038 | gsva,gray_chea_mito: BH_FDR<0.01 & n_mito>=15
TFT_FOXQ1_GRAY_HS_HE,GRAY_CHEA,tf_regulon,TF_targets,Gray CHEA: HS_HE,gsva,TRUE,TRUE,58,56,0,NA,Gray-Brugge CHEA3 upstream-regulator overlapping-gene program | context HS_HE | CHEA rank 4 score 18.67 | Overlapping_Genes human->mouse | gsva,NA
TFT_FOXS1_GRAY_BA_DUCT,GRAY_CHEA,tf_regulon,TF_targets,Gray CHEA: BA_DUCT,gsva,TRUE,TRUE,154,153,0,NA,Gray-Brugge CHEA3 upstream-regulator overlapping-gene program | context BA_DUCT | CHEA rank 5 score 31 | Overlapping_Genes human->mouse | gsva,NA
TFT_FOXS1_GRAY_HS_DUCT,GRAY_CHEA,tf_regulon,TF_targets,Gray CHEA: HS_DUCT,gsva,TRUE,TRUE,23,23,0,NA,Gray-Brugge CHEA3 upstream-regulator overlapping-gene program | context HS_DUCT | CHEA rank 2 score 9.33 | Overlapping_Genes human->mouse | gsva,NA
TFT_GABPA_CHIPATLAS,CHIPATLAS,tf_regulon,TF_targets,regulon: ChIP-Atlas,fgsea,TRUE,TRUE,500,478,23,NA,"ChIP-Atlas mm10 target genes, TSS+-1kb, top 500 by mean binding score | TF GABPA | fgsea",chipatlas_mm10_1kb_top500
TFT_GABPA_DOROTHEA_ABC,DOROTHEA,tf_regulon,TF_targets,regulon: DoRothEA A/B/C,fgsea,TRUE,TRUE,53,52,1,NA,"DoRothEA mouse regulon (dorothea_mm), confidence C | TF GABPA | fgsea",dorothea_confidence=C
TFT_GABPA_GRAY_AP_LE,GRAY_CHEA,tf_regulon,TF_targets,Gray CHEA: AP_LE,gsva,TRUE,TRUE,359,338,0,NA,Gray-Brugge CHEA3 upstream-regulator overlapping-gene program | context AP_LE | CHEA rank 156 score 274.3 | Overlapping_Genes human->mouse | gsva,NA
TFT_GABPA_GRAY_AP_LE_MITO,GRAY_CHEA_MITO,tf_regulon,TF_targets,Gray CHEA mito-overlap: AP_LE,gsva,TRUE,TRUE,50,51,0,NA,Gray-Brugge CHEA TF program intersected with MitoCarta (Decision-5 mito-overlap) | context AP_LE | 50 mito genes | BH FDR 2.76e-09 | gsva,gray_chea_mito: BH_FDR<0.01 & n_mito>=15
TFT_GATA1_GRAY_BA_LE_MITO,GRAY_CHEA_MITO,tf_regulon,TF_targets,Gray CHEA mito-overlap: BA_LE,gsva,TRUE,TRUE,89,89,0,NA,Gray-Brugge CHEA TF program intersected with MitoCarta (Decision-5 mito-overlap) | context BA_LE | 89 mito genes | BH FDR 1.07e-19 | gsva,gray_chea_mito: BH_FDR<0.01 & n_mito>=15
TFT_GATA1_GRAY_HS_LE_MITO,GRAY_CHEA_MITO,tf_regulon,TF_targets,Gray CHEA mito-overlap: HS_LE,gsva,TRUE,TRUE,20,20,0,NA,Gray-Brugge CHEA TF program intersected with MitoCarta (Decision-5 mito-overlap) | context HS_LE | 20 mito genes | BH FDR 0.00116 | gsva,gray_chea_mito: BH_FDR<0.01 & n_mito>=15
TFT_GATA2_CHUNG,DOROTHEA+CHUNG,tf_regulon,TF_targets,Chung chromVAR: Basal/fetal2 (cluster 5),fgsea,TRUE,TRUE,39,39,0,NA,"Chung 2019 chromVAR predictive TF (Basal/fetal2, cluster 5) | DoRothEA mouse regulon conf A | fgsea",chung_cluster=5; dorothea_confidence=A
TFT_GATA2_GRAY_AP_LE_MITO,GRAY_CHEA_MITO,tf_regulon,TF_targets,Gray CHEA mito-overlap: AP_LE,gsva,TRUE,TRUE,27,27,0,NA,Gray-Brugge CHEA TF program intersected with MitoCarta (Decision-5 mito-overlap) | context AP_LE | 27 mito genes | BH FDR 0.000642 | gsva,gray_chea_mito: BH_FDR<0.01 & n_mito>=15
TFT_GATA2_GRAY_BA_LE_MITO,GRAY_CHEA_MITO,tf_regulon,TF_targets,Gray CHEA mito-overlap: BA_LE,gsva,TRUE,TRUE,54,54,0,NA,Gray-Brugge CHEA TF program intersected with MitoCarta (Decision-5 mito-overlap) | context BA_LE | 54 mito genes | BH FDR 2.87e-09 | gsva,gray_chea_mito: BH_FDR<0.01 & n_mito>=15
TFT_GATA3_GRAY_BA_LE_MITO,GRAY_CHEA_MITO,tf_regulon,TF_targets,Gray CHEA mito-overlap: BA_LE,gsva,TRUE,TRUE,48,48,0,NA,Gray-Brugge CHEA TF program intersected with MitoCarta (Decision-5 mito-overlap) | context BA_LE | 48 mito genes | BH FDR 3.29e-08 | gsva,gray_chea_mito: BH_FDR<0.01 & n_mito>=15
TFT_GATA4_GRAY_BA_LE_MITO,GRAY_CHEA_MITO,tf_regulon,TF_targets,Gray CHEA mito-overlap: BA_LE,gsva,TRUE,TRUE,55,55,0,NA,Gray-Brugge CHEA TF program intersected with MitoCarta (Decision-5 mito-overlap) | context BA_LE | 55 mito genes | BH FDR 3.11e-12 | gsva,gray_chea_mito: BH_FDR<0.01 & n_mito>=15
TFT_GRHL1_GRAY_HS_HE,GRAY_CHEA,tf_regulon,TF_targets,Gray CHEA: HS_HE,gsva,TRUE,TRUE,50,48,0,NA,Gray-Brugge CHEA3 upstream-regulator overlapping-gene program | context HS_HE | CHEA rank 7 score 37.67 | Overlapping_Genes human->mouse | gsva,NA
TFT_GRHL2_GRAY_HS_HE,GRAY_CHEA,tf_regulon,TF_targets,Gray CHEA: HS_HE,gsva,TRUE,TRUE,116,111,0,NA,Gray-Brugge CHEA3 upstream-regulator overlapping-gene program | context HS_HE | CHEA rank 10 score 43.4 | Overlapping_Genes human->mouse | gsva,NA
TFT_GRHL3_GRAY_HS_HE,GRAY_CHEA,tf_regulon,TF_targets,Gray CHEA: HS_HE,gsva,TRUE,TRUE,49,49,0,NA,Gray-Brugge CHEA3 upstream-regulator overlapping-gene program | context HS_HE | CHEA rank 2 score 14 | Overlapping_Genes human->mouse | gsva,NA
TFT_GRHL3_GRAY_HS_TEB,GRAY_CHEA,tf_regulon,TF_targets,Gray CHEA: HS_TEB,gsva,TRUE,TRUE,101,102,0,NA,Gray-Brugge CHEA3 upstream-regulator overlapping-gene program | context HS_TEB | CHEA rank 2 score 26.67 | Overlapping_Genes human->mouse | gsva,NA
TFT_GTF2B_GRAY_AP_LE_MITO,GRAY_CHEA_MITO,tf_regulon,TF_targets,Gray CHEA mito-overlap: AP_LE,gsva,TRUE,TRUE,38,38,0,NA,Gray-Brugge CHEA TF program intersected with MitoCarta (Decision-5 mito-overlap) | context AP_LE | 38 mito genes | BH FDR 4.77e-07 | gsva,gray_chea_mito: BH_FDR<0.01 & n_mito>=15
TFT_GTF3A_GRAY_AP_LE_MITO,GRAY_CHEA_MITO,tf_regulon,TF_targets,Gray CHEA mito-overlap: AP_LE,gsva,TRUE,TRUE,49,49,0,NA,Gray-Brugge CHEA TF program intersected with MitoCarta (Decision-5 mito-overlap) | context AP_LE | 49 mito genes | BH FDR 6.55e-27 | gsva,gray_chea_mito: BH_FDR<0.01 & n_mito>=15
TFT_GTF3A_GRAY_BA_LE_MITO,GRAY_CHEA_MITO,tf_regulon,TF_targets,Gray CHEA mito-overlap: BA_LE,gsva,TRUE,TRUE,67,67,0,NA,Gray-Brugge CHEA TF program intersected with MitoCarta (Decision-5 mito-overlap) | context BA_LE | 67 mito genes | BH FDR 5.7e-42 | gsva,gray_chea_mito: BH_FDR<0.01 & n_mito>=15
TFT_HES1_GRAY_AP_LE_MITO,GRAY_CHEA_MITO,tf_regulon,TF_targets,Gray CHEA mito-overlap: AP_LE,gsva,TRUE,TRUE,27,27,0,NA,Gray-Brugge CHEA TF program intersected with MitoCarta (Decision-5 mito-overlap) | context AP_LE | 27 mito genes | BH FDR 2.1e-10 | gsva,gray_chea_mito: BH_FDR<0.01 & n_mito>=15
TFT_HES1_GRAY_BA_LE_MITO,GRAY_CHEA_MITO,tf_regulon,TF_targets,Gray CHEA mito-overlap: BA_LE,gsva,TRUE,TRUE,21,21,0,NA,Gray-Brugge CHEA TF program intersected with MitoCarta (Decision-5 mito-overlap) | context BA_LE | 21 mito genes | BH FDR 9.99e-05 | gsva,gray_chea_mito: BH_FDR<0.01 & n_mito>=15
TFT_HESX1_GRAY_AP_LE_MITO,GRAY_CHEA_MITO,tf_regulon,TF_targets,Gray CHEA mito-overlap: AP_LE,gsva,TRUE,TRUE,28,29,0,NA,Gray-Brugge CHEA TF program intersected with MitoCarta (Decision-5 mito-overlap) | context AP_LE | 28 mito genes | BH FDR 1.26e-07 | gsva,gray_chea_mito: BH_FDR<0.01 & n_mito>=15
TFT_HESX1_GRAY_BA_LE_MITO,GRAY_CHEA_MITO,tf_regulon,TF_targets,Gray CHEA mito-overlap: BA_LE,gsva,TRUE,TRUE,28,28,0,NA,Gray-Brugge CHEA TF program intersected with MitoCarta (Decision-5 mito-overlap) | context BA_LE | 28 mito genes | BH FDR 2.17e-07 | gsva,gray_chea_mito: BH_FDR<0.01 & n_mito>=15
TFT_HEY2_GRAY_HS_DUCT,GRAY_CHEA,tf_regulon,TF_targets,Gray CHEA: HS_DUCT,gsva,TRUE,TRUE,26,26,0,NA,Gray-Brugge CHEA3 upstream-regulator overlapping-gene program | context HS_DUCT | CHEA rank 8 score 45 | Overlapping_Genes human->mouse | gsva,NA
TFT_HIC1_GRAY_BA_DUCT,GRAY_CHEA,tf_regulon,TF_targets,Gray CHEA: BA_DUCT,gsva,TRUE,TRUE,143,143,0,NA,Gray-Brugge CHEA3 upstream-regulator overlapping-gene program | context BA_DUCT | CHEA rank 10 score 40.33 | Overlapping_Genes human->mouse | gsva,NA
TFT_HMGA2_GRAY_AP_TEB,GRAY_CHEA,tf_regulon,TF_targets,Gray CHEA: AP_TEB,gsva,TRUE,TRUE,152,150,0,NA,Gray-Brugge CHEA3 upstream-regulator overlapping-gene program | context AP_TEB | CHEA rank 8 score 22.33 | Overlapping_Genes human->mouse | gsva,NA
TFT_HMGA2_GRAY_HS_TEB,GRAY_CHEA,tf_regulon,TF_targets,Gray CHEA: HS_TEB,gsva,TRUE,TRUE,118,118,0,NA,Gray-Brugge CHEA3 upstream-regulator overlapping-gene program | context HS_TEB | CHEA rank 3 score 27 | Overlapping_Genes human->mouse | gsva,NA
TFT_HMGN3_GRAY_AP_LE_MITO,GRAY_CHEA_MITO,tf_regulon,TF_targets,Gray CHEA mito-overlap: AP_LE,gsva,TRUE,TRUE,70,70,0,NA,Gray-Brugge CHEA TF program intersected with MitoCarta (Decision-5 mito-overlap) | context AP_LE | 70 mito genes | BH FDR 1.94e-23 | gsva,gray_chea_mito: BH_FDR<0.01 & n_mito>=15
TFT_HMGN3_GRAY_BA_LE_MITO,GRAY_CHEA_MITO,tf_regulon,TF_targets,Gray CHEA mito-overlap: BA_LE,gsva,TRUE,TRUE,89,89,0,NA,Gray-Brugge CHEA TF program intersected with MitoCarta (Decision-5 mito-overlap) | context BA_LE | 89 mito genes | BH FDR 1.41e-30 | gsva,gray_chea_mito: BH_FDR<0.01 & n_mito>=15
TFT_HMGN3_GRAY_HS_LE_MITO,GRAY_CHEA_MITO,tf_regulon,TF_targets,Gray CHEA mito-overlap: HS_LE,gsva,TRUE,TRUE,21,21,0,NA,Gray-Brugge CHEA TF program intersected with MitoCarta (Decision-5 mito-overlap) | context HS_LE | 21 mito genes | BH FDR 1.02e-05 | gsva,gray_chea_mito: BH_FDR<0.01 & n_mito>=15
TFT_HOXB4_GRAY_BA_LE_MITO,GRAY_CHEA_MITO,tf_regulon,TF_targets,Gray CHEA mito-overlap: BA_LE,gsva,TRUE,TRUE,34,34,0,NA,Gray-Brugge CHEA TF program intersected with MitoCarta (Decision-5 mito-overlap) | context BA_LE | 34 mito genes | BH FDR 4.77e-06 | gsva,gray_chea_mito: BH_FDR<0.01 & n_mito>=15
TFT_IRF3_GRAY_AP_LE_MITO,GRAY_CHEA_MITO,tf_regulon,TF_targets,Gray CHEA mito-overlap: AP_LE,gsva,TRUE,TRUE,34,34,0,NA,Gray-Brugge CHEA TF program intersected with MitoCarta (Decision-5 mito-overlap) | context AP_LE | 34 mito genes | BH FDR 5.73e-05 | gsva,gray_chea_mito: BH_FDR<0.01 & n_mito>=15
TFT_IRF6_GRAY_HS_HE,GRAY_CHEA,tf_regulon,TF_targets,Gray CHEA: HS_HE,gsva,TRUE,TRUE,55,53,0,NA,Gray-Brugge CHEA3 upstream-regulator overlapping-gene program | context HS_HE | CHEA rank 3 score 16.33 | Overlapping_Genes human->mouse | gsva,NA
TFT_JUNB_CHUNG,DOROTHEA+CHUNG,tf_regulon,TF_targets,Chung chromVAR: ML1 (cluster 3),fgsea,TRUE,TRUE,48,49,0,NA,"Chung 2019 chromVAR predictive TF (ML1, cluster 3) | DoRothEA mouse regulon conf C | fgsea",chung_cluster=3; dorothea_confidence=C
TFT_JUNB_GRAY_AP_HE,GRAY_CHEA,tf_regulon,TF_targets,Gray CHEA: AP_HE,gsva,TRUE,TRUE,64,61,0,NA,Gray-Brugge CHEA3 upstream-regulator overlapping-gene program | context AP_HE | CHEA rank 6 score 25 | Overlapping_Genes human->mouse | gsva,NA
TFT_JUNB_GRAY_BA_HE,GRAY_CHEA,tf_regulon,TF_targets,Gray CHEA: BA_HE,gsva,TRUE,TRUE,99,98,0,NA,Gray-Brugge CHEA3 upstream-regulator overlapping-gene program | context BA_HE | CHEA rank 6 score 23.75 | Overlapping_Genes human->mouse | gsva,NA
TFT_JUND_CHUNG,DOROTHEA+CHUNG,tf_regulon,TF_targets,Chung chromVAR: ML1 (cluster 3),fgsea,TRUE,TRUE,27,18,0,NA,"Chung 2019 chromVAR predictive TF (ML1, cluster 3) | DoRothEA mouse regulon conf A | fgsea",chung_cluster=3; dorothea_confidence=A
TFT_JUN_GRAY_AP_DUCT,GRAY_CHEA,tf_regulon,TF_targets,Gray CHEA: AP_DUCT,gsva,TRUE,TRUE,63,61,0,NA,Gray-Brugge CHEA3 upstream-regulator overlapping-gene program | context AP_DUCT | CHEA rank 10 score 40 | Overlapping_Genes human->mouse | gsva,NA
TFT_JUN_GRAY_AP_HE,GRAY_CHEA,tf_regulon,TF_targets,Gray CHEA: AP_HE,gsva,TRUE,TRUE,90,90,0,NA,Gray-Brugge CHEA3 upstream-regulator overlapping-gene program | context AP_HE | CHEA rank 5 score 22.83 | Overlapping_Genes human->mouse | gsva,NA
TFT_JUN_GRAY_AP_LE_MITO,GRAY_CHEA_MITO,tf_regulon,TF_targets,Gray CHEA mito-overlap: AP_LE,gsva,TRUE,TRUE,52,52,0,NA,Gray-Brugge CHEA TF program intersected with MitoCarta (Decision-5 mito-overlap) | context AP_LE | 52 mito genes | BH FDR 1.26e-07 | gsva,gray_chea_mito: BH_FDR<0.01 & n_mito>=15
TFT_JUN_GRAY_BA_DUCT,GRAY_CHEA,tf_regulon,TF_targets,Gray CHEA: BA_DUCT,gsva,TRUE,TRUE,256,256,0,NA,Gray-Brugge CHEA3 upstream-regulator overlapping-gene program | context BA_DUCT | CHEA rank 7 score 34.33 | Overlapping_Genes human->mouse | gsva,NA
TFT_JUN_GRAY_BA_HE,GRAY_CHEA,tf_regulon,TF_targets,Gray CHEA: BA_HE,gsva,TRUE,TRUE,159,159,0,NA,Gray-Brugge CHEA3 upstream-regulator overlapping-gene program | context BA_HE | CHEA rank 1 score 7.5 | Overlapping_Genes human->mouse | gsva,NA
TFT_JUN_GRAY_BA_LE_MITO,GRAY_CHEA_MITO,tf_regulon,TF_targets,Gray CHEA mito-overlap: BA_LE,gsva,TRUE,TRUE,89,89,0,NA,Gray-Brugge CHEA TF program intersected with MitoCarta (Decision-5 mito-overlap) | context BA_LE | 89 mito genes | BH FDR 5.57e-18 | gsva,gray_chea_mito: BH_FDR<0.01 & n_mito>=15
TFT_KDM5B_GRAY_AP_LE_MITO,GRAY_CHEA_MITO,tf_regulon,TF_targets,Gray CHEA mito-overlap: AP_LE,gsva,TRUE,TRUE,41,41,0,NA,Gray-Brugge CHEA TF program intersected with MitoCarta (Decision-5 mito-overlap) | context AP_LE | 41 mito genes | BH FDR 0.00493 | gsva,gray_chea_mito: BH_FDR<0.01 & n_mito>=15
TFT_KLF1_CHUNG,DOROTHEA+CHUNG,tf_regulon,TF_targets,Chung chromVAR: ML2 (cluster 4),fgsea,TRUE,TRUE,49,49,0,NA,"Chung 2019 chromVAR predictive TF (ML2, cluster 4) | DoRothEA mouse regulon conf C | fgsea",chung_cluster=4; dorothea_confidence=C
TFT_KLF1_GRAY_AP_LE_MITO,GRAY_CHEA_MITO,tf_regulon,TF_targets,Gray CHEA mito-overlap: AP_LE,gsva,TRUE,TRUE,44,44,0,NA,Gray-Brugge CHEA TF program intersected with MitoCarta (Decision-5 mito-overlap) | context AP_LE | 44 mito genes | BH FDR 1.49e-09 | gsva,gray_chea_mito: BH_FDR<0.01 & n_mito>=15
TFT_KLF1_GRAY_BA_LE_MITO,GRAY_CHEA_MITO,tf_regulon,TF_targets,Gray CHEA mito-overlap: BA_LE,gsva,TRUE,TRUE,63,63,0,NA,Gray-Brugge CHEA TF program intersected with MitoCarta (Decision-5 mito-overlap) | context BA_LE | 63 mito genes | BH FDR 6.46e-16 | gsva,gray_chea_mito: BH_FDR<0.01 & n_mito>=15
TFT_KLF3_CHUNG,DOROTHEA+CHUNG,tf_regulon,TF_targets,Chung chromVAR: ML2 (cluster 4),fgsea,FALSE,TRUE,13,13,0,NA,"Chung 2019 chromVAR predictive TF (ML2, cluster 4) | DoRothEA mouse regulon conf C | fgsea",chung_cluster=4; dorothea_confidence=C
TFT_KLF4_GRAY_HS_HE,GRAY_CHEA,tf_regulon,TF_targets,Gray CHEA: HS_HE,gsva,TRUE,TRUE,128,123,0,NA,Gray-Brugge CHEA3 upstream-regulator overlapping-gene program | context HS_HE | CHEA rank 8 score 38.2 | Overlapping_Genes human->mouse | gsva,NA
TFT_KLF5_GRAY_HS_HE,GRAY_CHEA,tf_regulon,TF_targets,Gray CHEA: HS_HE,gsva,TRUE,TRUE,119,115,0,NA,Gray-Brugge CHEA3 upstream-regulator overlapping-gene program | context HS_HE | CHEA rank 9 score 41 | Overlapping_Genes human->mouse | gsva,NA
TFT_KLF9_GRAY_BA_HE,GRAY_CHEA,tf_regulon,TF_targets,Gray CHEA: BA_HE,gsva,TRUE,TRUE,124,124,0,NA,Gray-Brugge CHEA3 upstream-regulator overlapping-gene program | context BA_HE | CHEA rank 9 score 33.75 | Overlapping_Genes human->mouse | gsva,NA
TFT_KMT2B_GRAY_AP_LE_MITO,GRAY_CHEA_MITO,tf_regulon,TF_targets,Gray CHEA mito-overlap: AP_LE,gsva,TRUE,TRUE,21,21,0,NA,Gray-Brugge CHEA TF program intersected with MitoCarta (Decision-5 mito-overlap) | context AP_LE | 21 mito genes | BH FDR 5.14e-05 | gsva,gray_chea_mito: BH_FDR<0.01 & n_mito>=15
TFT_MAFF_GRAY_AP_LE_MITO,GRAY_CHEA_MITO,tf_regulon,TF_targets,Gray CHEA mito-overlap: AP_LE,gsva,TRUE,TRUE,41,41,0,NA,Gray-Brugge CHEA TF program intersected with MitoCarta (Decision-5 mito-overlap) | context AP_LE | 41 mito genes | BH FDR 5.7e-09 | gsva,gray_chea_mito: BH_FDR<0.01 & n_mito>=15
TFT_MAZ_CHUNG,DOROTHEA+CHUNG,tf_regulon,TF_targets,Chung chromVAR: Basal/fetal2 (cluster 5),fgsea,TRUE,TRUE,70,69,0,NA,"Chung 2019 chromVAR predictive TF (Basal/fetal2, cluster 5) | DoRothEA mouse regulon conf C | fgsea",chung_cluster=5; dorothea_confidence=C
TFT_MAZ_GRAY_AP_LE_MITO,GRAY_CHEA_MITO,tf_regulon,TF_targets,Gray CHEA mito-overlap: AP_LE,gsva,TRUE,TRUE,40,41,0,NA,Gray-Brugge CHEA TF program intersected with MitoCarta (Decision-5 mito-overlap) | context AP_LE | 40 mito genes | BH FDR 1.41e-06 | gsva,gray_chea_mito: BH_FDR<0.01 & n_mito>=15
TFT_MAZ_GRAY_BA_LE_MITO,GRAY_CHEA_MITO,tf_regulon,TF_targets,Gray CHEA mito-overlap: BA_LE,gsva,TRUE,TRUE,57,57,0,NA,Gray-Brugge CHEA TF program intersected with MitoCarta (Decision-5 mito-overlap) | context BA_LE | 57 mito genes | BH FDR 6.7e-11 | gsva,gray_chea_mito: BH_FDR<0.01 & n_mito>=15
TFT_MBD3_GRAY_BA_LE_MITO,GRAY_CHEA_MITO,tf_regulon,TF_targets,Gray CHEA mito-overlap: BA_LE,gsva,TRUE,TRUE,29,29,0,NA,Gray-Brugge CHEA TF program intersected with MitoCarta (Decision-5 mito-overlap) | context BA_LE | 29 mito genes | BH FDR 1.72e-05 | gsva,gray_chea_mito: BH_FDR<0.01 & n_mito>=15
TFT_MBD4_GRAY_AP_LE_MITO,GRAY_CHEA_MITO,tf_regulon,TF_targets,Gray CHEA mito-overlap: AP_LE,gsva,TRUE,TRUE,41,41,0,NA,Gray-Brugge CHEA TF program intersected with MitoCarta (Decision-5 mito-overlap) | context AP_LE | 41 mito genes | BH FDR 5.15e-07 | gsva,gray_chea_mito: BH_FDR<0.01 & n_mito>=15
TFT_MEF2C_CHUNG,DOROTHEA+CHUNG,tf_regulon,TF_targets,Chung chromVAR: Basal/fetal2 (cluster 5),fgsea,TRUE,TRUE,70,68,3,NA,"Chung 2019 chromVAR predictive TF (Basal/fetal2, cluster 5) | DoRothEA mouse regulon conf C | fgsea",chung_cluster=5; dorothea_confidence=C
TFT_MEIS1_CHUNG,DOROTHEA+CHUNG,tf_regulon,TF_targets,Chung chromVAR: Others (cluster 8),fgsea,TRUE,TRUE,52,52,0,NA,"Chung 2019 chromVAR predictive TF (Others, cluster 8) | DoRothEA mouse regulon conf C | fgsea",chung_cluster=8; dorothea_confidence=C
TFT_MEIS2_CHUNG,DOROTHEA+CHUNG,tf_regulon,TF_targets,Chung chromVAR: Others (cluster 8),fgsea,TRUE,TRUE,60,60,0,NA,"Chung 2019 chromVAR predictive TF (Others, cluster 8) | DoRothEA mouse regulon conf C | fgsea",chung_cluster=8; dorothea_confidence=C
TFT_MESP1_GRAY_AP_LE_MITO,GRAY_CHEA_MITO,tf_regulon,TF_targets,Gray CHEA mito-overlap: AP_LE,gsva,TRUE,TRUE,24,24,0,NA,Gray-Brugge CHEA TF program intersected with MitoCarta (Decision-5 mito-overlap) | context AP_LE | 24 mito genes | BH FDR 1.37e-11 | gsva,gray_chea_mito: BH_FDR<0.01 & n_mito>=15
TFT_MESP1_GRAY_BA_LE_MITO,GRAY_CHEA_MITO,tf_regulon,TF_targets,Gray CHEA mito-overlap: BA_LE,gsva,TRUE,TRUE,30,30,0,NA,Gray-Brugge CHEA TF program intersected with MitoCarta (Decision-5 mito-overlap) | context BA_LE | 30 mito genes | BH FDR 7.91e-12 | gsva,gray_chea_mito: BH_FDR<0.01 & n_mito>=15
TFT_MKX_GRAY_AP_DUCT,GRAY_CHEA,tf_regulon,TF_targets,Gray CHEA: AP_DUCT,gsva,TRUE,TRUE,31,31,0,NA,Gray-Brugge CHEA3 upstream-regulator overlapping-gene program | context AP_DUCT | CHEA rank 2 score 22 | Overlapping_Genes human->mouse | gsva,NA
TFT_MKX_GRAY_HS_DUCT,GRAY_CHEA,tf_regulon,TF_targets,Gray CHEA: HS_DUCT,gsva,TRUE,TRUE,25,25,0,NA,Gray-Brugge CHEA3 upstream-regulator overlapping-gene program | context HS_DUCT | CHEA rank 5 score 17.67 | Overlapping_Genes human->mouse | gsva,NA
TFT_MLX_GRAY_AP_LE_MITO,GRAY_CHEA_MITO,tf_regulon,TF_targets,Gray CHEA mito-overlap: AP_LE,gsva,TRUE,TRUE,15,15,0,NA,Gray-Brugge CHEA TF program intersected with MitoCarta (Decision-5 mito-overlap) | context AP_LE | 15 mito genes | BH FDR 3.58e-06 | gsva,gray_chea_mito: BH_FDR<0.01 & n_mito>=15
TFT_MLX_GRAY_BA_LE_MITO,GRAY_CHEA_MITO,tf_regulon,TF_targets,Gray CHEA mito-overlap: BA_LE,gsva,TRUE,TRUE,34,34,0,NA,Gray-Brugge CHEA TF program intersected with MitoCarta (Decision-5 mito-overlap) | context BA_LE | 34 mito genes | BH FDR 5.42e-18 | gsva,gray_chea_mito: BH_FDR<0.01 & n_mito>=15
TFT_MTERF1_GRAY_BA_LE_MITO,GRAY_CHEA_MITO,tf_regulon,TF_targets,Gray CHEA mito-overlap: BA_LE,gsva,TRUE,TRUE,16,16,0,NA,Gray-Brugge CHEA TF program intersected with MitoCarta (Decision-5 mito-overlap) | context BA_LE | 16 mito genes | BH FDR 5.14e-05 | gsva,gray_chea_mito: BH_FDR<0.01 & n_mito>=15
TFT_MTERF3_GRAY_AP_LE_MITO,GRAY_CHEA_MITO,tf_regulon,TF_targets,Gray CHEA mito-overlap: AP_LE,gsva,TRUE,TRUE,27,27,0,NA,Gray-Brugge CHEA TF program intersected with MitoCarta (Decision-5 mito-overlap) | context AP_LE | 27 mito genes | BH FDR 6.34e-14 | gsva,gray_chea_mito: BH_FDR<0.01 & n_mito>=15
TFT_MTERF3_GRAY_BA_LE_MITO,GRAY_CHEA_MITO,tf_regulon,TF_targets,Gray CHEA mito-overlap: BA_LE,gsva,TRUE,TRUE,48,48,0,NA,Gray-Brugge CHEA TF program intersected with MitoCarta (Decision-5 mito-overlap) | context BA_LE | 48 mito genes | BH FDR 8.64e-31 | gsva,gray_chea_mito: BH_FDR<0.01 & n_mito>=15
TFT_MTERF3_GRAY_BA_TEB_MITO,GRAY_CHEA_MITO,tf_regulon,TF_targets,Gray CHEA mito-overlap: BA_TEB,gsva,TRUE,TRUE,19,20,0,NA,Gray-Brugge CHEA TF program intersected with MitoCarta (Decision-5 mito-overlap) | context BA_TEB | 19 mito genes | BH FDR 4.19e-06 | gsva,gray_chea_mito: BH_FDR<0.01 & n_mito>=15
TFT_MYBL2_GRAY_AP_LE,GRAY_CHEA,tf_regulon,TF_targets,Gray CHEA: AP_LE,gsva,TRUE,TRUE,471,454,0,NA,Gray-Brugge CHEA3 upstream-regulator overlapping-gene program | context AP_LE | CHEA rank 5 score 10.5 | Overlapping_Genes human->mouse | gsva,NA
TFT_MYBL2_GRAY_AP_LE_MITO,GRAY_CHEA_MITO,tf_regulon,TF_targets,Gray CHEA mito-overlap: AP_LE,gsva,TRUE,TRUE,57,57,0,NA,Gray-Brugge CHEA TF program intersected with MitoCarta (Decision-5 mito-overlap) | context AP_LE | 57 mito genes | BH FDR 3.03e-08 | gsva,gray_chea_mito: BH_FDR<0.01 & n_mito>=15
TFT_MYBL2_GRAY_AP_TEB,GRAY_CHEA,tf_regulon,TF_targets,Gray CHEA: AP_TEB,gsva,TRUE,TRUE,287,286,0,NA,Gray-Brugge CHEA3 upstream-regulator overlapping-gene program | context AP_TEB | CHEA rank 6 score 19.83 | Overlapping_Genes human->mouse | gsva,NA
TFT_MYBL2_GRAY_BA_LE,GRAY_CHEA,tf_regulon,TF_targets,Gray CHEA: BA_LE,gsva,FALSE,TRUE,573,558,0,NA,Gray-Brugge CHEA3 upstream-regulator overlapping-gene program | context BA_LE | CHEA rank 6 score 14.33 | Overlapping_Genes human->mouse | gsva,NA
TFT_MYBL2_GRAY_BA_LE_MITO,GRAY_CHEA_MITO,tf_regulon,TF_targets,Gray CHEA mito-overlap: BA_LE,gsva,TRUE,TRUE,85,85,0,NA,Gray-Brugge CHEA TF program intersected with MitoCarta (Decision-5 mito-overlap) | context BA_LE | 85 mito genes | BH FDR 3.05e-17 | gsva,gray_chea_mito: BH_FDR<0.01 & n_mito>=15
TFT_MYBL2_GRAY_BA_TEB,GRAY_CHEA,tf_regulon,TF_targets,Gray CHEA: BA_TEB,gsva,TRUE,TRUE,466,464,0,NA,Gray-Brugge CHEA3 upstream-regulator overlapping-gene program | context BA_TEB | CHEA rank 4 score 8 | Overlapping_Genes human->mouse | gsva,NA
TFT_MYBL2_GRAY_BA_TEB_MITO,GRAY_CHEA_MITO,tf_regulon,TF_targets,Gray CHEA mito-overlap: BA_TEB,gsva,TRUE,TRUE,41,42,0,NA,Gray-Brugge CHEA TF program intersected with MitoCarta (Decision-5 mito-overlap) | context BA_TEB | 41 mito genes | BH FDR 0.00528 | gsva,gray_chea_mito: BH_FDR<0.01 & n_mito>=15
TFT_MYBL2_GRAY_HS_LE,GRAY_CHEA,tf_regulon,TF_targets,Gray CHEA: HS_LE,gsva,TRUE,TRUE,173,153,0,NA,Gray-Brugge CHEA3 upstream-regulator overlapping-gene program | context HS_LE | CHEA rank 4 score 11 | Overlapping_Genes human->mouse | gsva,NA
TFT_MYCN_GRAY_AP_LE_MITO,GRAY_CHEA_MITO,tf_regulon,TF_targets,Gray CHEA mito-overlap: AP_LE,gsva,TRUE,TRUE,36,36,0,NA,Gray-Brugge CHEA TF program intersected with MitoCarta (Decision-5 mito-overlap) | context AP_LE | 36 mito genes | BH FDR 0.00106 | gsva,gray_chea_mito: BH_FDR<0.01 & n_mito>=15
TFT_MYCN_GRAY_BA_LE_MITO,GRAY_CHEA_MITO,tf_regulon,TF_targets,Gray CHEA mito-overlap: BA_LE,gsva,TRUE,TRUE,57,57,0,NA,Gray-Brugge CHEA TF program intersected with MitoCarta (Decision-5 mito-overlap) | context BA_LE | 57 mito genes | BH FDR 2.45e-08 | gsva,gray_chea_mito: BH_FDR<0.01 & n_mito>=15
TFT_MYC_CHIPATLAS,CHIPATLAS,tf_regulon,TF_targets,regulon: ChIP-Atlas,fgsea,TRUE,TRUE,500,458,45,NA,"ChIP-Atlas mm10 target genes, TSS+-1kb, top 500 by mean binding score | TF MYC | fgsea",chipatlas_mm10_1kb_top500
TFT_MYC_DOROTHEA_ABC,DOROTHEA,tf_regulon,TF_targets,regulon: DoRothEA A/B/C,fgsea,TRUE,TRUE,363,346,12,NA,"DoRothEA mouse regulon (dorothea_mm), confidence A | TF MYC | fgsea",dorothea_confidence=A
TFT_MYC_GRAY_AP_HE,GRAY_CHEA,tf_regulon,TF_targets,Gray CHEA: AP_HE,gsva,TRUE,TRUE,97,95,0,NA,Gray-Brugge CHEA3 upstream-regulator overlapping-gene program | context AP_HE | CHEA rank 248 score 358.7 | Overlapping_Genes human->mouse | gsva,NA
TFT_MYC_GRAY_AP_LE,GRAY_CHEA,tf_regulon,TF_targets,Gray CHEA: AP_LE,gsva,FALSE,TRUE,552,533,0,NA,Gray-Brugge CHEA3 upstream-regulator overlapping-gene program | context AP_LE | CHEA rank 24 score 66 | Overlapping_Genes human->mouse | gsva,NA
TFT_MYC_GRAY_AP_LE_MITO,GRAY_CHEA_MITO,tf_regulon,TF_targets,Gray CHEA mito-overlap: AP_LE,gsva,TRUE,TRUE,75,76,0,NA,Gray-Brugge CHEA TF program intersected with MitoCarta (Decision-5 mito-overlap) | context AP_LE | 75 mito genes | BH FDR 3.19e-13 | gsva,gray_chea_mito: BH_FDR<0.01 & n_mito>=15
TFT_MYC_GRAY_AP_TEB,GRAY_CHEA,tf_regulon,TF_targets,Gray CHEA: AP_TEB,gsva,TRUE,TRUE,441,435,0,NA,Gray-Brugge CHEA3 upstream-regulator overlapping-gene program | context AP_TEB | CHEA rank 127 score 250.3 | Overlapping_Genes human->mouse | gsva,NA
TFT_MYC_GRAY_BA_HE,GRAY_CHEA,tf_regulon,TF_targets,Gray CHEA: BA_HE,gsva,TRUE,TRUE,119,117,0,NA,Gray-Brugge CHEA3 upstream-regulator overlapping-gene program | context BA_HE | CHEA rank 170 score 256.8 | Overlapping_Genes human->mouse | gsva,NA
TFT_MYC_GRAY_BA_LE,GRAY_CHEA,tf_regulon,TF_targets,Gray CHEA: BA_LE,gsva,FALSE,TRUE,700,683,0,NA,Gray-Brugge CHEA3 upstream-regulator overlapping-gene program | context BA_LE | CHEA rank 46 score 121.3 | Overlapping_Genes human->mouse | gsva,NA
TFT_MYC_GRAY_BA_LE_MITO,GRAY_CHEA_MITO,tf_regulon,TF_targets,Gray CHEA mito-overlap: BA_LE,gsva,TRUE,TRUE,124,124,0,NA,Gray-Brugge CHEA TF program intersected with MitoCarta (Decision-5 mito-overlap) | context BA_LE | 124 mito genes | BH FDR 1.81e-32 | gsva,gray_chea_mito: BH_FDR<0.01 & n_mito>=15
TFT_MYC_GRAY_BA_TEB,GRAY_CHEA,tf_regulon,TF_targets,Gray CHEA: BA_TEB,gsva,FALSE,TRUE,513,507,0,NA,Gray-Brugge CHEA3 upstream-regulator overlapping-gene program | context BA_TEB | CHEA rank 120 score 251.3 | Overlapping_Genes human->mouse | gsva,NA
TFT_MYC_GRAY_BA_TEB_MITO,GRAY_CHEA_MITO,tf_regulon,TF_targets,Gray CHEA mito-overlap: BA_TEB,gsva,TRUE,TRUE,58,59,0,NA,Gray-Brugge CHEA TF program intersected with MitoCarta (Decision-5 mito-overlap) | context BA_TEB | 58 mito genes | BH FDR 2.33e-07 | gsva,gray_chea_mito: BH_FDR<0.01 & n_mito>=15
TFT_MYC_GRAY_HS_LE,GRAY_CHEA,tf_regulon,TF_targets,Gray CHEA: HS_LE,gsva,TRUE,TRUE,217,195,0,NA,Gray-Brugge CHEA3 upstream-regulator overlapping-gene program | context HS_LE | CHEA rank 23 score 91 | Overlapping_Genes human->mouse | gsva,NA
TFT_MYC_GRAY_HS_LE_MITO,GRAY_CHEA_MITO,tf_regulon,TF_targets,Gray CHEA mito-overlap: HS_LE,gsva,TRUE,TRUE,26,26,0,NA,Gray-Brugge CHEA TF program intersected with MitoCarta (Decision-5 mito-overlap) | context HS_LE | 26 mito genes | BH FDR 0.000578 | gsva,gray_chea_mito: BH_FDR<0.01 & n_mito>=15
TFT_MYC_GRAY_HS_TEB,GRAY_CHEA,tf_regulon,TF_targets,Gray CHEA: HS_TEB,gsva,TRUE,TRUE,308,303,0,NA,Gray-Brugge CHEA3 upstream-regulator overlapping-gene program | context HS_TEB | CHEA rank 172 score 247.8 | Overlapping_Genes human->mouse | gsva,NA
TFT_MYC_MSIGDB,MSIGDB,tf_regulon,TF_targets,regulon: MSigDB C3:TFT (legacy),fgsea,TRUE,TRUE,347,337,9,NA,MSigDB C3:TFT legacy-motif union | CACGTG_MYC_Q2 + MYC_Q2 | fgsea,NA
TFT_NANOG_GRAY_BA_LE_MITO,GRAY_CHEA_MITO,tf_regulon,TF_targets,Gray CHEA mito-overlap: BA_LE,gsva,TRUE,TRUE,29,29,0,NA,Gray-Brugge CHEA TF program intersected with MitoCarta (Decision-5 mito-overlap) | context BA_LE | 29 mito genes | BH FDR 0.000179 | gsva,gray_chea_mito: BH_FDR<0.01 & n_mito>=15
TFT_NCOA3_GRAY_BA_LE_MITO,GRAY_CHEA_MITO,tf_regulon,TF_targets,Gray CHEA mito-overlap: BA_LE,gsva,TRUE,TRUE,21,21,0,NA,Gray-Brugge CHEA TF program intersected with MitoCarta (Decision-5 mito-overlap) | context BA_LE | 21 mito genes | BH FDR 0.00108 | gsva,gray_chea_mito: BH_FDR<0.01 & n_mito>=15
TFT_NFE2L2_CHUNG,DOROTHEA+CHUNG,tf_regulon,TF_targets,Chung chromVAR: ML1 (cluster 3),fgsea,FALSE,TRUE,10,10,0,NA,"Chung 2019 chromVAR predictive TF (ML1, cluster 3) | DoRothEA mouse regulon conf B | fgsea",chung_cluster=3; dorothea_confidence=B
TFT_NFE2_CHUNG,DOROTHEA+CHUNG,tf_regulon,TF_targets,Chung chromVAR: ML1 (cluster 3),fgsea,TRUE,TRUE,47,45,2,NA,"Chung 2019 chromVAR predictive TF (ML1, cluster 3) | DoRothEA mouse regulon conf C | fgsea",chung_cluster=3; dorothea_confidence=C
TFT_NFIC_CHUNG,DOROTHEA+CHUNG,tf_regulon,TF_targets,Chung chromVAR: Basal/fetal1 (cluster 1),fgsea,TRUE,TRUE,25,26,0,NA,"Chung 2019 chromVAR predictive TF (Basal/fetal1, cluster 1) | DoRothEA mouse regulon conf A | fgsea",chung_cluster=1; dorothea_confidence=A
TFT_NFIL3_GRAY_AP_HE,GRAY_CHEA,tf_regulon,TF_targets,Gray CHEA: AP_HE,gsva,TRUE,TRUE,46,47,0,NA,Gray-Brugge CHEA3 upstream-regulator overlapping-gene program | context AP_HE | CHEA rank 3 score 14 | Overlapping_Genes human->mouse | gsva,NA
TFT_NFKB1_CHUNG,DOROTHEA+CHUNG,tf_regulon,TF_targets,Chung chromVAR: LP2 (cluster 7),fgsea,TRUE,TRUE,183,154,17,NA,"Chung 2019 chromVAR predictive TF (LP2, cluster 7) | DoRothEA mouse regulon conf A | fgsea",chung_cluster=7; dorothea_confidence=A
TFT_NFKB2_CHUNG,DOROTHEA+CHUNG,tf_regulon,TF_targets,Chung chromVAR: LP2 (cluster 7),fgsea,FALSE,TRUE,10,7,1,NA,"Chung 2019 chromVAR predictive TF (LP2, cluster 7) | DoRothEA mouse regulon conf A | fgsea",chung_cluster=7; dorothea_confidence=A
TFT_NFYA_GRAY_AP_LE_MITO,GRAY_CHEA_MITO,tf_regulon,TF_targets,Gray CHEA mito-overlap: AP_LE,gsva,TRUE,TRUE,34,34,0,NA,Gray-Brugge CHEA TF program intersected with MitoCarta (Decision-5 mito-overlap) | context AP_LE | 34 mito genes | BH FDR 0.00038 | gsva,gray_chea_mito: BH_FDR<0.01 & n_mito>=15
TFT_NFYB_GRAY_AP_LE_MITO,GRAY_CHEA_MITO,tf_regulon,TF_targets,Gray CHEA mito-overlap: AP_LE,gsva,TRUE,TRUE,43,43,0,NA,Gray-Brugge CHEA TF program intersected with MitoCarta (Decision-5 mito-overlap) | context AP_LE | 43 mito genes | BH FDR 8.6e-07 | gsva,gray_chea_mito: BH_FDR<0.01 & n_mito>=15
TFT_NFYB_GRAY_BA_LE_MITO,GRAY_CHEA_MITO,tf_regulon,TF_targets,Gray CHEA mito-overlap: BA_LE,gsva,TRUE,TRUE,67,67,0,NA,Gray-Brugge CHEA TF program intersected with MitoCarta (Decision-5 mito-overlap) | context BA_LE | 67 mito genes | BH FDR 7.05e-13 | gsva,gray_chea_mito: BH_FDR<0.01 & n_mito>=15
TFT_NFYB_GRAY_BA_TEB_MITO,GRAY_CHEA_MITO,tf_regulon,TF_targets,Gray CHEA mito-overlap: BA_TEB,gsva,TRUE,TRUE,40,40,0,NA,Gray-Brugge CHEA TF program intersected with MitoCarta (Decision-5 mito-overlap) | context BA_TEB | 40 mito genes | BH FDR 3.63e-05 | gsva,gray_chea_mito: BH_FDR<0.01 & n_mito>=15
TFT_NFYB_GRAY_HS_LE_MITO,GRAY_CHEA_MITO,tf_regulon,TF_targets,Gray CHEA mito-overlap: HS_LE,gsva,TRUE,TRUE,17,17,0,NA,Gray-Brugge CHEA TF program intersected with MitoCarta (Decision-5 mito-overlap) | context HS_LE | 17 mito genes | BH FDR 0.00163 | gsva,gray_chea_mito: BH_FDR<0.01 & n_mito>=15
TFT_NKX25_GRAY_AP_LE_MITO,GRAY_CHEA_MITO,tf_regulon,TF_targets,Gray CHEA mito-overlap: AP_LE,gsva,TRUE,TRUE,29,29,0,NA,Gray-Brugge CHEA TF program intersected with MitoCarta (Decision-5 mito-overlap) | context AP_LE | 29 mito genes | BH FDR 6.3e-22 | gsva,gray_chea_mito: BH_FDR<0.01 & n_mito>=15
TFT_NKX25_GRAY_BA_LE_MITO,GRAY_CHEA_MITO,tf_regulon,TF_targets,Gray CHEA mito-overlap: BA_LE,gsva,TRUE,TRUE,32,32,0,NA,Gray-Brugge CHEA TF program intersected with MitoCarta (Decision-5 mito-overlap) | context BA_LE | 32 mito genes | BH FDR 1.34e-23 | gsva,gray_chea_mito: BH_FDR<0.01 & n_mito>=15
TFT_NME2_GRAY_AP_LE_MITO,GRAY_CHEA_MITO,tf_regulon,TF_targets,Gray CHEA mito-overlap: AP_LE,gsva,TRUE,TRUE,24,24,0,NA,Gray-Brugge CHEA TF program intersected with MitoCarta (Decision-5 mito-overlap) | context AP_LE | 24 mito genes | BH FDR 1.34e-05 | gsva,gray_chea_mito: BH_FDR<0.01 & n_mito>=15
TFT_NME2_GRAY_BA_LE_MITO,GRAY_CHEA_MITO,tf_regulon,TF_targets,Gray CHEA mito-overlap: BA_LE,gsva,TRUE,TRUE,43,43,0,NA,Gray-Brugge CHEA TF program intersected with MitoCarta (Decision-5 mito-overlap) | context BA_LE | 43 mito genes | BH FDR 8.15e-13 | gsva,gray_chea_mito: BH_FDR<0.01 & n_mito>=15
TFT_NPAS1_GRAY_BA_LE_MITO,GRAY_CHEA_MITO,tf_regulon,TF_targets,Gray CHEA mito-overlap: BA_LE,gsva,TRUE,TRUE,18,18,0,NA,Gray-Brugge CHEA TF program intersected with MitoCarta (Decision-5 mito-overlap) | context BA_LE | 18 mito genes | BH FDR 0.00142 | gsva,gray_chea_mito: BH_FDR<0.01 & n_mito>=15
TFT_NPAS2_GRAY_HS_TEB,GRAY_CHEA,tf_regulon,TF_targets,Gray CHEA: HS_TEB,gsva,TRUE,TRUE,128,126,0,NA,Gray-Brugge CHEA3 upstream-regulator overlapping-gene program | context HS_TEB | CHEA rank 8 score 40 | Overlapping_Genes human->mouse | gsva,NA
TFT_NR2C2_GRAY_AP_LE_MITO,GRAY_CHEA_MITO,tf_regulon,TF_targets,Gray CHEA mito-overlap: AP_LE,gsva,TRUE,TRUE,56,57,0,NA,Gray-Brugge CHEA TF program intersected with MitoCarta (Decision-5 mito-overlap) | context AP_LE | 56 mito genes | BH FDR 6.43e-19 | gsva,gray_chea_mito: BH_FDR<0.01 & n_mito>=15
TFT_NR2F1_CHUNG,DOROTHEA+CHUNG,tf_regulon,TF_targets,Chung chromVAR: ML2 (cluster 4),fgsea,TRUE,TRUE,68,66,2,NA,"Chung 2019 chromVAR predictive TF (ML2, cluster 4) | DoRothEA mouse regulon conf C | fgsea",chung_cluster=4; dorothea_confidence=C
TFT_NR2F2_CHUNG,DOROTHEA+CHUNG,tf_regulon,TF_targets,Chung chromVAR: ML2 (cluster 4),fgsea,TRUE,TRUE,19,18,0,NA,"Chung 2019 chromVAR predictive TF (ML2, cluster 4) | DoRothEA mouse regulon conf A | fgsea",chung_cluster=4; dorothea_confidence=A
TFT_NR2F2_GRAY_BA_LE_MITO,GRAY_CHEA_MITO,tf_regulon,TF_targets,Gray CHEA mito-overlap: BA_LE,gsva,TRUE,TRUE,45,45,0,NA,Gray-Brugge CHEA TF program intersected with MitoCarta (Decision-5 mito-overlap) | context BA_LE | 45 mito genes | BH FDR 8.68e-09 | gsva,gray_chea_mito: BH_FDR<0.01 & n_mito>=15
TFT_NR2F6_CHUNG,DOROTHEA+CHUNG,tf_regulon,TF_targets,Chung chromVAR: ML2 (cluster 4),fgsea,TRUE,TRUE,32,32,0,NA,"Chung 2019 chromVAR predictive TF (ML2, cluster 4) | DoRothEA mouse regulon conf C | fgsea",chung_cluster=4; dorothea_confidence=C
TFT_NR2F6_GRAY_BA_LE_MITO,GRAY_CHEA_MITO,tf_regulon,TF_targets,Gray CHEA mito-overlap: BA_LE,gsva,TRUE,TRUE,31,31,0,NA,Gray-Brugge CHEA TF program intersected with MitoCarta (Decision-5 mito-overlap) | context BA_LE | 31 mito genes | BH FDR 1.1e-06 | gsva,gray_chea_mito: BH_FDR<0.01 & n_mito>=15
TFT_NR4A3_GRAY_AP_HE,GRAY_CHEA,tf_regulon,TF_targets,Gray CHEA: AP_HE,gsva,TRUE,TRUE,44,44,0,NA,Gray-Brugge CHEA3 upstream-regulator overlapping-gene program | context AP_HE | CHEA rank 7 score 29 | Overlapping_Genes human->mouse | gsva,NA
TFT_NRF1_CHIPATLAS,CHIPATLAS,tf_regulon,TF_targets,regulon: ChIP-Atlas,fgsea,TRUE,TRUE,500,473,31,NA,"ChIP-Atlas mm10 target genes, TSS+-1kb, top 500 by mean binding score | TF NRF1 | fgsea",chipatlas_mm10_1kb_top500
TFT_NRF1_DOROTHEA_ABC,DOROTHEA,tf_regulon,TF_targets,regulon: DoRothEA A/B/C,fgsea,TRUE,TRUE,77,76,1,NA,"DoRothEA mouse regulon (dorothea_mm), confidence C | TF NRF1 | fgsea",dorothea_confidence=C
TFT_NRF1_GRAY_AP_TEB,GRAY_CHEA,tf_regulon,TF_targets,Gray CHEA: AP_TEB,gsva,TRUE,TRUE,195,195,0,NA,Gray-Brugge CHEA3 upstream-regulator overlapping-gene program | context AP_TEB | CHEA rank 224 score 334.6 | Overlapping_Genes human->mouse | gsva,NA
TFT_NRF1_MSIGDB,MSIGDB,tf_regulon,TF_targets,regulon: MSigDB C3:TFT (legacy),fgsea,TRUE,TRUE,280,270,11,NA,MSigDB C3:TFT legacy-motif union | NRF1_Q6 + RCGCANGCGY_NRF1_Q6 | fgsea,NA
TFT_OSR1_GRAY_AP_DUCT,GRAY_CHEA,tf_regulon,TF_targets,Gray CHEA: AP_DUCT,gsva,TRUE,TRUE,15,15,0,NA,Gray-Brugge CHEA3 upstream-regulator overlapping-gene program | context AP_DUCT | CHEA rank 7 score 32.5 | Overlapping_Genes human->mouse | gsva,NA
TFT_OSR1_GRAY_BA_DUCT,GRAY_CHEA,tf_regulon,TF_targets,Gray CHEA: BA_DUCT,gsva,TRUE,TRUE,111,111,0,NA,Gray-Brugge CHEA3 upstream-regulator overlapping-gene program | context BA_DUCT | CHEA rank 1 score 5.5 | Overlapping_Genes human->mouse | gsva,NA
TFT_OSR1_GRAY_BA_HE,GRAY_CHEA,tf_regulon,TF_targets,Gray CHEA: BA_HE,gsva,TRUE,TRUE,50,50,0,NA,Gray-Brugge CHEA3 upstream-regulator overlapping-gene program | context BA_HE | CHEA rank 3 score 14.5 | Overlapping_Genes human->mouse | gsva,NA
TFT_OSR1_GRAY_HS_DUCT,GRAY_CHEA,tf_regulon,TF_targets,Gray CHEA: HS_DUCT,gsva,TRUE,TRUE,18,18,0,NA,Gray-Brugge CHEA3 upstream-regulator overlapping-gene program | context HS_DUCT | CHEA rank 1 score 7.5 | Overlapping_Genes human->mouse | gsva,NA
TFT_OSR2_GRAY_HS_DUCT,GRAY_CHEA,tf_regulon,TF_targets,Gray CHEA: HS_DUCT,gsva,TRUE,TRUE,24,24,0,NA,Gray-Brugge CHEA3 upstream-regulator overlapping-gene program | context HS_DUCT | CHEA rank 9 score 48.33 | Overlapping_Genes human->mouse | gsva,NA
TFT_PA2G4_GRAY_AP_LE,GRAY_CHEA,tf_regulon,TF_targets,Gray CHEA: AP_LE,gsva,TRUE,TRUE,202,184,0,NA,Gray-Brugge CHEA3 upstream-regulator overlapping-gene program | context AP_LE | CHEA rank 4 score 10 | Overlapping_Genes human->mouse | gsva,NA
TFT_PA2G4_GRAY_AP_TEB,GRAY_CHEA,tf_regulon,TF_targets,Gray CHEA: AP_TEB,gsva,TRUE,TRUE,92,92,0,NA,Gray-Brugge CHEA3 upstream-regulator overlapping-gene program | context AP_TEB | CHEA rank 7 score 20 | Overlapping_Genes human->mouse | gsva,NA
TFT_PA2G4_GRAY_BA_LE,GRAY_CHEA,tf_regulon,TF_targets,Gray CHEA: BA_LE,gsva,TRUE,TRUE,186,165,0,NA,Gray-Brugge CHEA3 upstream-regulator overlapping-gene program | context BA_LE | CHEA rank 5 score 14 | Overlapping_Genes human->mouse | gsva,NA
TFT_PA2G4_GRAY_BA_TEB,GRAY_CHEA,tf_regulon,TF_targets,Gray CHEA: BA_TEB,gsva,TRUE,TRUE,146,144,0,NA,Gray-Brugge CHEA3 upstream-regulator overlapping-gene program | context BA_TEB | CHEA rank 5 score 13.5 | Overlapping_Genes human->mouse | gsva,NA
TFT_PA2G4_GRAY_HS_LE,GRAY_CHEA,tf_regulon,TF_targets,Gray CHEA: HS_LE,gsva,TRUE,TRUE,76,57,0,NA,Gray-Brugge CHEA3 upstream-regulator overlapping-gene program | context HS_LE | CHEA rank 8 score 14 | Overlapping_Genes human->mouse | gsva,NA
TFT_PAX5_GRAY_BA_TEB_MITO,GRAY_CHEA_MITO,tf_regulon,TF_targets,Gray CHEA mito-overlap: BA_TEB,gsva,TRUE,TRUE,31,32,0,NA,Gray-Brugge CHEA TF program intersected with MitoCarta (Decision-5 mito-overlap) | context BA_TEB | 31 mito genes | BH FDR 0.00489 | gsva,gray_chea_mito: BH_FDR<0.01 & n_mito>=15
TFT_PBX3_CHUNG,DOROTHEA+CHUNG,tf_regulon,TF_targets,Chung chromVAR: Basal/fetal2 (cluster 5),fgsea,TRUE,TRUE,52,50,2,NA,"Chung 2019 chromVAR predictive TF (Basal/fetal2, cluster 5) | DoRothEA mouse regulon conf C | fgsea",chung_cluster=5; dorothea_confidence=C
TFT_PBX3_GRAY_BA_LE_MITO,GRAY_CHEA_MITO,tf_regulon,TF_targets,Gray CHEA mito-overlap: BA_LE,gsva,TRUE,TRUE,54,54,0,NA,Gray-Brugge CHEA TF program intersected with MitoCarta (Decision-5 mito-overlap) | context BA_LE | 54 mito genes | BH FDR 2.23e-09 | gsva,gray_chea_mito: BH_FDR<0.01 & n_mito>=15
TFT_PIN1_GRAY_BA_LE_MITO,GRAY_CHEA_MITO,tf_regulon,TF_targets,Gray CHEA mito-overlap: BA_LE,gsva,TRUE,TRUE,16,16,0,NA,Gray-Brugge CHEA TF program intersected with MitoCarta (Decision-5 mito-overlap) | context BA_LE | 16 mito genes | BH FDR 3.56e-06 | gsva,gray_chea_mito: BH_FDR<0.01 & n_mito>=15
TFT_PKNOX1_CHUNG,DOROTHEA+CHUNG,tf_regulon,TF_targets,Chung chromVAR: Others (cluster 8),fgsea,TRUE,TRUE,36,36,1,NA,"Chung 2019 chromVAR predictive TF (Others, cluster 8) | DoRothEA mouse regulon conf C | fgsea",chung_cluster=8; dorothea_confidence=C
TFT_POU3F1_GRAY_BA_LE_MITO,GRAY_CHEA_MITO,tf_regulon,TF_targets,Gray CHEA mito-overlap: BA_LE,gsva,TRUE,TRUE,28,28,0,NA,Gray-Brugge CHEA TF program intersected with MitoCarta (Decision-5 mito-overlap) | context BA_LE | 28 mito genes | BH FDR 0.00122 | gsva,gray_chea_mito: BH_FDR<0.01 & n_mito>=15
TFT_POU5F1B_GRAY_AP_LE_MITO,GRAY_CHEA_MITO,tf_regulon,TF_targets,Gray CHEA mito-overlap: AP_LE,gsva,TRUE,TRUE,30,30,0,NA,Gray-Brugge CHEA TF program intersected with MitoCarta (Decision-5 mito-overlap) | context AP_LE | 30 mito genes | BH FDR 1.42e-13 | gsva,gray_chea_mito: BH_FDR<0.01 & n_mito>=15
TFT_POU5F1B_GRAY_BA_LE_MITO,GRAY_CHEA_MITO,tf_regulon,TF_targets,Gray CHEA mito-overlap: BA_LE,gsva,TRUE,TRUE,27,27,0,NA,Gray-Brugge CHEA TF program intersected with MitoCarta (Decision-5 mito-overlap) | context BA_LE | 27 mito genes | BH FDR 1.1e-10 | gsva,gray_chea_mito: BH_FDR<0.01 & n_mito>=15
TFT_POU5F1_GRAY_BA_LE_MITO,GRAY_CHEA_MITO,tf_regulon,TF_targets,Gray CHEA mito-overlap: BA_LE,gsva,TRUE,TRUE,59,59,0,NA,Gray-Brugge CHEA TF program intersected with MitoCarta (Decision-5 mito-overlap) | context BA_LE | 59 mito genes | BH FDR 3.39e-08 | gsva,gray_chea_mito: BH_FDR<0.01 & n_mito>=15
TFT_PPARG_CHUNG,DOROTHEA+CHUNG,tf_regulon,TF_targets,Chung chromVAR: ML1 (cluster 3),fgsea,TRUE,TRUE,41,40,1,NA,"Chung 2019 chromVAR predictive TF (ML1, cluster 3) | DoRothEA mouse regulon conf A | fgsea",chung_cluster=3; dorothea_confidence=A
TFT_PPARG_GRAY_BA_LE_MITO,GRAY_CHEA_MITO,tf_regulon,TF_targets,Gray CHEA mito-overlap: BA_LE,gsva,TRUE,TRUE,54,54,0,NA,Gray-Brugge CHEA TF program intersected with MitoCarta (Decision-5 mito-overlap) | context BA_LE | 54 mito genes | BH FDR 1.46e-09 | gsva,gray_chea_mito: BH_FDR<0.01 & n_mito>=15
TFT_PREB_GRAY_AP_LE_MITO,GRAY_CHEA_MITO,tf_regulon,TF_targets,Gray CHEA mito-overlap: AP_LE,gsva,TRUE,TRUE,17,17,0,NA,Gray-Brugge CHEA TF program intersected with MitoCarta (Decision-5 mito-overlap) | context AP_LE | 17 mito genes | BH FDR 1.2e-06 | gsva,gray_chea_mito: BH_FDR<0.01 & n_mito>=15
TFT_PREB_GRAY_BA_LE_MITO,GRAY_CHEA_MITO,tf_regulon,TF_targets,Gray CHEA mito-overlap: BA_LE,gsva,TRUE,TRUE,37,37,0,NA,Gray-Brugge CHEA TF program intersected with MitoCarta (Decision-5 mito-overlap) | context BA_LE | 37 mito genes | BH FDR 8.49e-18 | gsva,gray_chea_mito: BH_FDR<0.01 & n_mito>=15
TFT_PREB_GRAY_BA_TEB_MITO,GRAY_CHEA_MITO,tf_regulon,TF_targets,Gray CHEA mito-overlap: BA_TEB,gsva,TRUE,TRUE,17,17,0,NA,Gray-Brugge CHEA TF program intersected with MitoCarta (Decision-5 mito-overlap) | context BA_TEB | 17 mito genes | BH FDR 5.75e-06 | gsva,gray_chea_mito: BH_FDR<0.01 & n_mito>=15
TFT_PRMT3_GRAY_BA_LE_MITO,GRAY_CHEA_MITO,tf_regulon,TF_targets,Gray CHEA mito-overlap: BA_LE,gsva,TRUE,TRUE,26,26,0,NA,Gray-Brugge CHEA TF program intersected with MitoCarta (Decision-5 mito-overlap) | context BA_LE | 26 mito genes | BH FDR 4.11e-05 | gsva,gray_chea_mito: BH_FDR<0.01 & n_mito>=15
TFT_PRRX1_GRAY_AP_DUCT,GRAY_CHEA,tf_regulon,TF_targets,Gray CHEA: AP_DUCT,gsva,TRUE,TRUE,26,26,0,NA,Gray-Brugge CHEA3 upstream-regulator overlapping-gene program | context AP_DUCT | CHEA rank 4 score 27 | Overlapping_Genes human->mouse | gsva,NA
TFT_PRRX1_GRAY_BA_DUCT,GRAY_CHEA,tf_regulon,TF_targets,Gray CHEA: BA_DUCT,gsva,TRUE,TRUE,139,139,0,NA,Gray-Brugge CHEA3 upstream-regulator overlapping-gene program | context BA_DUCT | CHEA rank 3 score 30.67 | Overlapping_Genes human->mouse | gsva,NA
TFT_PRRX2_GRAY_AP_DUCT,GRAY_CHEA,tf_regulon,TF_targets,Gray CHEA: AP_DUCT,gsva,TRUE,TRUE,28,28,0,NA,Gray-Brugge CHEA3 upstream-regulator overlapping-gene program | context AP_DUCT | CHEA rank 6 score 31 | Overlapping_Genes human->mouse | gsva,NA
TFT_PRRX2_GRAY_HS_DUCT,GRAY_CHEA,tf_regulon,TF_targets,Gray CHEA: HS_DUCT,gsva,TRUE,TRUE,26,26,0,NA,Gray-Brugge CHEA3 upstream-regulator overlapping-gene program | context HS_DUCT | CHEA rank 3 score 14 | Overlapping_Genes human->mouse | gsva,NA
TFT_RBPJ_GRAY_AP_LE_MITO,GRAY_CHEA_MITO,tf_regulon,TF_targets,Gray CHEA mito-overlap: AP_LE,gsva,TRUE,TRUE,43,43,0,NA,Gray-Brugge CHEA TF program intersected with MitoCarta (Decision-5 mito-overlap) | context AP_LE | 43 mito genes | BH FDR 9.36e-14 | gsva,gray_chea_mito: BH_FDR<0.01 & n_mito>=15
TFT_RBPJ_GRAY_BA_LE_MITO,GRAY_CHEA_MITO,tf_regulon,TF_targets,Gray CHEA mito-overlap: BA_LE,gsva,TRUE,TRUE,44,44,0,NA,Gray-Brugge CHEA TF program intersected with MitoCarta (Decision-5 mito-overlap) | context BA_LE | 44 mito genes | BH FDR 3.57e-17 | gsva,gray_chea_mito: BH_FDR<0.01 & n_mito>=15
TFT_RELA_CHUNG,DOROTHEA+CHUNG,tf_regulon,TF_targets,Chung chromVAR: LP2 (cluster 7),fgsea,TRUE,TRUE,166,133,31,NA,"Chung 2019 chromVAR predictive TF (LP2, cluster 7) | DoRothEA mouse regulon conf A | fgsea",chung_cluster=7; dorothea_confidence=A
TFT_RELB_CHUNG,DOROTHEA+CHUNG,tf_regulon,TF_targets,Chung chromVAR: LP2 (cluster 7),fgsea,FALSE,TRUE,10,6,1,NA,"Chung 2019 chromVAR predictive TF (LP2, cluster 7) | DoRothEA mouse regulon conf A | fgsea",chung_cluster=7; dorothea_confidence=A
TFT_REL_CHUNG,DOROTHEA+CHUNG,tf_regulon,TF_targets,Chung chromVAR: LP2 (cluster 7),fgsea,TRUE,TRUE,20,20,0,NA,"Chung 2019 chromVAR predictive TF (LP2, cluster 7) | DoRothEA mouse regulon conf A | fgsea",chung_cluster=7; dorothea_confidence=A
TFT_REPIN1_GRAY_AP_LE_MITO,GRAY_CHEA_MITO,tf_regulon,TF_targets,Gray CHEA mito-overlap: AP_LE,gsva,TRUE,TRUE,29,29,0,NA,Gray-Brugge CHEA TF program intersected with MitoCarta (Decision-5 mito-overlap) | context AP_LE | 29 mito genes | BH FDR 5.1e-16 | gsva,gray_chea_mito: BH_FDR<0.01 & n_mito>=15
TFT_REXO4_GRAY_BA_LE_MITO,GRAY_CHEA_MITO,tf_regulon,TF_targets,Gray CHEA mito-overlap: BA_LE,gsva,TRUE,TRUE,27,27,0,NA,Gray-Brugge CHEA TF program intersected with MitoCarta (Decision-5 mito-overlap) | context BA_LE | 27 mito genes | BH FDR 2.35e-09 | gsva,gray_chea_mito: BH_FDR<0.01 & n_mito>=15
TFT_RFX5_GRAY_AP_LE_MITO,GRAY_CHEA_MITO,tf_regulon,TF_targets,Gray CHEA mito-overlap: AP_LE,gsva,TRUE,TRUE,41,42,0,NA,Gray-Brugge CHEA TF program intersected with MitoCarta (Decision-5 mito-overlap) | context AP_LE | 41 mito genes | BH FDR 5.6e-07 | gsva,gray_chea_mito: BH_FDR<0.01 & n_mito>=15
TFT_RUNX1_CHUNG,DOROTHEA+CHUNG,tf_regulon,TF_targets,Chung chromVAR: LP2 (cluster 7),fgsea,TRUE,TRUE,34,19,15,NA,"Chung 2019 chromVAR predictive TF (LP2, cluster 7) | DoRothEA mouse regulon conf A | fgsea",chung_cluster=7; dorothea_confidence=A
TFT_RUNX1_GRAY_AP_LE_MITO,GRAY_CHEA_MITO,tf_regulon,TF_targets,Gray CHEA mito-overlap: AP_LE,gsva,TRUE,TRUE,41,41,0,NA,Gray-Brugge CHEA TF program intersected with MitoCarta (Decision-5 mito-overlap) | context AP_LE | 41 mito genes | BH FDR 1.66e-05 | gsva,gray_chea_mito: BH_FDR<0.01 & n_mito>=15
TFT_RUNX1_GRAY_BA_LE_MITO,GRAY_CHEA_MITO,tf_regulon,TF_targets,Gray CHEA mito-overlap: BA_LE,gsva,TRUE,TRUE,79,79,0,NA,Gray-Brugge CHEA TF program intersected with MitoCarta (Decision-5 mito-overlap) | context BA_LE | 79 mito genes | BH FDR 3.72e-15 | gsva,gray_chea_mito: BH_FDR<0.01 & n_mito>=15
TFT_RUNX2_CHUNG,DOROTHEA+CHUNG,tf_regulon,TF_targets,Chung chromVAR: ML2 (cluster 4),fgsea,TRUE,TRUE,65,63,2,NA,"Chung 2019 chromVAR predictive TF (ML2, cluster 4) | DoRothEA mouse regulon conf C | fgsea",chung_cluster=4; dorothea_confidence=C
TFT_RUNX3_CHUNG,DOROTHEA+CHUNG,tf_regulon,TF_targets,Chung chromVAR: LP2 (cluster 7),fgsea,FALSE,TRUE,11,11,0,NA,"Chung 2019 chromVAR predictive TF (LP2, cluster 7) | DoRothEA mouse regulon conf B | fgsea",chung_cluster=7; dorothea_confidence=B
TFT_RXRA_CHUNG,DOROTHEA+CHUNG,tf_regulon,TF_targets,Chung chromVAR: ML2 (cluster 4),fgsea,FALSE,TRUE,11,11,0,NA,"Chung 2019 chromVAR predictive TF (ML2, cluster 4) | DoRothEA mouse regulon conf A | fgsea",chung_cluster=4; dorothea_confidence=A
TFT_SETDB1_GRAY_AP_LE_MITO,GRAY_CHEA_MITO,tf_regulon,TF_targets,Gray CHEA mito-overlap: AP_LE,gsva,TRUE,TRUE,66,66,0,NA,Gray-Brugge CHEA TF program intersected with MitoCarta (Decision-5 mito-overlap) | context AP_LE | 66 mito genes | BH FDR 4.62e-14 | gsva,gray_chea_mito: BH_FDR<0.01 & n_mito>=15
TFT_SIX5_GRAY_HS_LE_MITO,GRAY_CHEA_MITO,tf_regulon,TF_targets,Gray CHEA mito-overlap: HS_LE,gsva,TRUE,TRUE,18,18,0,NA,Gray-Brugge CHEA TF program intersected with MitoCarta (Decision-5 mito-overlap) | context HS_LE | 18 mito genes | BH FDR 9.6e-05 | gsva,gray_chea_mito: BH_FDR<0.01 & n_mito>=15
TFT_SMYD3_GRAY_BA_LE_MITO,GRAY_CHEA_MITO,tf_regulon,TF_targets,Gray CHEA mito-overlap: BA_LE,gsva,TRUE,TRUE,20,20,0,NA,Gray-Brugge CHEA TF program intersected with MitoCarta (Decision-5 mito-overlap) | context BA_LE | 20 mito genes | BH FDR 2.45e-08 | gsva,gray_chea_mito: BH_FDR<0.01 & n_mito>=15
TFT_SNAI1_GRAY_AP_DUCT,GRAY_CHEA,tf_regulon,TF_targets,Gray CHEA: AP_DUCT,gsva,TRUE,TRUE,31,29,0,NA,Gray-Brugge CHEA3 upstream-regulator overlapping-gene program | context AP_DUCT | CHEA rank 9 score 39.33 | Overlapping_Genes human->mouse | gsva,NA
TFT_SNAI1_GRAY_AP_HE,GRAY_CHEA,tf_regulon,TF_targets,Gray CHEA: AP_HE,gsva,TRUE,TRUE,43,43,0,NA,Gray-Brugge CHEA3 upstream-regulator overlapping-gene program | context AP_HE | CHEA rank 8 score 29.67 | Overlapping_Genes human->mouse | gsva,NA
TFT_SNAI1_GRAY_BA_HE,GRAY_CHEA,tf_regulon,TF_targets,Gray CHEA: BA_HE,gsva,TRUE,TRUE,82,82,0,NA,Gray-Brugge CHEA3 upstream-regulator overlapping-gene program | context BA_HE | CHEA rank 8 score 27.33 | Overlapping_Genes human->mouse | gsva,NA
TFT_SNAI2_CHUNG,DOROTHEA+CHUNG,tf_regulon,TF_targets,Chung chromVAR: Repressive (cluster 2),fgsea,TRUE,TRUE,66,65,1,NA,"Chung 2019 chromVAR predictive TF (Repressive, cluster 2) | DoRothEA mouse regulon conf C | fgsea",chung_cluster=2; dorothea_confidence=C
TFT_SNAPC5_GRAY_AP_LE_MITO,GRAY_CHEA_MITO,tf_regulon,TF_targets,Gray CHEA mito-overlap: AP_LE,gsva,TRUE,TRUE,50,50,0,NA,Gray-Brugge CHEA TF program intersected with MitoCarta (Decision-5 mito-overlap) | context AP_LE | 50 mito genes | BH FDR 6.04e-38 | gsva,gray_chea_mito: BH_FDR<0.01 & n_mito>=15
TFT_SNAPC5_GRAY_BA_LE_MITO,GRAY_CHEA_MITO,tf_regulon,TF_targets,Gray CHEA mito-overlap: BA_LE,gsva,TRUE,TRUE,55,55,0,NA,Gray-Brugge CHEA TF program intersected with MitoCarta (Decision-5 mito-overlap) | context BA_LE | 55 mito genes | BH FDR 1.43e-39 | gsva,gray_chea_mito: BH_FDR<0.01 & n_mito>=15
TFT_SNAPC5_GRAY_HS_LE_MITO,GRAY_CHEA_MITO,tf_regulon,TF_targets,Gray CHEA mito-overlap: HS_LE,gsva,TRUE,TRUE,15,15,0,NA,Gray-Brugge CHEA TF program intersected with MitoCarta (Decision-5 mito-overlap) | context HS_LE | 15 mito genes | BH FDR 1.46e-10 | gsva,gray_chea_mito: BH_FDR<0.01 & n_mito>=15
TFT_SOX11_GRAY_BA_LE_MITO,GRAY_CHEA_MITO,tf_regulon,TF_targets,Gray CHEA mito-overlap: BA_LE,gsva,TRUE,TRUE,28,28,0,NA,Gray-Brugge CHEA TF program intersected with MitoCarta (Decision-5 mito-overlap) | context BA_LE | 28 mito genes | BH FDR 0.0024 | gsva,gray_chea_mito: BH_FDR<0.01 & n_mito>=15
TFT_SOX13_CHUNG,DOROTHEA+CHUNG,tf_regulon,TF_targets,Chung chromVAR: Basal/fetal1 (cluster 1),fgsea,TRUE,TRUE,45,41,0,NA,"Chung 2019 chromVAR predictive TF (Basal/fetal1, cluster 1) | DoRothEA mouse regulon conf C | fgsea",chung_cluster=1; dorothea_confidence=C
TFT_SOX2_CHUNG,DOROTHEA+CHUNG,tf_regulon,TF_targets,Chung chromVAR: Basal/fetal1 (cluster 1),fgsea,FALSE,TRUE,10,11,0,NA,"Chung 2019 chromVAR predictive TF (Basal/fetal1, cluster 1) | DoRothEA mouse regulon conf A | fgsea",chung_cluster=1; dorothea_confidence=A
TFT_SOX2_GRAY_AP_LE_MITO,GRAY_CHEA_MITO,tf_regulon,TF_targets,Gray CHEA mito-overlap: AP_LE,gsva,TRUE,TRUE,28,28,0,NA,Gray-Brugge CHEA TF program intersected with MitoCarta (Decision-5 mito-overlap) | context AP_LE | 28 mito genes | BH FDR 0.00501 | gsva,gray_chea_mito: BH_FDR<0.01 & n_mito>=15
TFT_SOX2_GRAY_BA_LE_MITO,GRAY_CHEA_MITO,tf_regulon,TF_targets,Gray CHEA mito-overlap: BA_LE,gsva,TRUE,TRUE,44,44,0,NA,Gray-Brugge CHEA TF program intersected with MitoCarta (Decision-5 mito-overlap) | context BA_LE | 44 mito genes | BH FDR 0.000151 | gsva,gray_chea_mito: BH_FDR<0.01 & n_mito>=15
TFT_SOX9_CHUNG,DOROTHEA+CHUNG,tf_regulon,TF_targets,Chung chromVAR: Basal/fetal1 (cluster 1),fgsea,FALSE,TRUE,13,10,3,NA,"Chung 2019 chromVAR predictive TF (Basal/fetal1, cluster 1) | DoRothEA mouse regulon conf A | fgsea",chung_cluster=1; dorothea_confidence=A
TFT_SOX9_GRAY_BA_LE_MITO,GRAY_CHEA_MITO,tf_regulon,TF_targets,Gray CHEA mito-overlap: BA_LE,gsva,TRUE,TRUE,30,30,0,NA,Gray-Brugge CHEA TF program intersected with MitoCarta (Decision-5 mito-overlap) | context BA_LE | 30 mito genes | BH FDR 0.00751 | gsva,gray_chea_mito: BH_FDR<0.01 & n_mito>=15
TFT_SP1_CHUNG,DOROTHEA+CHUNG,tf_regulon,TF_targets,Chung chromVAR: Basal/fetal2 (cluster 5),fgsea,TRUE,TRUE,343,304,34,NA,"Chung 2019 chromVAR predictive TF (Basal/fetal2, cluster 5) | DoRothEA mouse regulon conf A | fgsea",chung_cluster=5; dorothea_confidence=A
TFT_SP1_GRAY_AP_LE_MITO,GRAY_CHEA_MITO,tf_regulon,TF_targets,Gray CHEA mito-overlap: AP_LE,gsva,TRUE,TRUE,41,41,0,NA,Gray-Brugge CHEA TF program intersected with MitoCarta (Decision-5 mito-overlap) | context AP_LE | 41 mito genes | BH FDR 5.14e-08 | gsva,gray_chea_mito: BH_FDR<0.01 & n_mito>=15
TFT_SP2_CHUNG,DOROTHEA+CHUNG,tf_regulon,TF_targets,Chung chromVAR: Basal/fetal2 (cluster 5),fgsea,TRUE,TRUE,22,21,0,NA,"Chung 2019 chromVAR predictive TF (Basal/fetal2, cluster 5) | DoRothEA mouse regulon conf C | fgsea",chung_cluster=5; dorothea_confidence=C
TFT_SP4_CHUNG,DOROTHEA+CHUNG,tf_regulon,TF_targets,Chung chromVAR: Basal/fetal2 (cluster 5),fgsea,TRUE,TRUE,59,57,2,NA,"Chung 2019 chromVAR predictive TF (Basal/fetal2, cluster 5) | DoRothEA mouse regulon conf C | fgsea",chung_cluster=5; dorothea_confidence=C
TFT_SPEN_GRAY_AP_LE_MITO,GRAY_CHEA_MITO,tf_regulon,TF_targets,Gray CHEA mito-overlap: AP_LE,gsva,TRUE,TRUE,18,18,0,NA,Gray-Brugge CHEA TF program intersected with MitoCarta (Decision-5 mito-overlap) | context AP_LE | 18 mito genes | BH FDR 2.99e-08 | gsva,gray_chea_mito: BH_FDR<0.01 & n_mito>=15
TFT_SPIB_CHUNG,DOROTHEA+CHUNG,tf_regulon,TF_targets,Chung chromVAR: LP1 (cluster 6),fgsea,TRUE,TRUE,58,59,2,NA,"Chung 2019 chromVAR predictive TF (LP1, cluster 6) | DoRothEA mouse regulon conf C | fgsea",chung_cluster=6; dorothea_confidence=C
TFT_SREBF1_GRAY_AP_LE_MITO,GRAY_CHEA_MITO,tf_regulon,TF_targets,Gray CHEA mito-overlap: AP_LE,gsva,TRUE,TRUE,34,34,0,NA,Gray-Brugge CHEA TF program intersected with MitoCarta (Decision-5 mito-overlap) | context AP_LE | 34 mito genes | BH FDR 1.58e-06 | gsva,gray_chea_mito: BH_FDR<0.01 & n_mito>=15
TFT_SREBF1_GRAY_BA_LE_MITO,GRAY_CHEA_MITO,tf_regulon,TF_targets,Gray CHEA mito-overlap: BA_LE,gsva,TRUE,TRUE,37,37,0,NA,Gray-Brugge CHEA TF program intersected with MitoCarta (Decision-5 mito-overlap) | context BA_LE | 37 mito genes | BH FDR 5.31e-06 | gsva,gray_chea_mito: BH_FDR<0.01 & n_mito>=15
TFT_SREBF2_GRAY_AP_LE_MITO,GRAY_CHEA_MITO,tf_regulon,TF_targets,Gray CHEA mito-overlap: AP_LE,gsva,TRUE,TRUE,23,23,0,NA,Gray-Brugge CHEA TF program intersected with MitoCarta (Decision-5 mito-overlap) | context AP_LE | 23 mito genes | BH FDR 0.00489 | gsva,gray_chea_mito: BH_FDR<0.01 & n_mito>=15
TFT_SREBF2_GRAY_BA_LE_MITO,GRAY_CHEA_MITO,tf_regulon,TF_targets,Gray CHEA mito-overlap: BA_LE,gsva,TRUE,TRUE,46,46,0,NA,Gray-Brugge CHEA TF program intersected with MitoCarta (Decision-5 mito-overlap) | context BA_LE | 46 mito genes | BH FDR 6.42e-10 | gsva,gray_chea_mito: BH_FDR<0.01 & n_mito>=15
TFT_SRF_GRAY_AP_LE_MITO,GRAY_CHEA_MITO,tf_regulon,TF_targets,Gray CHEA mito-overlap: AP_LE,gsva,TRUE,TRUE,40,40,0,NA,Gray-Brugge CHEA TF program intersected with MitoCarta (Decision-5 mito-overlap) | context AP_LE | 40 mito genes | BH FDR 2.23e-07 | gsva,gray_chea_mito: BH_FDR<0.01 & n_mito>=15
TFT_STAT1_GRAY_AP_LE_MITO,GRAY_CHEA_MITO,tf_regulon,TF_targets,Gray CHEA mito-overlap: AP_LE,gsva,TRUE,TRUE,29,29,0,NA,Gray-Brugge CHEA TF program intersected with MitoCarta (Decision-5 mito-overlap) | context AP_LE | 29 mito genes | BH FDR 0.00964 | gsva,gray_chea_mito: BH_FDR<0.01 & n_mito>=15
TFT_STAT3_GRAY_AP_LE_MITO,GRAY_CHEA_MITO,tf_regulon,TF_targets,Gray CHEA mito-overlap: AP_LE,gsva,TRUE,TRUE,58,58,0,NA,Gray-Brugge CHEA TF program intersected with MitoCarta (Decision-5 mito-overlap) | context AP_LE | 58 mito genes | BH FDR 1.36e-12 | gsva,gray_chea_mito: BH_FDR<0.01 & n_mito>=15
TFT_STAT3_GRAY_BA_LE_MITO,GRAY_CHEA_MITO,tf_regulon,TF_targets,Gray CHEA mito-overlap: BA_LE,gsva,TRUE,TRUE,91,91,0,NA,Gray-Brugge CHEA TF program intersected with MitoCarta (Decision-5 mito-overlap) | context BA_LE | 91 mito genes | BH FDR 4.89e-22 | gsva,gray_chea_mito: BH_FDR<0.01 & n_mito>=15
TFT_TBP_GRAY_AP_LE_MITO,GRAY_CHEA_MITO,tf_regulon,TF_targets,Gray CHEA mito-overlap: AP_LE,gsva,TRUE,TRUE,48,48,0,NA,Gray-Brugge CHEA TF program intersected with MitoCarta (Decision-5 mito-overlap) | context AP_LE | 48 mito genes | BH FDR 1.24e-10 | gsva,gray_chea_mito: BH_FDR<0.01 & n_mito>=15
TFT_TBP_GRAY_BA_LE_MITO,GRAY_CHEA_MITO,tf_regulon,TF_targets,Gray CHEA mito-overlap: BA_LE,gsva,TRUE,TRUE,82,82,0,NA,Gray-Brugge CHEA TF program intersected with MitoCarta (Decision-5 mito-overlap) | context BA_LE | 82 mito genes | BH FDR 1.72e-23 | gsva,gray_chea_mito: BH_FDR<0.01 & n_mito>=15
TFT_TBP_GRAY_BA_TEB_MITO,GRAY_CHEA_MITO,tf_regulon,TF_targets,Gray CHEA mito-overlap: BA_TEB,gsva,TRUE,TRUE,32,32,0,NA,Gray-Brugge CHEA TF program intersected with MitoCarta (Decision-5 mito-overlap) | context BA_TEB | 32 mito genes | BH FDR 0.00398 | gsva,gray_chea_mito: BH_FDR<0.01 & n_mito>=15
TFT_TBX18_GRAY_HS_DUCT,GRAY_CHEA,tf_regulon,TF_targets,Gray CHEA: HS_DUCT,gsva,TRUE,TRUE,20,20,0,NA,Gray-Brugge CHEA3 upstream-regulator overlapping-gene program | context HS_DUCT | CHEA rank 10 score 53.33 | Overlapping_Genes human->mouse | gsva,NA
TFT_TBX5_GRAY_BA_LE_MITO,GRAY_CHEA_MITO,tf_regulon,TF_targets,Gray CHEA mito-overlap: BA_LE,gsva,TRUE,TRUE,50,50,0,NA,Gray-Brugge CHEA TF program intersected with MitoCarta (Decision-5 mito-overlap) | context BA_LE | 50 mito genes | BH FDR 1.14e-12 | gsva,gray_chea_mito: BH_FDR<0.01 & n_mito>=15
TFT_TBXT_GRAY_BA_LE_MITO,GRAY_CHEA_MITO,tf_regulon,TF_targets,Gray CHEA mito-overlap: BA_LE,gsva,TRUE,TRUE,22,22,0,NA,Gray-Brugge CHEA TF program intersected with MitoCarta (Decision-5 mito-overlap) | context BA_LE | 22 mito genes | BH FDR 0.00116 | gsva,gray_chea_mito: BH_FDR<0.01 & n_mito>=15
TFT_TCF12_CHUNG,DOROTHEA+CHUNG,tf_regulon,TF_targets,Chung chromVAR: Repressive (cluster 2),fgsea,TRUE,TRUE,76,77,0,NA,"Chung 2019 chromVAR predictive TF (Repressive, cluster 2) | DoRothEA mouse regulon conf C | fgsea",chung_cluster=2; dorothea_confidence=C
TFT_TCF15_GRAY_AP_LE_MITO,GRAY_CHEA_MITO,tf_regulon,TF_targets,Gray CHEA mito-overlap: AP_LE,gsva,TRUE,TRUE,43,43,0,NA,Gray-Brugge CHEA TF program intersected with MitoCarta (Decision-5 mito-overlap) | context AP_LE | 43 mito genes | BH FDR 6.17e-23 | gsva,gray_chea_mito: BH_FDR<0.01 & n_mito>=15
TFT_TCF15_GRAY_BA_LE_MITO,GRAY_CHEA_MITO,tf_regulon,TF_targets,Gray CHEA mito-overlap: BA_LE,gsva,TRUE,TRUE,46,46,0,NA,Gray-Brugge CHEA TF program intersected with MitoCarta (Decision-5 mito-overlap) | context BA_LE | 46 mito genes | BH FDR 7.13e-22 | gsva,gray_chea_mito: BH_FDR<0.01 & n_mito>=15
TFT_TCF3_CHUNG,DOROTHEA+CHUNG,tf_regulon,TF_targets,Chung chromVAR: Repressive (cluster 2),fgsea,FALSE,TRUE,14,15,0,NA,"Chung 2019 chromVAR predictive TF (Repressive, cluster 2) | DoRothEA mouse regulon conf B | fgsea",chung_cluster=2; dorothea_confidence=B
TFT_TCF3_GRAY_BA_LE_MITO,GRAY_CHEA_MITO,tf_regulon,TF_targets,Gray CHEA mito-overlap: BA_LE,gsva,TRUE,TRUE,53,53,0,NA,Gray-Brugge CHEA TF program intersected with MitoCarta (Decision-5 mito-overlap) | context BA_LE | 53 mito genes | BH FDR 1.57e-05 | gsva,gray_chea_mito: BH_FDR<0.01 & n_mito>=15
TFT_TCF4_CHUNG,DOROTHEA+CHUNG,tf_regulon,TF_targets,Chung chromVAR: Repressive (cluster 2),fgsea,TRUE,TRUE,61,59,1,NA,"Chung 2019 chromVAR predictive TF (Repressive, cluster 2) | DoRothEA mouse regulon conf C | fgsea",chung_cluster=2; dorothea_confidence=C
TFT_TCF4_GRAY_BA_LE_MITO,GRAY_CHEA_MITO,tf_regulon,TF_targets,Gray CHEA mito-overlap: BA_LE,gsva,TRUE,TRUE,46,46,0,NA,Gray-Brugge CHEA TF program intersected with MitoCarta (Decision-5 mito-overlap) | context BA_LE | 46 mito genes | BH FDR 6.38e-05 | gsva,gray_chea_mito: BH_FDR<0.01 & n_mito>=15
TFT_TCF7L2_GRAY_AP_LE_MITO,GRAY_CHEA_MITO,tf_regulon,TF_targets,Gray CHEA mito-overlap: AP_LE,gsva,TRUE,TRUE,40,41,0,NA,Gray-Brugge CHEA TF program intersected with MitoCarta (Decision-5 mito-overlap) | context AP_LE | 40 mito genes | BH FDR 1.97e-06 | gsva,gray_chea_mito: BH_FDR<0.01 & n_mito>=15
TFT_TCF7L2_GRAY_BA_LE_MITO,GRAY_CHEA_MITO,tf_regulon,TF_targets,Gray CHEA mito-overlap: BA_LE,gsva,TRUE,TRUE,73,73,0,NA,Gray-Brugge CHEA TF program intersected with MitoCarta (Decision-5 mito-overlap) | context BA_LE | 73 mito genes | BH FDR 2.02e-17 | gsva,gray_chea_mito: BH_FDR<0.01 & n_mito>=15
TFT_TEAD4_CHUNG,DOROTHEA+CHUNG,tf_regulon,TF_targets,Chung chromVAR: Basal/fetal1 (cluster 1),fgsea,TRUE,TRUE,74,71,3,NA,"Chung 2019 chromVAR predictive TF (Basal/fetal1, cluster 1) | DoRothEA mouse regulon conf C | fgsea",chung_cluster=1; dorothea_confidence=C
TFT_TEAD4_GRAY_AP_LE_MITO,GRAY_CHEA_MITO,tf_regulon,TF_targets,Gray CHEA mito-overlap: AP_LE,gsva,TRUE,TRUE,58,58,0,NA,Gray-Brugge CHEA TF program intersected with MitoCarta (Decision-5 mito-overlap) | context AP_LE | 58 mito genes | BH FDR 8.06e-12 | gsva,gray_chea_mito: BH_FDR<0.01 & n_mito>=15
TFT_TEAD4_GRAY_BA_LE_MITO,GRAY_CHEA_MITO,tf_regulon,TF_targets,Gray CHEA mito-overlap: BA_LE,gsva,TRUE,TRUE,68,68,0,NA,Gray-Brugge CHEA TF program intersected with MitoCarta (Decision-5 mito-overlap) | context BA_LE | 68 mito genes | BH FDR 2.19e-11 | gsva,gray_chea_mito: BH_FDR<0.01 & n_mito>=15
TFT_TEAD4_GRAY_HS_LE_MITO,GRAY_CHEA_MITO,tf_regulon,TF_targets,Gray CHEA mito-overlap: HS_LE,gsva,TRUE,TRUE,18,18,0,NA,Gray-Brugge CHEA TF program intersected with MitoCarta (Decision-5 mito-overlap) | context HS_LE | 18 mito genes | BH FDR 0.00511 | gsva,gray_chea_mito: BH_FDR<0.01 & n_mito>=15
TFT_TFAP2A_GRAY_BA_LE_MITO,GRAY_CHEA_MITO,tf_regulon,TF_targets,Gray CHEA mito-overlap: BA_LE,gsva,TRUE,TRUE,56,56,0,NA,Gray-Brugge CHEA TF program intersected with MitoCarta (Decision-5 mito-overlap) | context BA_LE | 56 mito genes | BH FDR 1.32e-07 | gsva,gray_chea_mito: BH_FDR<0.01 & n_mito>=15
TFT_TFAP2C_GRAY_AP_LE_MITO,GRAY_CHEA_MITO,tf_regulon,TF_targets,Gray CHEA mito-overlap: AP_LE,gsva,TRUE,TRUE,36,36,0,NA,Gray-Brugge CHEA TF program intersected with MitoCarta (Decision-5 mito-overlap) | context AP_LE | 36 mito genes | BH FDR 1.9e-05 | gsva,gray_chea_mito: BH_FDR<0.01 & n_mito>=15
TFT_TFAP2C_GRAY_BA_LE_MITO,GRAY_CHEA_MITO,tf_regulon,TF_targets,Gray CHEA mito-overlap: BA_LE,gsva,TRUE,TRUE,56,56,0,NA,Gray-Brugge CHEA TF program intersected with MitoCarta (Decision-5 mito-overlap) | context BA_LE | 56 mito genes | BH FDR 1.03e-08 | gsva,gray_chea_mito: BH_FDR<0.01 & n_mito>=15
TFT_TFCP2L1_GRAY_HS_HE,GRAY_CHEA,tf_regulon,TF_targets,Gray CHEA: HS_HE,gsva,TRUE,TRUE,56,55,0,NA,Gray-Brugge CHEA3 upstream-regulator overlapping-gene program | context HS_HE | CHEA rank 5 score 20.67 | Overlapping_Genes human->mouse | gsva,NA
TFT_TFDP1_GRAY_AP_LE,GRAY_CHEA,tf_regulon,TF_targets,Gray CHEA: AP_LE,gsva,TRUE,TRUE,318,300,0,NA,Gray-Brugge CHEA3 upstream-regulator overlapping-gene program | context AP_LE | CHEA rank 7 score 11.25 | Overlapping_Genes human->mouse | gsva,NA
TFT_TFDP1_GRAY_BA_LE,GRAY_CHEA,tf_regulon,TF_targets,Gray CHEA: BA_LE,gsva,TRUE,TRUE,327,309,0,NA,Gray-Brugge CHEA3 upstream-regulator overlapping-gene program | context BA_LE | CHEA rank 7 score 18.75 | Overlapping_Genes human->mouse | gsva,NA
TFT_TFDP1_GRAY_BA_LE_MITO,GRAY_CHEA_MITO,tf_regulon,TF_targets,Gray CHEA mito-overlap: BA_LE,gsva,TRUE,TRUE,35,35,0,NA,Gray-Brugge CHEA TF program intersected with MitoCarta (Decision-5 mito-overlap) | context BA_LE | 35 mito genes | BH FDR 0.000378 | gsva,gray_chea_mito: BH_FDR<0.01 & n_mito>=15
TFT_TFDP1_GRAY_BA_TEB,GRAY_CHEA,tf_regulon,TF_targets,Gray CHEA: BA_TEB,gsva,TRUE,TRUE,265,262,0,NA,Gray-Brugge CHEA3 upstream-regulator overlapping-gene program | context BA_TEB | CHEA rank 6 score 13.5 | Overlapping_Genes human->mouse | gsva,NA
TFT_TFDP1_GRAY_HS_LE,GRAY_CHEA,tf_regulon,TF_targets,Gray CHEA: HS_LE,gsva,TRUE,TRUE,124,105,0,NA,Gray-Brugge CHEA3 upstream-regulator overlapping-gene program | context HS_LE | CHEA rank 7 score 13.25 | Overlapping_Genes human->mouse | gsva,NA
TFT_TGIF2_CHUNG,DOROTHEA+CHUNG,tf_regulon,TF_targets,Chung chromVAR: Others (cluster 8),fgsea,TRUE,TRUE,19,18,1,NA,"Chung 2019 chromVAR predictive TF (Others, cluster 8) | DoRothEA mouse regulon conf C | fgsea",chung_cluster=8; dorothea_confidence=C
TFT_TGIF2_GRAY_BA_LE_MITO,GRAY_CHEA_MITO,tf_regulon,TF_targets,Gray CHEA mito-overlap: BA_LE,gsva,TRUE,TRUE,32,32,0,NA,Gray-Brugge CHEA TF program intersected with MitoCarta (Decision-5 mito-overlap) | context BA_LE | 32 mito genes | BH FDR 0.000224 | gsva,gray_chea_mito: BH_FDR<0.01 & n_mito>=15
TFT_THAP11_GRAY_AP_LE_MITO,GRAY_CHEA_MITO,tf_regulon,TF_targets,Gray CHEA mito-overlap: AP_LE,gsva,TRUE,TRUE,27,27,0,NA,Gray-Brugge CHEA TF program intersected with MitoCarta (Decision-5 mito-overlap) | context AP_LE | 27 mito genes | BH FDR 2.97e-05 | gsva,gray_chea_mito: BH_FDR<0.01 & n_mito>=15
TFT_THAP11_GRAY_BA_LE_MITO,GRAY_CHEA_MITO,tf_regulon,TF_targets,Gray CHEA mito-overlap: BA_LE,gsva,TRUE,TRUE,52,52,0,NA,Gray-Brugge CHEA TF program intersected with MitoCarta (Decision-5 mito-overlap) | context BA_LE | 52 mito genes | BH FDR 4.57e-17 | gsva,gray_chea_mito: BH_FDR<0.01 & n_mito>=15
TFT_THAP1_GRAY_AP_LE_MITO,GRAY_CHEA_MITO,tf_regulon,TF_targets,Gray CHEA mito-overlap: AP_LE,gsva,TRUE,TRUE,40,40,0,NA,Gray-Brugge CHEA TF program intersected with MitoCarta (Decision-5 mito-overlap) | context AP_LE | 40 mito genes | BH FDR 1.06e-07 | gsva,gray_chea_mito: BH_FDR<0.01 & n_mito>=15
TFT_THAP1_GRAY_BA_LE_MITO,GRAY_CHEA_MITO,tf_regulon,TF_targets,Gray CHEA mito-overlap: BA_LE,gsva,TRUE,TRUE,66,66,0,NA,Gray-Brugge CHEA TF program intersected with MitoCarta (Decision-5 mito-overlap) | context BA_LE | 66 mito genes | BH FDR 2.01e-18 | gsva,gray_chea_mito: BH_FDR<0.01 & n_mito>=15
TFT_THAP1_GRAY_BA_TEB_MITO,GRAY_CHEA_MITO,tf_regulon,TF_targets,Gray CHEA mito-overlap: BA_TEB,gsva,TRUE,TRUE,26,26,0,NA,Gray-Brugge CHEA TF program intersected with MitoCarta (Decision-5 mito-overlap) | context BA_TEB | 26 mito genes | BH FDR 0.00638 | gsva,gray_chea_mito: BH_FDR<0.01 & n_mito>=15
TFT_THAP3_GRAY_AP_LE_MITO,GRAY_CHEA_MITO,tf_regulon,TF_targets,Gray CHEA mito-overlap: AP_LE,gsva,TRUE,TRUE,50,50,0,NA,Gray-Brugge CHEA TF program intersected with MitoCarta (Decision-5 mito-overlap) | context AP_LE | 50 mito genes | BH FDR 4.76e-29 | gsva,gray_chea_mito: BH_FDR<0.01 & n_mito>=15
TFT_THAP3_GRAY_BA_LE_MITO,GRAY_CHEA_MITO,tf_regulon,TF_targets,Gray CHEA mito-overlap: BA_LE,gsva,TRUE,TRUE,61,61,0,NA,Gray-Brugge CHEA TF program intersected with MitoCarta (Decision-5 mito-overlap) | context BA_LE | 61 mito genes | BH FDR 1.07e-36 | gsva,gray_chea_mito: BH_FDR<0.01 & n_mito>=15
TFT_THAP4_GRAY_AP_LE_MITO,GRAY_CHEA_MITO,tf_regulon,TF_targets,Gray CHEA mito-overlap: AP_LE,gsva,TRUE,TRUE,46,46,0,NA,Gray-Brugge CHEA TF program intersected with MitoCarta (Decision-5 mito-overlap) | context AP_LE | 46 mito genes | BH FDR 4.57e-23 | gsva,gray_chea_mito: BH_FDR<0.01 & n_mito>=15
TFT_THAP4_GRAY_BA_LE_MITO,GRAY_CHEA_MITO,tf_regulon,TF_targets,Gray CHEA mito-overlap: BA_LE,gsva,TRUE,TRUE,61,61,0,NA,Gray-Brugge CHEA TF program intersected with MitoCarta (Decision-5 mito-overlap) | context BA_LE | 61 mito genes | BH FDR 4.38e-34 | gsva,gray_chea_mito: BH_FDR<0.01 & n_mito>=15
TFT_THAP7_GRAY_AP_LE_MITO,GRAY_CHEA_MITO,tf_regulon,TF_targets,Gray CHEA mito-overlap: AP_LE,gsva,TRUE,TRUE,24,24,0,NA,Gray-Brugge CHEA TF program intersected with MitoCarta (Decision-5 mito-overlap) | context AP_LE | 24 mito genes | BH FDR 3.08e-08 | gsva,gray_chea_mito: BH_FDR<0.01 & n_mito>=15
TFT_THAP7_GRAY_BA_LE_MITO,GRAY_CHEA_MITO,tf_regulon,TF_targets,Gray CHEA mito-overlap: BA_LE,gsva,TRUE,TRUE,35,35,0,NA,Gray-Brugge CHEA TF program intersected with MitoCarta (Decision-5 mito-overlap) | context BA_LE | 35 mito genes | BH FDR 6.34e-14 | gsva,gray_chea_mito: BH_FDR<0.01 & n_mito>=15
TFT_THYN1_GRAY_BA_LE_MITO,GRAY_CHEA_MITO,tf_regulon,TF_targets,Gray CHEA mito-overlap: BA_LE,gsva,TRUE,TRUE,31,31,0,NA,Gray-Brugge CHEA TF program intersected with MitoCarta (Decision-5 mito-overlap) | context BA_LE | 31 mito genes | BH FDR 2.93e-13 | gsva,gray_chea_mito: BH_FDR<0.01 & n_mito>=15
TFT_TIGD5_GRAY_BA_LE_MITO,GRAY_CHEA_MITO,tf_regulon,TF_targets,Gray CHEA mito-overlap: BA_LE,gsva,TRUE,TRUE,32,32,0,NA,Gray-Brugge CHEA TF program intersected with MitoCarta (Decision-5 mito-overlap) | context BA_LE | 32 mito genes | BH FDR 3.46e-15 | gsva,gray_chea_mito: BH_FDR<0.01 & n_mito>=15
TFT_TP53_GRAY_BA_LE_MITO,GRAY_CHEA_MITO,tf_regulon,TF_targets,Gray CHEA mito-overlap: BA_LE,gsva,TRUE,TRUE,52,52,0,NA,Gray-Brugge CHEA TF program intersected with MitoCarta (Decision-5 mito-overlap) | context BA_LE | 52 mito genes | BH FDR 3.46e-06 | gsva,gray_chea_mito: BH_FDR<0.01 & n_mito>=15
TFT_TP63_GRAY_BA_LE_MITO,GRAY_CHEA_MITO,tf_regulon,TF_targets,Gray CHEA mito-overlap: BA_LE,gsva,TRUE,TRUE,46,46,0,NA,Gray-Brugge CHEA TF program intersected with MitoCarta (Decision-5 mito-overlap) | context BA_LE | 46 mito genes | BH FDR 2.38e-05 | gsva,gray_chea_mito: BH_FDR<0.01 & n_mito>=15
TFT_TRP63_CHUNG,DOROTHEA+CHUNG,tf_regulon,TF_targets,Chung chromVAR: Basal/fetal1 (cluster 1),fgsea,TRUE,TRUE,19,18,1,NA,"Chung 2019 chromVAR predictive TF (Basal/fetal1, cluster 1) | DoRothEA mouse regulon conf B | fgsea",chung_cluster=1; dorothea_confidence=B
TFT_TRP73_CHUNG,DOROTHEA+CHUNG,tf_regulon,TF_targets,Chung chromVAR: Basal/fetal1 (cluster 1),fgsea,TRUE,TRUE,41,41,0,NA,"Chung 2019 chromVAR predictive TF (Basal/fetal1, cluster 1) | DoRothEA mouse regulon conf C | fgsea",chung_cluster=1; dorothea_confidence=C
TFT_TSHZ3_GRAY_BA_DUCT,GRAY_CHEA,tf_regulon,TF_targets,Gray CHEA: BA_DUCT,gsva,TRUE,TRUE,147,147,0,NA,Gray-Brugge CHEA3 upstream-regulator overlapping-gene program | context BA_DUCT | CHEA rank 9 score 39.33 | Overlapping_Genes human->mouse | gsva,NA
TFT_TTF1_GRAY_AP_LE_MITO,GRAY_CHEA_MITO,tf_regulon,TF_targets,Gray CHEA mito-overlap: AP_LE,gsva,TRUE,TRUE,25,25,0,NA,Gray-Brugge CHEA TF program intersected with MitoCarta (Decision-5 mito-overlap) | context AP_LE | 25 mito genes | BH FDR 1.93e-10 | gsva,gray_chea_mito: BH_FDR<0.01 & n_mito>=15
TFT_WT1_CHUNG,DOROTHEA+CHUNG,tf_regulon,TF_targets,Chung chromVAR: Basal/fetal2 (cluster 5),fgsea,TRUE,TRUE,32,31,0,NA,"Chung 2019 chromVAR predictive TF (Basal/fetal2, cluster 5) | DoRothEA mouse regulon conf A | fgsea",chung_cluster=5; dorothea_confidence=A
TFT_XBP1_GRAY_BA_LE_MITO,GRAY_CHEA_MITO,tf_regulon,TF_targets,Gray CHEA mito-overlap: BA_LE,gsva,TRUE,TRUE,30,30,0,NA,Gray-Brugge CHEA TF program intersected with MitoCarta (Decision-5 mito-overlap) | context BA_LE | 30 mito genes | BH FDR 9.76e-07 | gsva,gray_chea_mito: BH_FDR<0.01 & n_mito>=15
TFT_YY1_GRAY_AP_LE_MITO,GRAY_CHEA_MITO,tf_regulon,TF_targets,Gray CHEA mito-overlap: AP_LE,gsva,TRUE,TRUE,42,42,0,NA,Gray-Brugge CHEA TF program intersected with MitoCarta (Decision-5 mito-overlap) | context AP_LE | 42 mito genes | BH FDR 3.11e-07 | gsva,gray_chea_mito: BH_FDR<0.01 & n_mito>=15
TFT_ZBTB11_GRAY_AP_LE_MITO,GRAY_CHEA_MITO,tf_regulon,TF_targets,Gray CHEA mito-overlap: AP_LE,gsva,TRUE,TRUE,33,33,0,NA,Gray-Brugge CHEA TF program intersected with MitoCarta (Decision-5 mito-overlap) | context AP_LE | 33 mito genes | BH FDR 3.97e-10 | gsva,gray_chea_mito: BH_FDR<0.01 & n_mito>=15
TFT_ZBTB33_GRAY_AP_LE_MITO,GRAY_CHEA_MITO,tf_regulon,TF_targets,Gray CHEA mito-overlap: AP_LE,gsva,TRUE,TRUE,52,52,0,NA,Gray-Brugge CHEA TF program intersected with MitoCarta (Decision-5 mito-overlap) | context AP_LE | 52 mito genes | BH FDR 2.63e-12 | gsva,gray_chea_mito: BH_FDR<0.01 & n_mito>=15
TFT_ZBTB33_GRAY_BA_LE_MITO,GRAY_CHEA_MITO,tf_regulon,TF_targets,Gray CHEA mito-overlap: BA_LE,gsva,TRUE,TRUE,44,44,0,NA,Gray-Brugge CHEA TF program intersected with MitoCarta (Decision-5 mito-overlap) | context BA_LE | 44 mito genes | BH FDR 1.84e-09 | gsva,gray_chea_mito: BH_FDR<0.01 & n_mito>=15
TFT_ZEB1_CHUNG,DOROTHEA+CHUNG,tf_regulon,TF_targets,Chung chromVAR: Repressive (cluster 2),fgsea,FALSE,TRUE,14,14,0,NA,"Chung 2019 chromVAR predictive TF (Repressive, cluster 2) | DoRothEA mouse regulon conf B | fgsea",chung_cluster=2; dorothea_confidence=B
TFT_ZKSCAN8_GRAY_AP_LE_MITO,GRAY_CHEA_MITO,tf_regulon,TF_targets,Gray CHEA mito-overlap: AP_LE,gsva,TRUE,TRUE,28,28,0,NA,Gray-Brugge CHEA TF program intersected with MitoCarta (Decision-5 mito-overlap) | context AP_LE | 28 mito genes | BH FDR 5.74e-17 | gsva,gray_chea_mito: BH_FDR<0.01 & n_mito>=15
TFT_ZNF143_GRAY_AP_LE_MITO,GRAY_CHEA_MITO,tf_regulon,TF_targets,Gray CHEA mito-overlap: AP_LE,gsva,TRUE,TRUE,32,32,0,NA,Gray-Brugge CHEA TF program intersected with MitoCarta (Decision-5 mito-overlap) | context AP_LE | 32 mito genes | BH FDR 0.000647 | gsva,gray_chea_mito: BH_FDR<0.01 & n_mito>=15
TFT_ZNF207_GRAY_BA_LE_MITO,GRAY_CHEA_MITO,tf_regulon,TF_targets,Gray CHEA mito-overlap: BA_LE,gsva,TRUE,TRUE,26,26,0,NA,Gray-Brugge CHEA TF program intersected with MitoCarta (Decision-5 mito-overlap) | context BA_LE | 26 mito genes | BH FDR 0.00016 | gsva,gray_chea_mito: BH_FDR<0.01 & n_mito>=15
TFT_ZNF232_GRAY_AP_LE_MITO,GRAY_CHEA_MITO,tf_regulon,TF_targets,Gray CHEA mito-overlap: AP_LE,gsva,TRUE,TRUE,45,45,0,NA,Gray-Brugge CHEA TF program intersected with MitoCarta (Decision-5 mito-overlap) | context AP_LE | 45 mito genes | BH FDR 3.02e-17 | gsva,gray_chea_mito: BH_FDR<0.01 & n_mito>=15
TFT_ZNF232_GRAY_BA_LE_MITO,GRAY_CHEA_MITO,tf_regulon,TF_targets,Gray CHEA mito-overlap: BA_LE,gsva,TRUE,TRUE,51,51,0,NA,Gray-Brugge CHEA TF program intersected with MitoCarta (Decision-5 mito-overlap) | context BA_LE | 51 mito genes | BH FDR 1.39e-21 | gsva,gray_chea_mito: BH_FDR<0.01 & n_mito>=15
TFT_ZNF263_GRAY_AP_LE_MITO,GRAY_CHEA_MITO,tf_regulon,TF_targets,Gray CHEA mito-overlap: AP_LE,gsva,TRUE,TRUE,44,44,0,NA,Gray-Brugge CHEA TF program intersected with MitoCarta (Decision-5 mito-overlap) | context AP_LE | 44 mito genes | BH FDR 7.57e-11 | gsva,gray_chea_mito: BH_FDR<0.01 & n_mito>=15
TFT_ZNF32_GRAY_AP_LE_MITO,GRAY_CHEA_MITO,tf_regulon,TF_targets,Gray CHEA mito-overlap: AP_LE,gsva,TRUE,TRUE,31,31,0,NA,Gray-Brugge CHEA TF program intersected with MitoCarta (Decision-5 mito-overlap) | context AP_LE | 31 mito genes | BH FDR 1.96e-14 | gsva,gray_chea_mito: BH_FDR<0.01 & n_mito>=15
TFT_ZNF32_GRAY_BA_LE_MITO,GRAY_CHEA_MITO,tf_regulon,TF_targets,Gray CHEA mito-overlap: BA_LE,gsva,TRUE,TRUE,39,39,0,NA,Gray-Brugge CHEA TF program intersected with MitoCarta (Decision-5 mito-overlap) | context BA_LE | 39 mito genes | BH FDR 2.67e-19 | gsva,gray_chea_mito: BH_FDR<0.01 & n_mito>=15
TFT_ZNF358_GRAY_AP_LE_MITO,GRAY_CHEA_MITO,tf_regulon,TF_targets,Gray CHEA mito-overlap: AP_LE,gsva,TRUE,TRUE,15,15,0,NA,Gray-Brugge CHEA TF program intersected with MitoCarta (Decision-5 mito-overlap) | context AP_LE | 15 mito genes | BH FDR 2.23e-05 | gsva,gray_chea_mito: BH_FDR<0.01 & n_mito>=15
TFT_ZNF367_GRAY_AP_LE,GRAY_CHEA,tf_regulon,TF_targets,Gray CHEA: AP_LE,gsva,TRUE,TRUE,249,233,0,NA,Gray-Brugge CHEA3 upstream-regulator overlapping-gene program | context AP_LE | CHEA rank 6 score 11 | Overlapping_Genes human->mouse | gsva,NA
TFT_ZNF367_GRAY_AP_TEB,GRAY_CHEA,tf_regulon,TF_targets,Gray CHEA: AP_TEB,gsva,TRUE,TRUE,164,164,0,NA,Gray-Brugge CHEA3 upstream-regulator overlapping-gene program | context AP_TEB | CHEA rank 3 score 6.67 | Overlapping_Genes human->mouse | gsva,NA
TFT_ZNF367_GRAY_BA_LE,GRAY_CHEA,tf_regulon,TF_targets,Gray CHEA: BA_LE,gsva,TRUE,TRUE,253,240,0,NA,Gray-Brugge CHEA3 upstream-regulator overlapping-gene program | context BA_LE | CHEA rank 3 score 8.67 | Overlapping_Genes human->mouse | gsva,NA
TFT_ZNF367_GRAY_BA_TEB,GRAY_CHEA,tf_regulon,TF_targets,Gray CHEA: BA_TEB,gsva,TRUE,TRUE,203,200,0,NA,Gray-Brugge CHEA3 upstream-regulator overlapping-gene program | context BA_TEB | CHEA rank 7 score 13.67 | Overlapping_Genes human->mouse | gsva,NA
TFT_ZNF367_GRAY_HS_LE,GRAY_CHEA,tf_regulon,TF_targets,Gray CHEA: HS_LE,gsva,TRUE,TRUE,99,82,0,NA,Gray-Brugge CHEA3 upstream-regulator overlapping-gene program | context HS_LE | CHEA rank 5 score 11.33 | Overlapping_Genes human->mouse | gsva,NA
TFT_ZNF367_GRAY_HS_TEB,GRAY_CHEA,tf_regulon,TF_targets,Gray CHEA: HS_TEB,gsva,TRUE,TRUE,86,90,0,NA,Gray-Brugge CHEA3 upstream-regulator overlapping-gene program | context HS_TEB | CHEA rank 7 score 37.33 | Overlapping_Genes human->mouse | gsva,NA
TFT_ZNF384_GRAY_AP_LE_MITO,GRAY_CHEA_MITO,tf_regulon,TF_targets,Gray CHEA mito-overlap: AP_LE,gsva,TRUE,TRUE,39,39,0,NA,Gray-Brugge CHEA TF program intersected with MitoCarta (Decision-5 mito-overlap) | context AP_LE | 39 mito genes | BH FDR 3.16e-08 | gsva,gray_chea_mito: BH_FDR<0.01 & n_mito>=15
TFT_ZNF3_GRAY_AP_LE_MITO,GRAY_CHEA_MITO,tf_regulon,TF_targets,Gray CHEA mito-overlap: AP_LE,gsva,TRUE,TRUE,23,23,0,NA,Gray-Brugge CHEA TF program intersected with MitoCarta (Decision-5 mito-overlap) | context AP_LE | 23 mito genes | BH FDR 8.4e-09 | gsva,gray_chea_mito: BH_FDR<0.01 & n_mito>=15
TFT_ZNF408_GRAY_BA_LE_MITO,GRAY_CHEA_MITO,tf_regulon,TF_targets,Gray CHEA mito-overlap: BA_LE,gsva,TRUE,TRUE,22,22,0,NA,Gray-Brugge CHEA TF program intersected with MitoCarta (Decision-5 mito-overlap) | context BA_LE | 22 mito genes | BH FDR 4.46e-08 | gsva,gray_chea_mito: BH_FDR<0.01 & n_mito>=15
TFT_ZNF428_GRAY_AP_LE_MITO,GRAY_CHEA_MITO,tf_regulon,TF_targets,Gray CHEA mito-overlap: AP_LE,gsva,TRUE,TRUE,15,15,0,NA,Gray-Brugge CHEA TF program intersected with MitoCarta (Decision-5 mito-overlap) | context AP_LE | 15 mito genes | BH FDR 0.000803 | gsva,gray_chea_mito: BH_FDR<0.01 & n_mito>=15
TFT_ZNF428_GRAY_BA_LE_MITO,GRAY_CHEA_MITO,tf_regulon,TF_targets,Gray CHEA mito-overlap: BA_LE,gsva,TRUE,TRUE,18,18,0,NA,Gray-Brugge CHEA TF program intersected with MitoCarta (Decision-5 mito-overlap) | context BA_LE | 18 mito genes | BH FDR 3.24e-05 | gsva,gray_chea_mito: BH_FDR<0.01 & n_mito>=15
TFT_ZNF485_GRAY_BA_LE_MITO,GRAY_CHEA_MITO,tf_regulon,TF_targets,Gray CHEA mito-overlap: BA_LE,gsva,TRUE,TRUE,17,17,0,NA,Gray-Brugge CHEA TF program intersected with MitoCarta (Decision-5 mito-overlap) | context BA_LE | 17 mito genes | BH FDR 0.000685 | gsva,gray_chea_mito: BH_FDR<0.01 & n_mito>=15
TFT_ZNF511_GRAY_AP_LE_MITO,GRAY_CHEA_MITO,tf_regulon,TF_targets,Gray CHEA mito-overlap: AP_LE,gsva,TRUE,TRUE,48,48,0,NA,Gray-Brugge CHEA TF program intersected with MitoCarta (Decision-5 mito-overlap) | context AP_LE | 48 mito genes | BH FDR 2.9e-18 | gsva,gray_chea_mito: BH_FDR<0.01 & n_mito>=15
TFT_ZNF511_GRAY_BA_LE,GRAY_CHEA,tf_regulon,TF_targets,Gray CHEA: BA_LE,gsva,TRUE,TRUE,242,223,0,NA,Gray-Brugge CHEA3 upstream-regulator overlapping-gene program | context BA_LE | CHEA rank 9 score 32.67 | Overlapping_Genes human->mouse | gsva,NA
TFT_ZNF511_GRAY_BA_LE_MITO,GRAY_CHEA_MITO,tf_regulon,TF_targets,Gray CHEA mito-overlap: BA_LE,gsva,TRUE,TRUE,69,69,0,NA,Gray-Brugge CHEA TF program intersected with MitoCarta (Decision-5 mito-overlap) | context BA_LE | 69 mito genes | BH FDR 1.88e-30 | gsva,gray_chea_mito: BH_FDR<0.01 & n_mito>=15
TFT_ZNF511_GRAY_BA_TEB_MITO,GRAY_CHEA_MITO,tf_regulon,TF_targets,Gray CHEA mito-overlap: BA_TEB,gsva,TRUE,TRUE,17,17,0,NA,Gray-Brugge CHEA TF program intersected with MitoCarta (Decision-5 mito-overlap) | context BA_TEB | 17 mito genes | BH FDR 0.0066 | gsva,gray_chea_mito: BH_FDR<0.01 & n_mito>=15
TFT_ZNF576_GRAY_AP_LE_MITO,GRAY_CHEA_MITO,tf_regulon,TF_targets,Gray CHEA mito-overlap: AP_LE,gsva,TRUE,TRUE,43,43,0,NA,Gray-Brugge CHEA TF program intersected with MitoCarta (Decision-5 mito-overlap) | context AP_LE | 43 mito genes | BH FDR 3.33e-21 | gsva,gray_chea_mito: BH_FDR<0.01 & n_mito>=15
TFT_ZNF576_GRAY_BA_LE_MITO,GRAY_CHEA_MITO,tf_regulon,TF_targets,Gray CHEA mito-overlap: BA_LE,gsva,TRUE,TRUE,48,48,0,NA,Gray-Brugge CHEA TF program intersected with MitoCarta (Decision-5 mito-overlap) | context BA_LE | 48 mito genes | BH FDR 7.92e-24 | gsva,gray_chea_mito: BH_FDR<0.01 & n_mito>=15
TFT_ZNF581_GRAY_AP_LE_MITO,GRAY_CHEA_MITO,tf_regulon,TF_targets,Gray CHEA mito-overlap: AP_LE,gsva,TRUE,TRUE,16,16,0,NA,Gray-Brugge CHEA TF program intersected with MitoCarta (Decision-5 mito-overlap) | context AP_LE | 16 mito genes | BH FDR 0.000936 | gsva,gray_chea_mito: BH_FDR<0.01 & n_mito>=15
TFT_ZNF581_GRAY_BA_LE_MITO,GRAY_CHEA_MITO,tf_regulon,TF_targets,Gray CHEA mito-overlap: BA_LE,gsva,TRUE,TRUE,30,30,0,NA,Gray-Brugge CHEA TF program intersected with MitoCarta (Decision-5 mito-overlap) | context BA_LE | 30 mito genes | BH FDR 2.14e-10 | gsva,gray_chea_mito: BH_FDR<0.01 & n_mito>=15
TFT_ZNF670_GRAY_BA_TEB,GRAY_CHEA,tf_regulon,TF_targets,Gray CHEA: BA_TEB,gsva,TRUE,TRUE,160,157,0,NA,Gray-Brugge CHEA3 upstream-regulator overlapping-gene program | context BA_TEB | CHEA rank 10 score 26.5 | Overlapping_Genes human->mouse | gsva,NA
TFT_ZNF691_GRAY_AP_LE_MITO,GRAY_CHEA_MITO,tf_regulon,TF_targets,Gray CHEA mito-overlap: AP_LE,gsva,TRUE,TRUE,16,17,0,NA,Gray-Brugge CHEA TF program intersected with MitoCarta (Decision-5 mito-overlap) | context AP_LE | 16 mito genes | BH FDR 0.00104 | gsva,gray_chea_mito: BH_FDR<0.01 & n_mito>=15
TFT_ZNF691_GRAY_BA_LE_MITO,GRAY_CHEA_MITO,tf_regulon,TF_targets,Gray CHEA mito-overlap: BA_LE,gsva,TRUE,TRUE,38,38,0,NA,Gray-Brugge CHEA TF program intersected with MitoCarta (Decision-5 mito-overlap) | context BA_LE | 38 mito genes | BH FDR 5.44e-15 | gsva,gray_chea_mito: BH_FDR<0.01 & n_mito>=15
TFT_ZNF695_GRAY_AP_LE,GRAY_CHEA,tf_regulon,TF_targets,Gray CHEA: AP_LE,gsva,TRUE,TRUE,224,226,0,NA,Gray-Brugge CHEA3 upstream-regulator overlapping-gene program | context AP_LE | CHEA rank 9 score 23.67 | Overlapping_Genes human->mouse | gsva,NA
TFT_ZNF695_GRAY_AP_TEB,GRAY_CHEA,tf_regulon,TF_targets,Gray CHEA: AP_TEB,gsva,TRUE,TRUE,166,165,0,NA,Gray-Brugge CHEA3 upstream-regulator overlapping-gene program | context AP_TEB | CHEA rank 4 score 12.67 | Overlapping_Genes human->mouse | gsva,NA
TFT_ZNF695_GRAY_BA_LE,GRAY_CHEA,tf_regulon,TF_targets,Gray CHEA: BA_LE,gsva,TRUE,TRUE,229,233,0,NA,Gray-Brugge CHEA3 upstream-regulator overlapping-gene program | context BA_LE | CHEA rank 8 score 21.33 | Overlapping_Genes human->mouse | gsva,NA
TFT_ZNF695_GRAY_BA_TEB,GRAY_CHEA,tf_regulon,TF_targets,Gray CHEA: BA_TEB,gsva,TRUE,TRUE,208,204,0,NA,Gray-Brugge CHEA3 upstream-regulator overlapping-gene program | context BA_TEB | CHEA rank 8 score 15 | Overlapping_Genes human->mouse | gsva,NA
TFT_ZNF695_GRAY_HS_LE,GRAY_CHEA,tf_regulon,TF_targets,Gray CHEA: HS_LE,gsva,TRUE,TRUE,77,77,0,NA,Gray-Brugge CHEA3 upstream-regulator overlapping-gene program | context HS_LE | CHEA rank 9 score 24 | Overlapping_Genes human->mouse | gsva,NA
TFT_ZNF706_GRAY_AP_LE_MITO,GRAY_CHEA_MITO,tf_regulon,TF_targets,Gray CHEA mito-overlap: AP_LE,gsva,TRUE,TRUE,35,35,0,NA,Gray-Brugge CHEA TF program intersected with MitoCarta (Decision-5 mito-overlap) | context AP_LE | 35 mito genes | BH FDR 2.41e-17 | gsva,gray_chea_mito: BH_FDR<0.01 & n_mito>=15
TFT_ZNF706_GRAY_BA_LE_MITO,GRAY_CHEA_MITO,tf_regulon,TF_targets,Gray CHEA mito-overlap: BA_LE,gsva,TRUE,TRUE,36,36,0,NA,Gray-Brugge CHEA TF program intersected with MitoCarta (Decision-5 mito-overlap) | context BA_LE | 36 mito genes | BH FDR 5.57e-18 | gsva,gray_chea_mito: BH_FDR<0.01 & n_mito>=15
TFT_ZNF749_GRAY_BA_LE_MITO,GRAY_CHEA_MITO,tf_regulon,TF_targets,Gray CHEA mito-overlap: BA_LE,gsva,TRUE,TRUE,31,31,0,NA,Gray-Brugge CHEA TF program intersected with MitoCarta (Decision-5 mito-overlap) | context BA_LE | 31 mito genes | BH FDR 7.68e-11 | gsva,gray_chea_mito: BH_FDR<0.01 & n_mito>=15
TFT_ZNF750_GRAY_BA_LE_MITO,GRAY_CHEA_MITO,tf_regulon,TF_targets,Gray CHEA mito-overlap: BA_LE,gsva,TRUE,TRUE,20,20,0,NA,Gray-Brugge CHEA TF program intersected with MitoCarta (Decision-5 mito-overlap) | context BA_LE | 20 mito genes | BH FDR 0.00761 | gsva,gray_chea_mito: BH_FDR<0.01 & n_mito>=15
TFT_ZNF768_GRAY_AP_LE_MITO,GRAY_CHEA_MITO,tf_regulon,TF_targets,Gray CHEA mito-overlap: AP_LE,gsva,TRUE,TRUE,19,19,0,NA,Gray-Brugge CHEA TF program intersected with MitoCarta (Decision-5 mito-overlap) | context AP_LE | 19 mito genes | BH FDR 4.19e-06 | gsva,gray_chea_mito: BH_FDR<0.01 & n_mito>=15
TFT_ZNF771_GRAY_AP_LE_MITO,GRAY_CHEA_MITO,tf_regulon,TF_targets,Gray CHEA mito-overlap: AP_LE,gsva,TRUE,TRUE,21,21,0,NA,Gray-Brugge CHEA TF program intersected with MitoCarta (Decision-5 mito-overlap) | context AP_LE | 21 mito genes | BH FDR 1.55e-07 | gsva,gray_chea_mito: BH_FDR<0.01 & n_mito>=15
TFT_ZNF771_GRAY_BA_LE_MITO,GRAY_CHEA_MITO,tf_regulon,TF_targets,Gray CHEA mito-overlap: BA_LE,gsva,TRUE,TRUE,22,22,0,NA,Gray-Brugge CHEA TF program intersected with MitoCarta (Decision-5 mito-overlap) | context BA_LE | 22 mito genes | BH FDR 4.77e-07 | gsva,gray_chea_mito: BH_FDR<0.01 & n_mito>=15
TFT_ZNF830_GRAY_AP_LE_MITO,GRAY_CHEA_MITO,tf_regulon,TF_targets,Gray CHEA mito-overlap: AP_LE,gsva,TRUE,TRUE,25,25,0,NA,Gray-Brugge CHEA TF program intersected with MitoCarta (Decision-5 mito-overlap) | context AP_LE | 25 mito genes | BH FDR 5.24e-08 | gsva,gray_chea_mito: BH_FDR<0.01 & n_mito>=15
TFT_ZNF830_GRAY_BA_LE_MITO,GRAY_CHEA_MITO,tf_regulon,TF_targets,Gray CHEA mito-overlap: BA_LE,gsva,TRUE,TRUE,32,32,0,NA,Gray-Brugge CHEA TF program intersected with MitoCarta (Decision-5 mito-overlap) | context BA_LE | 32 mito genes | BH FDR 9.48e-14 | gsva,gray_chea_mito: BH_FDR<0.01 & n_mito>=15
TFT_ZNF837_GRAY_BA_LE_MITO,GRAY_CHEA_MITO,tf_regulon,TF_targets,Gray CHEA mito-overlap: BA_LE,gsva,TRUE,TRUE,21,21,0,NA,Gray-Brugge CHEA TF program intersected with MitoCarta (Decision-5 mito-overlap) | context BA_LE | 21 mito genes | BH FDR 1.53e-05 | gsva,gray_chea_mito: BH_FDR<0.01 & n_mito>=15
TFT_ZNF878_GRAY_BA_TEB,GRAY_CHEA,tf_regulon,TF_targets,Gray CHEA: BA_TEB,gsva,TRUE,TRUE,120,117,0,NA,Gray-Brugge CHEA3 upstream-regulator overlapping-gene program | context BA_TEB | CHEA rank 9 score 25 | Overlapping_Genes human->mouse | gsva,NA
TFT_ZNF878_GRAY_HS_LE,GRAY_CHEA,tf_regulon,TF_targets,Gray CHEA: HS_LE,gsva,TRUE,TRUE,44,44,0,NA,Gray-Brugge CHEA3 upstream-regulator overlapping-gene program | context HS_LE | CHEA rank 10 score 39 | Overlapping_Genes human->mouse | gsva,NA
CORE_MITO,INTERSECTION,intersection,Biogenesis_discrimination,axis: core (PGC1a) mito,both,TRUE,TRUE,300,280,20,NA,"PGC1a axis = union(ESRRA,NRF1,GABPA) targets n MitoCarta | both","source_support: all=300, >=2=21, >=3=0; msigdb_only=18"
DEVELOPMENTAL_MITO,INTERSECTION,intersection,Biogenesis_discrimination,axis: developmental (ER) mito,both,TRUE,TRUE,93,93,0,NA,"ESR1 targets n MitoCarta | Caveat: ER's broad cistrome makes DEVELOPMENTAL_MITO large/noisier - read fGSEA as 'ER-associated', not 'ER-driven'. | both","source_support: all=93, >=2=0, >=3=0; msigdb_only=0"
E2F1_MITO,INTERSECTION,intersection,Biogenesis_discrimination,component: proliferation control (E2F1),both,TRUE,TRUE,44,41,3,NA,E2F1 targets n MitoCarta (proliferation-confounder control) | both,"source_support: all=44, >=2=2, >=3=0; msigdb_only=0"
ESR1_AND_CORE_MITO,INTERSECTION,intersection,Biogenesis_discrimination,discrimination: ER-and-core (canonical),both,TRUE,TRUE,59,59,0,NA,DEVELOPMENTAL_MITO n CORE_MITO - canonical ER->PGC1a developmental route | both,"source_support: all=59, >=2=6, >=3=0; msigdb_only=0"
ESR1_NOT_CORE_MITO,INTERSECTION,intersection,Biogenesis_discrimination,discrimination: ER-not-core (discovery),both,TRUE,TRUE,34,34,0,NA,DEVELOPMENTAL_MITO minus CORE_MITO - ER-reachable mito genes the PGC1a axis does not explain; a near-empty result is itself evidence for the exclusivity model | both,"source_support: all=34, >=2=2, >=3=0; msigdb_only=0"
ESRRA_MITO,INTERSECTION,intersection,Biogenesis_discrimination,component: PGC1a axis (ESRRA),both,TRUE,TRUE,177,160,17,NA,ESRRA targets n MitoCarta (CORE component) | both,"source_support: all=177, >=2=1, >=3=0; msigdb_only=0"
GABPA_MITO,INTERSECTION,intersection,Biogenesis_discrimination,component: PGC1a axis (GABPA),both,TRUE,TRUE,81,79,2,NA,GABPA targets n MitoCarta (CORE component) | both,"source_support: all=81, >=2=1, >=3=0; msigdb_only=0"
MYC_AND_CORE_MITO,INTERSECTION,intersection,Biogenesis_discrimination,discrimination: MYC-and-core (hijack),both,TRUE,TRUE,40,36,4,NA,MYC_MITO n CORE_MITO - PGC1a-axis mito genes also MYC-reachable (oncogenic hijack of the core biogenesis program) | both,"source_support: all=40, >=2=27, >=3=6; msigdb_only=1"
MYC_AND_DEVELOPMENTAL_MITO,INTERSECTION,intersection,Biogenesis_discrimination,discrimination: MYC-and-developmental,both,TRUE,TRUE,15,15,0,NA,MYC_MITO n DEVELOPMENTAL_MITO | both,"source_support: all=15, >=2=6, >=3=0; msigdb_only=0"
MYC_MITO,INTERSECTION,intersection,Biogenesis_discrimination,axis: oncogenic (MYC) mito,both,TRUE,TRUE,119,112,6,NA,MYC targets (DoRothEA A/B/C u ChIP-Atlas u MSigDB) n MitoCarta | both,"source_support: all=119, >=2=20, >=3=5; msigdb_only=24"
MYC_SPECIFIC_MITO,INTERSECTION,intersection,Biogenesis_discrimination,discrimination: MYC-specific (key),both,TRUE,TRUE,72,69,2,NA,"MYC_MITO minus union(DEVELOPMENTAL_MITO, CORE_MITO) - mito genes MYC reaches that neither the ER nor PGC1a axis explains (key oncogenic-specific set) | both","source_support: all=72, >=2=11, >=3=2; msigdb_only=16"
MYC_TARGETS_AND_METABRIC_MB1_BICLUSTER_GROUP1,INTERSECTION,intersection,Biogenesis_discrimination,METABRIC integration: MYC targets n bicluster,both,TRUE,TRUE,63,63,0,NA,MYC targets (DoRothEA u ChIP-Atlas u MSigDB) n METABRIC_MB1_BICLUSTER_GROUP1 (METABRIC mitochondrial-subtype bicluster signature) | both,"source_support: all=63, >=2=13, >=3=4; msigdb_only=9"
MYC_TARGETS_AND_METABRIC_MB2_BICLUSTER_GROUP1,INTERSECTION,intersection,Biogenesis_discrimination,METABRIC integration: MYC targets n bicluster,both,TRUE,TRUE,72,72,0,NA,MYC targets (DoRothEA u ChIP-Atlas u MSigDB) n METABRIC_MB2_BICLUSTER_GROUP1 (METABRIC mitochondrial-subtype bicluster signature) | both,"source_support: all=72, >=2=17, >=3=5; msigdb_only=13"
MYC_TARGETS_AND_METABRIC_MB3_BICLUSTER_GROUP1,INTERSECTION,intersection,Biogenesis_discrimination,METABRIC integration: MYC targets n bicluster,both,TRUE,TRUE,34,34,0,NA,MYC targets (DoRothEA u ChIP-Atlas u MSigDB) n METABRIC_MB3_BICLUSTER_GROUP1 (METABRIC mitochondrial-subtype bicluster signature) | both,"source_support: all=34, >=2=7, >=3=2; msigdb_only=7"
MYC_TARGETS_AND_METABRIC_MB3_BICLUSTER_GROUP2,INTERSECTION,intersection,Biogenesis_discrimination,METABRIC integration: MYC targets n bicluster,both,TRUE,TRUE,26,26,0,NA,MYC targets (DoRothEA u ChIP-Atlas u MSigDB) n METABRIC_MB3_BICLUSTER_GROUP2 (METABRIC mitochondrial-subtype bicluster signature) | both,"source_support: all=26, >=2=6, >=3=0; msigdb_only=4"
NRF1_MITO,INTERSECTION,intersection,Biogenesis_discrimination,component: PGC1a axis (NRF1),both,TRUE,TRUE,81,74,7,NA,NRF1 targets n MitoCarta (CORE component) | both,"source_support: all=81, >=2=7, >=3=0; msigdb_only=27"
APOP_APOPTOSOME_REACTOME,MSIGDB,msigdb,Apoptosis,apoptosis: intrinsic_mito,gsva,FALSE,TRUE,6,6,0,NA,intrinsic_mito | MSigDB REACTOME_FORMATION_OF_APOPTOSOME (CP:REACTOME) | gsva,NA
APOP_BH3_REACTOME,MSIGDB,msigdb,Apoptosis,apoptosis: intrinsic_mito,gsva,FALSE,TRUE,7,7,0,NA,intrinsic_mito | MSigDB REACTOME_BH3_ONLY_PROTEINS_ASSOCIATE_WITH_AND_INACTIVATE_ANTI_APOPTOTIC_BCL_2_MEMBERS (CP:REACTOME) | gsva,NA
APOP_CASPASE_APOPTOSOME_REACTOME,MSIGDB,msigdb,Apoptosis,apoptosis: intrinsic_mito,gsva,FALSE,TRUE,6,6,0,NA,intrinsic_mito | MSigDB REACTOME_ACTIVATION_OF_CASPASES_THROUGH_APOPTOSOME_MEDIATED_CLEAVAGE (CP:REACTOME) | gsva,NA
APOP_CYTOCHROME_C_REACTOME,MSIGDB,msigdb,Apoptosis,apoptosis: intrinsic_mito,gsva,FALSE,TRUE,8,8,0,NA,intrinsic_mito | MSigDB REACTOME_CYTOCHROME_C_MEDIATED_APOPTOTIC_RESPONSE (CP:REACTOME) | gsva,NA
APOP_EXECUTION_REACTOME,MSIGDB,msigdb,Apoptosis,apoptosis: execution,both,TRUE,TRUE,30,30,0,NA,execution | MSigDB REACTOME_APOPTOTIC_EXECUTION_PHASE (CP:REACTOME) | both,NA
APOP_EXTRINSIC_REACTOME,MSIGDB,msigdb,Apoptosis,apoptosis: extrinsic,gsva,FALSE,TRUE,13,13,0,NA,extrinsic | MSigDB REACTOME_CASPASE_ACTIVATION_VIA_EXTRINSIC_APOPTOTIC_SIGNALLING_PATHWAY (CP:REACTOME) | gsva,NA
APOP_HALLMARK,MSIGDB,msigdb,Apoptosis,apoptosis: umbrella,both,TRUE,TRUE,160,157,4,NA,umbrella | MSigDB HALLMARK_APOPTOSIS () | both,NA
APOP_INTRINSIC_REACTOME,MSIGDB,msigdb,Apoptosis,apoptosis: intrinsic_mito,both,TRUE,TRUE,42,40,2,NA,intrinsic_mito | MSigDB REACTOME_INTRINSIC_PATHWAY_FOR_APOPTOSIS (CP:REACTOME) | both,NA
APOP_KEGG,MSIGDB,msigdb,Apoptosis,apoptosis: umbrella,both,TRUE,TRUE,56,55,1,NA,umbrella | MSigDB KEGG_APOPTOSIS (CP:KEGG_LEGACY) | both,NA
APOP_MITO_RELEASE_REACTOME,MSIGDB,msigdb,Apoptosis,apoptosis: intrinsic_mito,gsva,FALSE,TRUE,6,5,1,NA,intrinsic_mito | MSigDB REACTOME_RELEASE_OF_APOPTOTIC_FACTORS_FROM_THE_MITOCHONDRIA (CP:REACTOME) | gsva,NA
APOP_MODULATION_WP,MSIGDB,msigdb,Apoptosis,apoptosis: umbrella,both,TRUE,TRUE,58,55,4,NA,umbrella | MSigDB WP_APOPTOSIS_MODULATION_AND_SIGNALING (CP:WIKIPATHWAYS) | both,NA
APOP_REACTOME,MSIGDB,msigdb,Apoptosis,apoptosis: umbrella,both,TRUE,TRUE,103,101,2,NA,umbrella | MSigDB REACTOME_APOPTOSIS (CP:REACTOME) | both,NA
APOP_REGULATION_REACTOME,MSIGDB,msigdb,Apoptosis,apoptosis: execution,both,TRUE,TRUE,24,24,0,NA,execution | MSigDB REACTOME_REGULATION_OF_APOPTOSIS (CP:REACTOME) | both,NA
APOP_SMAC_XIAP_REACTOME,MSIGDB,msigdb,Apoptosis,apoptosis: intrinsic_mito,gsva,FALSE,TRUE,8,7,1,NA,intrinsic_mito | MSigDB REACTOME_SMAC_XIAP_REGULATED_APOPTOTIC_RESPONSE (CP:REACTOME) | gsva,NA
APOP_WP,MSIGDB,msigdb,Apoptosis,apoptosis: umbrella,both,TRUE,TRUE,67,67,1,NA,umbrella | MSigDB WP_APOPTOSIS (CP:WIKIPATHWAYS) | both,NA
CORE_MITO_AND_CDC_PRODEATH_APOPTOSIS,INTERSECTION,intersection,Biogenesis_apoptosis_intersections,biogenesis x apoptosis,gsva,FALSE,TRUE,10,10,0,NA,CORE_MITO (300) n CDC_PRODEATH_APOPTOSIS (473) = 10 | gsva,NA
CORE_MITO_AND_CDC_PROSURVIVAL_APOPTOSIS,INTERSECTION,intersection,Biogenesis_apoptosis_intersections,biogenesis x apoptosis,both,TRUE,TRUE,16,16,0,NA,CORE_MITO (300) n CDC_PROSURVIVAL_APOPTOSIS (543) = 16 | both,NA
CORE_MITO_AND_MITOCARTA_APOPTOSIS_PRO,INTERSECTION,intersection,Biogenesis_apoptosis_intersections,biogenesis x apoptosis,gsva,FALSE,TRUE,5,4,1,NA,CORE_MITO (300) n MITOCARTA_APOPTOSIS_PRO (25) = 5 | gsva,NA
CORE_MITO_AND_TANG_APOPTOSIS,INTERSECTION,intersection,Biogenesis_apoptosis_intersections,biogenesis x apoptosis,both,TRUE,TRUE,20,20,0,NA,CORE_MITO (300) n TANG_APOPTOSIS (603) = 20 | both,NA
CORE_MITO_AND_TANG_AUTOPHAGY_DEPENDENT_CELL_DEATH,INTERSECTION,intersection,Biogenesis_apoptosis_intersections,biogenesis x mito-death,both,TRUE,TRUE,18,18,0,NA,CORE_MITO (300) n TANG_AUTOPHAGY_DEPENDENT_CELL_DEATH (841) = 18 | both,NA
CORE_MITO_AND_TANG_FERROPTOSIS,INTERSECTION,intersection,Biogenesis_apoptosis_intersections,biogenesis x mito-death,gsva,FALSE,TRUE,14,14,0,NA,CORE_MITO (300) n TANG_FERROPTOSIS (468) = 14 | gsva,NA
DEVELOPMENTAL_MITO_AND_CDC_PROSURVIVAL_APOPTOSIS,INTERSECTION,intersection,Biogenesis_apoptosis_intersections,biogenesis x apoptosis,gsva,FALSE,TRUE,5,5,0,NA,DEVELOPMENTAL_MITO (93) n CDC_PROSURVIVAL_APOPTOSIS (543) = 5 | gsva,NA
DEVELOPMENTAL_MITO_AND_TANG_APOPTOSIS,INTERSECTION,intersection,Biogenesis_apoptosis_intersections,biogenesis x apoptosis,gsva,FALSE,TRUE,7,7,0,NA,DEVELOPMENTAL_MITO (93) n TANG_APOPTOSIS (603) = 7 | gsva,NA
DEVELOPMENTAL_MITO_AND_TANG_FERROPTOSIS,INTERSECTION,intersection,Biogenesis_apoptosis_intersections,biogenesis x mito-death,gsva,FALSE,TRUE,5,5,0,NA,DEVELOPMENTAL_MITO (93) n TANG_FERROPTOSIS (468) = 5 | gsva,NA
MITO_NU_AND_HALLMARK_APOPTOSIS,INTERSECTION,intersection,Biogenesis_apoptosis_intersections,biogenesis x apoptosis,both,TRUE,TRUE,25,23,2,NA,MITOCARTA_NUCLEAR_ENCODED (1127) n HALLMARK_APOPTOSIS (160) = 25 | both,"MITO_NU = whole nuclear MitoCarta universe; mito-apoptosis reference layer, not biogenesis-discriminating per se."
MITO_NU_AND_TANG_APOPTOSIS,INTERSECTION,intersection,Biogenesis_apoptosis_intersections,biogenesis x apoptosis,both,TRUE,TRUE,68,68,0,NA,MITOCARTA_NUCLEAR_ENCODED (1127) n TANG_APOPTOSIS (603) = 68 | both,"MITO_NU = whole nuclear MitoCarta universe; mito-apoptosis reference layer, not biogenesis-discriminating per se."
MITO_NU_AND_TANG_AUTOPHAGY_DEPENDENT_CELL_DEATH,INTERSECTION,intersection,Biogenesis_apoptosis_intersections,biogenesis x mito-death,both,TRUE,TRUE,59,59,0,NA,MITOCARTA_NUCLEAR_ENCODED (1127) n TANG_AUTOPHAGY_DEPENDENT_CELL_DEATH (841) = 59 | both,"MITO_NU = whole nuclear MitoCarta universe; mito-apoptosis reference layer, not biogenesis-discriminating per se."
MITO_NU_AND_TANG_FERROPTOSIS,INTERSECTION,intersection,Biogenesis_apoptosis_intersections,biogenesis x mito-death,both,TRUE,TRUE,49,48,0,NA,MITOCARTA_NUCLEAR_ENCODED (1127) n TANG_FERROPTOSIS (468) = 49 | both,"MITO_NU = whole nuclear MitoCarta universe; mito-apoptosis reference layer, not biogenesis-discriminating per se."
MITO_NU_AND_TANG_MPT_DRIVEN_NECROSIS,INTERSECTION,intersection,Biogenesis_apoptosis_intersections,biogenesis x mito-death,both,TRUE,TRUE,18,18,0,NA,MITOCARTA_NUCLEAR_ENCODED (1127) n TANG_MPT_DRIVEN_NECROSIS (28) = 18 | both,"MITO_NU = whole nuclear MitoCarta universe; mito-apoptosis reference layer, not biogenesis-discriminating per se."
MYC_MITO_AND_CDC_PRODEATH_APOPTOSIS,INTERSECTION,intersection,Biogenesis_apoptosis_intersections,biogenesis x apoptosis,gsva,FALSE,TRUE,10,10,0,NA,MYC_MITO (119) n CDC_PRODEATH_APOPTOSIS (473) = 10 | gsva,Small overlap: MYC mito-biogenesis program weakly intersects curated death machinery; retained as GSVA-only set.
MYC_MITO_AND_CDC_PROSURVIVAL_APOPTOSIS,INTERSECTION,intersection,Biogenesis_apoptosis_intersections,biogenesis x apoptosis,gsva,FALSE,TRUE,10,10,0,NA,MYC_MITO (119) n CDC_PROSURVIVAL_APOPTOSIS (543) = 10 | gsva,Small overlap: MYC mito-biogenesis program weakly intersects curated death machinery; retained as GSVA-only set.
MYC_MITO_AND_HALLMARK_APOPTOSIS,INTERSECTION,intersection,Biogenesis_apoptosis_intersections,biogenesis x apoptosis,gsva,FALSE,TRUE,7,7,0,NA,MYC_MITO (119) n HALLMARK_APOPTOSIS (160) = 7 | gsva,Small overlap: MYC mito-biogenesis program weakly intersects curated death machinery; retained as GSVA-only set.
MYC_MITO_AND_MITOCARTA_APOPTOSIS_PRO,INTERSECTION,intersection,Biogenesis_apoptosis_intersections,biogenesis x apoptosis,gsva,FALSE,TRUE,7,7,0,NA,MYC_MITO (119) n MITOCARTA_APOPTOSIS_PRO (25) = 7 | gsva,Small overlap: MYC mito-biogenesis program weakly intersects curated death machinery; retained as GSVA-only set.
MYC_MITO_AND_TANG_APOPTOSIS,INTERSECTION,intersection,Biogenesis_apoptosis_intersections,biogenesis x apoptosis,gsva,FALSE,TRUE,14,14,0,NA,MYC_MITO (119) n TANG_APOPTOSIS (603) = 14 | gsva,Small overlap: MYC mito-biogenesis program weakly intersects curated death machinery; retained as GSVA-only set.
MYC_MITO_AND_TANG_AUTOPHAGY_DEPENDENT_CELL_DEATH,INTERSECTION,intersection,Biogenesis_apoptosis_intersections,biogenesis x mito-death,gsva,FALSE,TRUE,8,8,0,NA,MYC_MITO (119) n TANG_AUTOPHAGY_DEPENDENT_CELL_DEATH (841) = 8 | gsva,Small overlap: MYC mito-biogenesis program weakly intersects curated death machinery; retained as GSVA-only set.
MYC_MITO_AND_TANG_FERROPTOSIS,INTERSECTION,intersection,Biogenesis_apoptosis_intersections,biogenesis x mito-death,gsva,FALSE,TRUE,7,7,0,NA,MYC_MITO (119) n TANG_FERROPTOSIS (468) = 7 | gsva,Small overlap: MYC mito-biogenesis program weakly intersects curated death machinery; retained as GSVA-only set.
MYC_SPECIFIC_MITO_AND_CDC_PRODEATH_APOPTOSIS,INTERSECTION,intersection,Biogenesis_apoptosis_intersections,biogenesis x apoptosis,gsva,FALSE,TRUE,7,7,0,NA,MYC_SPECIFIC_MITO (72) n CDC_PRODEATH_APOPTOSIS (473) = 7 | gsva,Small overlap: MYC mito-biogenesis program weakly intersects curated death machinery; retained as GSVA-only set.
MYC_SPECIFIC_MITO_AND_CDC_PROSURVIVAL_APOPTOSIS,INTERSECTION,intersection,Biogenesis_apoptosis_intersections,biogenesis x apoptosis,gsva,FALSE,TRUE,5,5,0,NA,MYC_SPECIFIC_MITO (72) n CDC_PROSURVIVAL_APOPTOSIS (543) = 5 | gsva,Small overlap: MYC mito-biogenesis program weakly intersects curated death machinery; retained as GSVA-only set.
MYC_SPECIFIC_MITO_AND_HALLMARK_APOPTOSIS,INTERSECTION,intersection,Biogenesis_apoptosis_intersections,biogenesis x apoptosis,gsva,FALSE,TRUE,6,6,0,NA,MYC_SPECIFIC_MITO (72) n HALLMARK_APOPTOSIS (160) = 6 | gsva,Small overlap: MYC mito-biogenesis program weakly intersects curated death machinery; retained as GSVA-only set.
MYC_SPECIFIC_MITO_AND_MITOCARTA_APOPTOSIS_PRO,INTERSECTION,intersection,Biogenesis_apoptosis_intersections,biogenesis x apoptosis,gsva,FALSE,TRUE,6,6,0,NA,MYC_SPECIFIC_MITO (72) n MITOCARTA_APOPTOSIS_PRO (25) = 6 | gsva,Small overlap: MYC mito-biogenesis program weakly intersects curated death machinery; retained as GSVA-only set.
MYC_SPECIFIC_MITO_AND_TANG_APOPTOSIS,INTERSECTION,intersection,Biogenesis_apoptosis_intersections,biogenesis x apoptosis,gsva,FALSE,TRUE,8,8,0,NA,MYC_SPECIFIC_MITO (72) n TANG_APOPTOSIS (603) = 8 | gsva,Small overlap: MYC mito-biogenesis program weakly intersects curated death machinery; retained as GSVA-only set.
TANG_ALKALIPTOSIS,Tang et al. 2024 (doi:10.1016/j.csbj.2024.08.012) cell death modalities,primary,Apoptosis,Alkaliptosis,both,TRUE,TRUE,15,16,0,NA,Tang et al. 2024 (doi:10.1016/j.csbj.2024.08.012) cell death modalities | Alkaliptosis | both,Original CSVs hold human symbols (contra snapshot README); mapped to mouse via 03_ortholog_utilities::human_to_mouse
TANG_APOPTOSIS,Tang et al. 2024 (doi:10.1016/j.csbj.2024.08.012) cell death modalities,primary,Apoptosis,Apoptosis,gsva,FALSE,TRUE,603,584,0,NA,Tang et al. 2024 (doi:10.1016/j.csbj.2024.08.012) cell death modalities | Apoptosis | gsva,Original CSVs hold human symbols (contra snapshot README); mapped to mouse via 03_ortholog_utilities::human_to_mouse
TANG_AUTOPHAGY_DEPENDENT_CELL_DEATH,Tang et al. 2024 (doi:10.1016/j.csbj.2024.08.012) cell death modalities,primary,Apoptosis,Autophagy Dependent Cell Death,gsva,FALSE,TRUE,841,841,0,NA,Tang et al. 2024 (doi:10.1016/j.csbj.2024.08.012) cell death modalities | Autophagy Dependent Cell Death | gsva,Original CSVs hold human symbols (contra snapshot README); mapped to mouse via 03_ortholog_utilities::human_to_mouse
TANG_CUPROPTOSIS,Tang et al. 2024 (doi:10.1016/j.csbj.2024.08.012) cell death modalities,primary,Apoptosis,Cuproptosis,both,TRUE,TRUE,25,25,0,NA,Tang et al. 2024 (doi:10.1016/j.csbj.2024.08.012) cell death modalities | Cuproptosis | both,Original CSVs hold human symbols (contra snapshot README); mapped to mouse via 03_ortholog_utilities::human_to_mouse
TANG_DISULFIDPTOSIS,Tang et al. 2024 (doi:10.1016/j.csbj.2024.08.012) cell death modalities,primary,Apoptosis,Disulfidptosis,both,TRUE,TRUE,15,15,0,NA,Tang et al. 2024 (doi:10.1016/j.csbj.2024.08.012) cell death modalities | Disulfidptosis | both,Original CSVs hold human symbols (contra snapshot README); mapped to mouse via 03_ortholog_utilities::human_to_mouse
TANG_ENTOTIC_CELL_DEATH,Tang et al. 2024 (doi:10.1016/j.csbj.2024.08.012) cell death modalities,primary,Apoptosis,Entotic Cell Death,both,TRUE,TRUE,17,17,0,NA,Tang et al. 2024 (doi:10.1016/j.csbj.2024.08.012) cell death modalities | Entotic Cell Death | both,Original CSVs hold human symbols (contra snapshot README); mapped to mouse via 03_ortholog_utilities::human_to_mouse
TANG_FERROPTOSIS,Tang et al. 2024 (doi:10.1016/j.csbj.2024.08.012) cell death modalities,primary,Apoptosis,Ferroptosis,both,TRUE,TRUE,468,457,0,NA,Tang et al. 2024 (doi:10.1016/j.csbj.2024.08.012) cell death modalities | Ferroptosis | both,Original CSVs hold human symbols (contra snapshot README); mapped to mouse via 03_ortholog_utilities::human_to_mouse
TANG_IMMUNOGENIC_CELL_DEATH,Tang et al. 2024 (doi:10.1016/j.csbj.2024.08.012) cell death modalities,primary,Apoptosis,Immunogenic Cell Death,both,TRUE,TRUE,19,20,0,NA,Tang et al. 2024 (doi:10.1016/j.csbj.2024.08.012) cell death modalities | Immunogenic Cell Death | both,Original CSVs hold human symbols (contra snapshot README); mapped to mouse via 03_ortholog_utilities::human_to_mouse
TANG_LYSOSOME_DEPENDENT_CELL_DEATH,Tang et al. 2024 (doi:10.1016/j.csbj.2024.08.012) cell death modalities,primary,Apoptosis,Lysosome Dependent Cell Death,both,TRUE,TRUE,39,30,0,NA,Tang et al. 2024 (doi:10.1016/j.csbj.2024.08.012) cell death modalities | Lysosome Dependent Cell Death | both,Original CSVs hold human symbols (contra snapshot README); mapped to mouse via 03_ortholog_utilities::human_to_mouse
TANG_MPT_DRIVEN_NECROSIS,Tang et al. 2024 (doi:10.1016/j.csbj.2024.08.012) cell death modalities,primary,Apoptosis,Mpt Driven Necrosis,both,TRUE,TRUE,28,28,0,NA,Tang et al. 2024 (doi:10.1016/j.csbj.2024.08.012) cell death modalities | Mpt Driven Necrosis | both,Original CSVs hold human symbols (contra snapshot README); mapped to mouse via 03_ortholog_utilities::human_to_mouse
TANG_NECROPTOSIS,Tang et al. 2024 (doi:10.1016/j.csbj.2024.08.012) cell death modalities,primary,Apoptosis,Necroptosis,both,TRUE,TRUE,78,82,0,NA,Tang et al. 2024 (doi:10.1016/j.csbj.2024.08.012) cell death modalities | Necroptosis | both,Original CSVs hold human symbols (contra snapshot README); mapped to mouse via 03_ortholog_utilities::human_to_mouse
TANG_NETOTIC_CELL_DEATH,Tang et al. 2024 (doi:10.1016/j.csbj.2024.08.012) cell death modalities,primary,Apoptosis,Netotic Cell Death,gsva,FALSE,TRUE,8,8,0,NA,Tang et al. 2024 (doi:10.1016/j.csbj.2024.08.012) cell death modalities | Netotic Cell Death | gsva,Original CSVs hold human symbols (contra snapshot README); mapped to mouse via 03_ortholog_utilities::human_to_mouse
TANG_OXEIPTOSIS,Tang et al. 2024 (doi:10.1016/j.csbj.2024.08.012) cell death modalities,primary,Apoptosis,Oxeiptosis,gsva,FALSE,TRUE,10,10,0,NA,Tang et al. 2024 (doi:10.1016/j.csbj.2024.08.012) cell death modalities | Oxeiptosis | gsva,Original CSVs hold human symbols (contra snapshot README); mapped to mouse via 03_ortholog_utilities::human_to_mouse
TANG_PARTHANATOS,Tang et al. 2024 (doi:10.1016/j.csbj.2024.08.012) cell death modalities,primary,Apoptosis,Parthanatos,gsva,FALSE,TRUE,10,10,0,NA,Tang et al. 2024 (doi:10.1016/j.csbj.2024.08.012) cell death modalities | Parthanatos | gsva,Original CSVs hold human symbols (contra snapshot README); mapped to mouse via 03_ortholog_utilities::human_to_mouse
TANG_PYROPTOSIS,Tang et al. 2024 (doi:10.1016/j.csbj.2024.08.012) cell death modalities,primary,Apoptosis,Pyroptosis,both,TRUE,TRUE,59,49,0,NA,Tang et al. 2024 (doi:10.1016/j.csbj.2024.08.012) cell death modalities | Pyroptosis | both,Original CSVs hold human symbols (contra snapshot README); mapped to mouse via 03_ortholog_utilities::human_to_mouse
CDC_PRODEATH_APOPTOSIS,cell_death_genes_consolidated.rds (myc_mouse snapshot),primary,Apoptosis,Consolidated apoptosis,both,TRUE,TRUE,473,460,16,NA,cell_death_genes_consolidated.rds (myc_mouse snapshot) | Consolidated apoptosis | both,Pre-mapped via MyGene.info + HomoloGene (~93% in source); not re-routed through human_to_mouse(). is_core flag dropped from stratification (only 57 core genes total).
CDC_PRODEATH_APOPTOSIS_MITO,cell_death_genes_consolidated.rds (myc_mouse snapshot),primary,Apoptosis,Consolidated apoptosis,both,TRUE,TRUE,39,38,1,NA,cell_death_genes_consolidated.rds (myc_mouse snapshot) | Consolidated apoptosis | both,Pre-mapped via MyGene.info + HomoloGene (~93% in source); not re-routed through human_to_mouse(). is_core flag dropped from stratification (only 57 core genes total).
CDC_PRODEATH_CICD,cell_death_genes_consolidated.rds (myc_mouse snapshot),primary,Apoptosis,CICD,gsva,FALSE,TRUE,13,13,0,NA,cell_death_genes_consolidated.rds (myc_mouse snapshot) | CICD | gsva,Pre-mapped via MyGene.info + HomoloGene (~93% in source); not re-routed through human_to_mouse(). is_core flag dropped from stratification (only 57 core genes total).
CDC_PRODEATH_CICD_MITO,cell_death_genes_consolidated.rds (myc_mouse snapshot),primary,Apoptosis,CICD,gsva,FALSE,TRUE,5,5,0,NA,cell_death_genes_consolidated.rds (myc_mouse snapshot) | CICD | gsva,Pre-mapped via MyGene.info + HomoloGene (~93% in source); not re-routed through human_to_mouse(). is_core flag dropped from stratification (only 57 core genes total).
CDC_PROSURVIVAL_APOPTOSIS,cell_death_genes_consolidated.rds (myc_mouse snapshot),primary,Apoptosis,Consolidated apoptosis,gsva,FALSE,TRUE,543,542,23,NA,cell_death_genes_consolidated.rds (myc_mouse snapshot) | Consolidated apoptosis | gsva,Pre-mapped via MyGene.info + HomoloGene (~93% in source); not re-routed through human_to_mouse(). is_core flag dropped from stratification (only 57 core genes total).
CDC_PROSURVIVAL_APOPTOSIS_MITO,cell_death_genes_consolidated.rds (myc_mouse snapshot),primary,Apoptosis,Consolidated apoptosis,both,TRUE,TRUE,41,41,1,NA,cell_death_genes_consolidated.rds (myc_mouse snapshot) | Consolidated apoptosis | both,Pre-mapped via MyGene.info + HomoloGene (~93% in source); not re-routed through human_to_mouse(). is_core flag dropped from stratification (only 57 core genes total).
